id,organizationId,cantidad,nombrePropiedad,nombreOriginal,descripcionCorta,descripcionDetallada,marca,modelo,serie,serieOriginal,observaciones,imagenUrl,imagenPlacaUrl,fechaAdquisicion,costoAdquisicion,cuentaContable,vidaUtil,createdAt,updatedAt
9680aa90-f6f8-4efd-8261-1d88df9f29a3,4ab96c3b-a507-45bb-90d4-0cbea9ffdeb8,1,MONITORES DE OIDO BEHRINGER P2,MONITORES DE OIDO BEHRINGER P2,,,,,,,,,,2022-06-30T06:00:00.000Z,6411.54,Equipo de Audio e Instrumentos,10,2026-03-12T20:40:35.211Z,2026-03-12T20:40:35.211Z
c54be796-6e90-4ca0-8152-1d3bdb783067,4ab96c3b-a507-45bb-90d4-0cbea9ffdeb8,1,BOCINAS 2EAW (EASTERN ACOUSTIC WORKS),BOCINAS 2EAW (EASTERN ACOUSTIC WORKS),Monitor de Audio o Bocina Amplificada,"Bocina negra con rejilla metálica hexagonal, marca EAW, diseño rectangular, estado aparentemente nuevo",EAW EASTERN ACOUSTIC WORKS,RS123,207029990AKPD0138,"Bocina 1 Serie No. 207029990AKQQ0055 REV A00
Bocina 2 Serie No. 207029990AKQQ0056  REV A00
Bocina 3 Serie No. 207029990AKPD0070 REV 105
Bocina 4 Serie No. 207029990AKPD0138 REV 105",,https://pub-e9f7db97630d40fe816c341284149436.r2.dev/inventario/1773345567000-uden7f.jpg,https://pub-e9f7db97630d40fe816c341284149436.r2.dev/inventario/1773346137905-3leqqg.jpg,2025-01-30T06:00:00.000Z,152000,Equipo de Audio e Instrumentos,5,2026-03-12T20:07:20.091Z,2026-03-12T20:09:02.044Z
821030d4-49e6-499d-86a9-87c037305467,4ab96c3b-a507-45bb-90d4-0cbea9ffdeb8,1,BOCINAS 2EAW (EASTERN ACOUSTIC WORKS),BOCINAS 2EAW (EASTERN ACOUSTIC WORKS),Bocina monitor de escenario EAW,"Monitor de piso profesional EAW, rejilla metálica negra, carcasa trapezoidal, para retorno de audio en escenario",EAW EASTERN ACOUSTIC WORKS,RS123,207029990AKPD0070,"Bocina 1 Serie No. 207029990AKQQ0055 REV A00
Bocina 2 Serie No. 207029990AKQQ0056  REV A00
Bocina 3 Serie No. 207029990AKPD0070 REV 105
Bocina 4 Serie No. 207029990AKPD0138 REV 105",,https://pub-e9f7db97630d40fe816c341284149436.r2.dev/inventario/1773345751601-7f3lmq.jpg,https://pub-e9f7db97630d40fe816c341284149436.r2.dev/inventario/1773345818257-y97dqx.jpg,2025-01-30T06:00:00.000Z,152000,Equipo de Audio e Instrumentos,5,2026-03-12T19:59:07.846Z,2026-03-12T20:05:05.511Z
c86f03b9-b52c-4c97-8d77-532558f989cf,4ab96c3b-a507-45bb-90d4-0cbea9ffdeb8,1,BOCINAS 2EAW (EASTERN ACOUSTIC WORKS),BOCINAS 2EAW (EASTERN ACOUSTIC WORKS),Monitor de Piso EAW,"Monitor de escenario EAW color negro con rejilla metálica hexagonal, carcasa rectangular tipo cuña, buen estado",EAW EASTERN ACOUSTIC WORKS,RS123,207029990AKQQ0055,"Bocina 1 Serie No. 207029990AKQQ0055 REV A00
Bocina 2 Serie No. 207029990AKQQ0056  REV A00
Bocina 3 Serie No. 207029990AKPD0070 REV 105
Bocina 4 Serie No. 207029990AKPD0138 REV 105",,https://pub-e9f7db97630d40fe816c341284149436.r2.dev/inventario/1773344732504-x8xqzc.jpg,https://pub-e9f7db97630d40fe816c341284149436.r2.dev/inventario/1773345349561-xpqqxd.jpg,2025-01-30T06:00:00.000Z,152000,Equipo de Audio e Instrumentos,5,2026-03-12T19:45:13.271Z,2026-03-12T19:58:58.651Z
8ec1650f-df1b-491a-a58f-38928e9d033c,4ab96c3b-a507-45bb-90d4-0cbea9ffdeb8,1,BAJOS 2X18 ACTIVOS DB TECNOLOGIES,BAJOS 2X18 ACTIVOS DB TECNOLOGIES,Subwoofer amplificado dB Technologies SM30,"Subwoofer activo dB Technologies SUB 18, color negro, acabado texturizado, buen estado general, para refuerzo de graves.",dB Technologies ,dB Technologies SM30,L466005488,,,https://pub-e9f7db97630d40fe816c341284149436.r2.dev/inventario/1773340401388-tnfkql.jpg,https://pub-e9f7db97630d40fe816c341284149436.r2.dev/inventario/1773339929667-2p57ug.jpg,2019-05-31T06:00:00.000Z,177000,Equipo de Audio e Instrumentos,10,2026-03-12T18:23:10.480Z,2026-03-12T19:39:56.048Z
642b5cd2-212e-417c-acca-047ecf0c879c,4ab96c3b-a507-45bb-90d4-0cbea9ffdeb8,1,REMODELACION,REMODELACION,,,,,,,,,,2015-04-30T06:00:00.000Z,36458.9,Mejoras a Edificios,10,2026-03-10T04:27:17.298Z,2026-03-11T18:58:00.573Z
ede57fd0-3ab0-42af-9305-cd1f003459bd,4ab96c3b-a507-45bb-90d4-0cbea9ffdeb8,1,REMODELACION,REMODELACION,,,,,,,,,,2014-12-31T06:00:00.000Z,79361.42,Mejoras a Edificios,10,2026-03-10T04:27:17.298Z,2026-03-11T18:58:00.327Z
7800a09b-f21f-4e39-9826-7a6fd9512c61,4ab96c3b-a507-45bb-90d4-0cbea9ffdeb8,2,PUERTAS DE VIDRIO ABATIBLES,PUERTAS DE VIDRIO ABATIBLES,,,,,,,,,,2015-01-31T06:00:00.000Z,7000,Mejoras a Edificios,10,2026-03-10T04:27:17.298Z,2026-03-11T18:58:00.081Z
56a7f40c-7d36-4296-b60d-6d94d4a6ddf1,4ab96c3b-a507-45bb-90d4-0cbea9ffdeb8,1,MATERIALES PARA ESTRUCTURA METALICA CONDENSADOR TECH CENTER,MATERIALES PARA ESTRUCTURA METALICA CONDENSADOR TECH CENTER,,,,,,,,,,2024-03-14T06:00:00.000Z,130464.45,Mejoras a Edificios,10,2026-03-10T04:27:17.298Z,2026-03-11T18:57:59.833Z
d8cd2ba4-8481-4255-8082-a71018ce9eef,4ab96c3b-a507-45bb-90d4-0cbea9ffdeb8,1,MATERIALES E INSTALACION DE LAMINAS DE ALUZINC Y AISLANTE EN SALON PRINCIPAL,MATERIALES E INSTALACION DE LAMINAS DE ALUZINC Y AISLANTE EN SALON PRINCIPAL,,,,,,,,,,2019-06-30T06:00:00.000Z,379467.87,Mejoras a Edificios,30,2026-03-10T04:27:17.298Z,2026-03-11T18:57:59.586Z
0ab471a2-1eb4-4770-8e44-be08fe586944,4ab96c3b-a507-45bb-90d4-0cbea9ffdeb8,1,MANTENIMIENTO UPS PARA ENERGIA SOLAR,MANTENIMIENTO UPS PARA ENERGIA SOLAR,,,,,,,,,,2024-01-27T06:00:00.000Z,5500,Mejoras a Edificios,10,2026-03-10T04:27:17.298Z,2026-03-11T18:57:59.341Z
92708da5-7460-4009-b1bc-8928ba5b565d,4ab96c3b-a507-45bb-90d4-0cbea9ffdeb8,1,MANTENIMIENTO DE ILUMINACION DE PARQUEO,MANTENIMIENTO DE ILUMINACION DE PARQUEO,,,,,,,,,,2024-01-25T06:00:00.000Z,18912.79,Mejoras a Edificios,10,2026-03-10T04:27:17.298Z,2026-03-11T18:57:59.096Z
8a435723-6330-42ee-a935-7df958a4c068,4ab96c3b-a507-45bb-90d4-0cbea9ffdeb8,1,MANO DE OBRA REPAR TECHO TEMPLO,MANO DE OBRA REPAR TECHO TEMPLO,,,,,,,,,,2024-03-22T06:00:00.000Z,15000,Mejoras a Edificios,10,2026-03-10T04:27:17.298Z,2026-03-11T18:57:58.851Z
e8d8c561-a3d9-472a-8d6f-f14b7cfda52f,4ab96c3b-a507-45bb-90d4-0cbea9ffdeb8,1,MANO DE OBRA POR INSTALACIÓN DE LAMINAS DE CLANEO SMART PARA ESCENARIO,MANO DE OBRA POR INSTALACIÓN DE LAMINAS DE CLANEO SMART PARA ESCENARIO,,,,,,,,,,2024-09-20T06:00:00.000Z,23901,Mejoras a Edificios,10,2026-03-10T04:27:17.298Z,2026-03-11T18:57:58.606Z
2ee51b48-ba62-4fb4-a288-3f990eb068fe,4ab96c3b-a507-45bb-90d4-0cbea9ffdeb8,1,MANO DE OBRA PONER TABLA YESO VANTANAS TEMPLO,MANO DE OBRA PONER TABLA YESO VANTANAS TEMPLO,,,,,,,,,,2024-03-27T06:00:00.000Z,19219.75,Mejoras a Edificios,10,2026-03-10T04:27:17.298Z,2026-03-11T18:57:58.361Z
15c56d05-30fe-4c35-84b5-90f1e769cfdd,4ab96c3b-a507-45bb-90d4-0cbea9ffdeb8,32,LAMINAS DE CLANEO SMART PARA ESCENARIO,LAMINAS DE CLANEO SMART PARA ESCENARIO,,,,,,,,,,2024-09-12T06:00:00.000Z,200430.06,Mejoras a Edificios,10,2026-03-10T04:27:17.298Z,2026-03-11T18:57:58.116Z
1e0e545e-8b70-42db-9740-7fad7a535fa3,4ab96c3b-a507-45bb-90d4-0cbea9ffdeb8,10,LAMINAS DE CLANEO SMART PARA ESCENARIO,LAMINAS DE CLANEO SMART PARA ESCENARIO,,,,,,,,,,2024-04-16T06:00:00.000Z,62051.13,Mejoras a Edificios,10,2026-03-10T04:27:17.298Z,2026-03-11T18:57:57.871Z
6ed02882-ed12-4863-a358-84d42cefc9ed,4ab96c3b-a507-45bb-90d4-0cbea9ffdeb8,1,LAMINA DE CLANEO SMART PARA ESCENARIO,LAMINA DE CLANEO SMART PARA ESCENARIO,,,,,,,,,,2024-09-26T06:00:00.000Z,6206.17,Mejoras a Edificios,10,2026-03-10T04:27:17.298Z,2026-03-11T18:57:57.626Z
38823670-2e9f-4d31-bc13-c223b28abe5c,4ab96c3b-a507-45bb-90d4-0cbea9ffdeb8,1,INSTALACION DE 6 SUPRESORES DE PICO SQD,INSTALACION DE 6 SUPRESORES DE PICO SQD,,,,,,,,,,2024-05-18T06:00:00.000Z,44150,Mejoras a Edificios,10,2026-03-10T04:27:17.298Z,2026-03-11T18:57:57.381Z
552a6515-d8dd-4ede-b91b-60980434c63c,4ab96c3b-a507-45bb-90d4-0cbea9ffdeb8,1,ELABORACION DE ESRTUCTURA METALICA PARA CONDENSADORES,ELABORACION DE ESRTUCTURA METALICA PARA CONDENSADORES,,,,,,,,,,2024-02-14T06:00:00.000Z,43478.27,Mejoras a Edificios,10,2026-03-10T04:27:17.298Z,2026-03-11T18:57:57.135Z
bce436a7-d0ae-4657-8427-854bee7f8f73,4ab96c3b-a507-45bb-90d4-0cbea9ffdeb8,1,CONSTRUCCION DE SANITARIOS,CONSTRUCCION DE SANITARIOS,,,,,,,,,,2017-12-31T06:00:00.000Z,145566.37,Mejoras a Edificios,30,2026-03-10T04:27:17.298Z,2026-03-11T18:57:56.878Z
69e246c6-2702-4490-9903-421c0af9bbf8,4ab96c3b-a507-45bb-90d4-0cbea9ffdeb8,1,CONSTRUCCION DE HIERRO Y CEMENTO,CONSTRUCCION DE HIERRO Y CEMENTO,,,,,,,,,,2008-12-31T06:00:00.000Z,241945.5,Mejoras a Edificios,20,2026-03-10T04:27:17.298Z,2026-03-11T18:57:56.631Z
19800691-bc41-4887-a8b3-48ce376e6b2e,4ab96c3b-a507-45bb-90d4-0cbea9ffdeb8,1,CONSTRUCCION CAFETERIA,CONSTRUCCION CAFETERIA,,,,,,,,,,2017-12-31T06:00:00.000Z,729488.15,Mejoras a Edificios,30,2026-03-10T04:27:17.298Z,2026-03-11T18:57:56.386Z
fbb7457c-7a23-48d9-8b32-f6f26d741d40,4ab96c3b-a507-45bb-90d4-0cbea9ffdeb8,1,COMPRA DE MATERIALES Y MANO DE OBRA REPARACION DE TECHO DEL TEMPLO,COMPRA DE MATERIALES Y MANO DE OBRA REPARACION DE TECHO DEL TEMPLO,,,,,,,,,,2024-01-23T06:00:00.000Z,25000,Mejoras a Edificios,10,2026-03-10T04:27:17.298Z,2026-03-11T18:57:56.141Z
11eb66ea-1ae5-482f-b828-d87404ef56bb,4ab96c3b-a507-45bb-90d4-0cbea9ffdeb8,1,CANAL DE AGUAS LLUVIAS,CANAL DE AGUAS LLUVIAS,,,,,,,,,,2010-05-31T06:00:00.000Z,28601,Mejoras a Edificios,20,2026-03-10T04:27:17.298Z,2026-03-11T18:57:55.897Z
6968a25e-76d4-4b7d-9550-b15d64d3114a,4ab96c3b-a507-45bb-90d4-0cbea9ffdeb8,1,CAMBIO DE LAMINAS DE ALUZINC Y SISTEMA ELECTRICO A AULA DE ESC BIBLICA PLANTA ALTA,CAMBIO DE LAMINAS DE ALUZINC Y SISTEMA ELECTRICO A AULA DE ESC BIBLICA PLANTA ALTA,,,,,,,,,,2019-06-30T06:00:00.000Z,386701.96,Mejoras a Edificios,30,2026-03-10T04:27:17.298Z,2026-03-11T18:57:55.651Z
473e726d-4373-4f7a-8aba-42f569d5f2b7,4ab96c3b-a507-45bb-90d4-0cbea9ffdeb8,1,CLAMP FIJADOR DE TRANSMISOR AFVO,CLAMP FIJADOR DE TRANSMISOR AFVO,,,,,,,,,,2019-07-31T06:00:00.000Z,310.48,Equipo de Audio e Instrumentos,10,2026-03-10T04:27:17.298Z,2026-03-11T18:57:04.509Z
e638453a-a829-4588-946f-8b353a71de26,4ab96c3b-a507-45bb-90d4-0cbea9ffdeb8,1,"ELECTRONICA GEO, PEDESTAL Y PEDAL DE SOSTEN P/TECLADO","ELECTRONICA GEO, PEDESTAL Y PEDAL DE SOSTEN P/TECLADO",,,,,,,,,,2018-11-30T06:00:00.000Z,2340,Equipo de Audio e Instrumentos,10,2026-03-10T04:27:17.298Z,2026-03-11T18:57:09.215Z
552ccd60-f98d-402e-ba0a-a3c01755020f,4ab96c3b-a507-45bb-90d4-0cbea9ffdeb8,1,GAVINETE 9RU ABATIBLE CON VENTILADOR GENERICO PARA CONSOLA,GAVINETE 9RU ABATIBLE CON VENTILADOR GENERICO PARA CONSOLA,,,,,,,,,,2020-01-31T06:00:00.000Z,3277.5,Equipo de Audio e Instrumentos,10,2026-03-10T04:27:17.298Z,2026-03-11T18:57:10.195Z
4562cd8d-4c4a-4c53-a671-9c4a9d3fad39,4ab96c3b-a507-45bb-90d4-0cbea9ffdeb8,2,MICROFONO INALAMBRICO DE MANO,MICROFONO INALAMBRICO DE MANO,,,,,0054-ADX2/SM58 G55,0054-ADX2/SM58 G55,,,,2023-10-19T06:00:00.000Z,103218.48,Equipo de Audio e Instrumentos,10,2026-03-10T04:27:17.298Z,2026-03-11T18:57:17.062Z
9ebb5524-6d21-4434-be67-3ef670c3afdc,4ab96c3b-a507-45bb-90d4-0cbea9ffdeb8,2,MICROFONO INALAMBRICO SM58,MICROFONO INALAMBRICO SM58,,,,,"Modelo QLXD24/SM58-G50
Serie 2CF26927265","Modelo QLXD24/SM58-G50
Serie 2CF26927265",,,,2024-11-06T06:00:00.000Z,72716.8,Equipo de Audio e Instrumentos,10,2026-03-10T04:27:17.298Z,2026-03-11T18:57:17.814Z
017851eb-63e5-4451-8f44-bf7e3ed5a8ed,4ab96c3b-a507-45bb-90d4-0cbea9ffdeb8,1,MICROFONO SM58 PARA TROMBOM DE ALABANZA,MICROFONO SM58 PARA TROMBOM DE ALABANZA,,,,,,,,,,2021-07-31T06:00:00.000Z,3000,Equipo de Audio e Instrumentos,10,2026-03-10T04:27:17.298Z,2026-03-11T18:57:20.513Z
69926471-ea98-46de-bef8-c03dee807451,4ab96c3b-a507-45bb-90d4-0cbea9ffdeb8,3,MICROFONOS DINAMICO TIPO CORDOIDE SHURE Y,MICROFONOS DINAMICO TIPO CORDOIDE SHURE Y,,,,,,,,,,2022-11-30T06:00:00.000Z,31140.05,Equipo de Audio e Instrumentos,10,2026-03-10T04:27:17.298Z,2026-03-11T18:57:21.787Z
3b8c1bdd-05b6-4aa5-a8b6-3c4cacd0c4a3,4ab96c3b-a507-45bb-90d4-0cbea9ffdeb8,2,MICROFONOS SM57-LC Y 1 PEDAL PARA TECLADO YAMA,MICROFONOS SM57-LC Y 1 PEDAL PARA TECLADO YAMA,,,,,,,,,,2022-09-30T06:00:00.000Z,10000,Equipo de Audio e Instrumentos,10,2026-03-10T04:27:17.298Z,2026-03-11T18:57:23.987Z
4f9cff78-799b-4ca2-9ecd-0e1627d636bf,4ab96c3b-a507-45bb-90d4-0cbea9ffdeb8,1,MONITORES PARA ESTUDIO DE TRANSMISION,MONITORES PARA ESTUDIO DE TRANSMISION,,,,,,,,,,2021-10-31T06:00:00.000Z,22050.03,Equipo de Audio e Instrumentos,10,2026-03-10T04:27:17.298Z,2026-03-11T18:57:25.922Z
e92a4fb9-aaa1-4a90-a600-60206c68dee2,4ab96c3b-a507-45bb-90d4-0cbea9ffdeb8,2,PARLANTES AMPLIFICADOR CON BLUETOOTH JBL,PARLANTES AMPLIFICADOR CON BLUETOOTH JBL,,,,,0011-IRX108BT,0011-IRX108BT,,,,2024-04-04T06:00:00.000Z,16000,Equipo de Audio e Instrumentos,10,2026-03-10T04:27:17.298Z,2026-03-11T18:57:27.881Z
fcaf8a7f-3ee9-4818-8105-a1003914b05a,4ab96c3b-a507-45bb-90d4-0cbea9ffdeb8,1,PEDESTAL P/MICROFONO QUIKLOR,PEDESTAL P/MICROFONO QUIKLOR,,,,,,,,,,2025-11-04T06:00:00.000Z,2405,Equipo de Audio e Instrumentos,5,2026-03-10T04:27:17.298Z,2026-03-11T18:57:30.081Z
8ae54897-a757-484c-9c4a-c0c47801181e,4ab96c3b-a507-45bb-90d4-0cbea9ffdeb8,1,PROCESADOR,PROCESADOR,,,,,1946622.0,1946622.0,,,,,6500,Equipo de Audio e Instrumentos,10,2026-03-10T04:27:17.298Z,2026-03-11T18:57:34.002Z
6fc3ebb9-4bc0-4a3b-8ae0-d7a548042ae2,4ab96c3b-a507-45bb-90d4-0cbea9ffdeb8,1,"RECEPTOR INALAMBRICO SHURE AD4Q DE 4 CANALES, 2 MICROFONOS","RECEPTOR INALAMBRICO SHURE AD4Q DE 4 CANALES, 2 MICROFONOS",,,,,,,,,,2022-10-31T06:00:00.000Z,484781.35,Equipo de Audio e Instrumentos,10,2026-03-10T04:27:17.298Z,2026-03-11T18:57:35.473Z
ef2985e7-adbe-441d-94bf-28e708886c21,4ab96c3b-a507-45bb-90d4-0cbea9ffdeb8,1,TECLADO YAMAHA MODX8,TECLADO YAMAHA MODX8,,,,,,,,,,2019-07-31T06:00:00.000Z,48592.8,Equipo de Audio e Instrumentos,10,2026-03-10T04:27:17.298Z,2026-03-11T18:57:38.473Z
5dc78b61-2d52-41db-ac95-1e4f586e4c5d,4ab96c3b-a507-45bb-90d4-0cbea9ffdeb8,1,TRANSMISOR Y RECEPTOR ($699.00),TRANSMISOR Y RECEPTOR ($699.00),,,,,#23H23323ELK,#23H23323ELK,,,,2024-06-10T06:00:00.000Z,17297.17,Equipo de Audio e Instrumentos,10,2026-03-10T04:27:17.298Z,2026-03-11T18:57:39.458Z
f0017c28-5d01-4b0f-9424-1588cce98224,4ab96c3b-a507-45bb-90d4-0cbea9ffdeb8,1,VIOLIN ELECTRICO,VIOLIN ELECTRICO,,,,,18143.0,18143.0,,,,2016-05-31T06:00:00.000Z,17092.5,Equipo de Audio e Instrumentos,10,2026-03-10T04:27:17.298Z,2026-03-11T18:57:41.174Z
aee1ff4b-4287-4a2a-9918-d2737461599c,4ab96c3b-a507-45bb-90d4-0cbea9ffdeb8,16,AURICULARES WALKIES TALKIES 666S / 777S,AURICULARES WALKIES TALKIES 666S / 777S,,,,,con microfono de 2 pines,con microfono de 2 pines,,,,2025-03-05T06:00:00.000Z,5667.92,Equipos Diversos,5,2026-03-10T04:27:17.298Z,2026-03-11T18:57:42.160Z
9221dee7-19be-4036-b62b-df42204e99e4,4ab96c3b-a507-45bb-90d4-0cbea9ffdeb8,1,BIOMBO DE TRES PANELES | PARA DIVISION EN ENFERMERIA,BIOMBO DE TRES PANELES | PARA DIVISION EN ENFERMERIA,,,,,,,,,,2025-02-22T06:00:00.000Z,5640.52,Equipos Diversos,5,2026-03-10T04:27:17.298Z,2026-03-11T18:57:42.406Z
883b656f-bdc0-4595-9971-146fb9436cc6,4ab96c3b-a507-45bb-90d4-0cbea9ffdeb8,2,CAMARA DE SEGURIDAD DOMO IP DAHUA FULL COLOR,CAMARA DE SEGURIDAD DOMO IP DAHUA FULL COLOR,,,,,,,,,,2025-06-05T06:00:00.000Z,3680,Equipos Diversos,5,2026-03-10T04:27:17.298Z,2026-03-11T18:57:42.895Z
38f051e1-fce4-4248-a797-81616645911a,4ab96c3b-a507-45bb-90d4-0cbea9ffdeb8,1,CONSOLA DIGITAL SOUNCRAFF 20 CANALES 8 AUXILIARES PARA EL,CONSOLA DIGITAL SOUNCRAFF 20 CANALES 8 AUXILIARES PARA EL,Mezcladora Digital de Audio Soundcraft UI24R,"Consola digital 24 canales con XLR, control remoto WiFi, logos Lexicon/dbx/DigiTech. Incluye cables conectados.",Soundcraft,UI24R,202412171958,,,https://pub-e9f7db97630d40fe816c341284149436.r2.dev/inventario/1773338334427-lhp8am.jpg,https://pub-e9f7db97630d40fe816c341284149436.r2.dev/inventario/1773338517646-r2m28d.jpg,2020-01-31T06:00:00.000Z,21300,Equipo de Audio e Instrumentos,10,2026-03-10T04:27:17.298Z,2026-03-12T18:07:59.645Z
c5bdeb23-f1d5-4803-aa35-b7d7e13ae568,4ab96c3b-a507-45bb-90d4-0cbea9ffdeb8,1,BOCINAS 2EAW (EASTERN ACOUSTIC WORKS),BOCINAS 2EAW (EASTERN ACOUSTIC WORKS),Monitor de Audio o Bocina Amplificada,"Bocina negra con rejilla metálica hexagonal, marca EAW, diseño rectangular, estado aparentemente nuevo",EAW EASTERN ACOUSTIC WORKS,RS123,207029990AKQQ0056,"Bocina 1 Serie No. 207029990AKQQ0055 REV A00
Bocina 2 Serie No. 207029990AKQQ0056  REV A00
Bocina 3 Serie No. 207029990AKPD0070 REV 105
Bocina 4 Serie No. 207029990AKPD0138 REV 105",,https://pub-e9f7db97630d40fe816c341284149436.r2.dev/inventario/1773345567000-uden7f.jpg,https://pub-e9f7db97630d40fe816c341284149436.r2.dev/inventario/1773345625080-e8m8ss.jpg,2025-01-30T06:00:00.000Z,152000,Equipo de Audio e Instrumentos,5,2026-03-10T04:27:17.298Z,2026-03-12T20:07:20.085Z
e20c21b7-e184-4b14-b9ec-e6528119e44e,4ab96c3b-a507-45bb-90d4-0cbea9ffdeb8,2,CAMARA TIPO DOMO 4MP MET.,CAMARA TIPO DOMO 4MP MET.,,,,,7J0701APAGB73B2/7J0701APAG3B1A7,7J0701APAGB73B2/7J0701APAG3B1A7,,,,2022-05-05T06:00:00.000Z,3680,Equipos Diversos,10,2026-03-10T04:27:17.298Z,2026-03-11T18:57:43.880Z
089b49f3-565a-4317-b0e7-9bfe39a4ffbe,4ab96c3b-a507-45bb-90d4-0cbea9ffdeb8,1,CHALECO DE SOPORTE RONIN RS3 PRO,CHALECO DE SOPORTE RONIN RS3 PRO,,,,,,,,,,2025-04-30T06:00:00.000Z,3299.32,Equipos Diversos,5,2026-03-10T04:27:17.298Z,2026-03-11T18:57:45.795Z
32e33541-68f6-4fe4-8610-06c420ac396a,4ab96c3b-a507-45bb-90d4-0cbea9ffdeb8,1,DESFIBRADOR EXTERNO AUTOMATICO Y CAJA DE CPR-D-padz LOT 1021F (2026-06-06),DESFIBRADOR EXTERNO AUTOMATICO Y CAJA DE CPR-D-padz LOT 1021F (2026-06-06),,,,,(01) 00847946 00215 2 (21) X151784291,(01) 00847946 00215 2 (21) X151784291,,,,2023-11-09T06:00:00.000Z,60999.92,Equipos Diversos,10,2026-03-10T04:27:17.298Z,2026-03-11T18:57:46.286Z
94064a49-3bda-4b87-8733-4f472fc82e0a,4ab96c3b-a507-45bb-90d4-0cbea9ffdeb8,1,ESTUFA ELECTRICA DOBLE BUFFET (2 QUEMADORES),ESTUFA ELECTRICA DOBLE BUFFET (2 QUEMADORES),,,,,MODELO DB1002B,MODELO DB1002B,,,,2025-12-30T06:00:00.000Z,840.15,Equipos Diversos,5,2026-03-10T04:27:17.298Z,2026-03-11T18:57:48.252Z
4ef49a8c-4ed3-4a3a-ac5b-dc6f3992a7ef,4ab96c3b-a507-45bb-90d4-0cbea9ffdeb8,1,LENTE PARA CAMARA FOTOGRAFICA CANON RF 70-200mm,LENTE PARA CAMARA FOTOGRAFICA CANON RF 70-200mm,,,,,,,,,,2026-01-15T06:00:00.000Z,31861.93,Equipos Diversos,10,2026-03-10T04:27:17.298Z,2026-03-11T18:57:49.720Z
ef6f173c-74ae-4f3b-b143-cc50cb9f9806,4ab96c3b-a507-45bb-90d4-0cbea9ffdeb8,2,MESA DE COCINA ACERO (SE COMPRARON LOS MATERIALES),MESA DE COCINA ACERO (SE COMPRARON LOS MATERIALES),,,,,,,,,,2023-06-30T06:00:00.000Z,8394.41,Equipos Diversos,10,2026-03-10T04:27:17.298Z,2026-03-11T18:57:51.189Z
3caeadaf-e312-457c-822e-0aca7d2261b9,4ab96c3b-a507-45bb-90d4-0cbea9ffdeb8,1,OFTALMOLOSCOPIO HALOGENO #8600 / 1 LAMPARA DE EXAMINACION DELUXE ABN,OFTALMOLOSCOPIO HALOGENO #8600 / 1 LAMPARA DE EXAMINACION DELUXE ABN,,,,,,,,,,2024-05-21T06:00:00.000Z,5530.68,Equipos Diversos,5,2026-03-10T04:27:17.298Z,2026-03-11T18:57:52.715Z
c48a732a-aa6b-4740-8d65-f84a4affa491,4ab96c3b-a507-45bb-90d4-0cbea9ffdeb8,1,CARGADOR SHURE PARA 8 MICROFONOS Y 8 BATERIAS DE LITIO SHURE INALAMBRICOS,CARGADOR SHURE PARA 8 MICROFONOS Y 8 BATERIAS DE LITIO SHURE INALAMBRICOS,Cargador múltiple de baterías para sistemas inalámbricos,"Cargador Shure 8 bahías para baterías recargables, negro, buen estado, con contactos metálicos dorados",Shure,SBC800,95A15695,,,https://pub-e9f7db97630d40fe816c341284149436.r2.dev/inventario/1773335393963-yle5hg.jpg,,2025-07-04T06:00:00.000Z,35339.91,Equipo de Audio e Instrumentos,10,2026-03-10T04:27:17.298Z,2026-03-12T17:12:08.492Z
401bf993-39ea-4387-8472-84f22b65cb03,4ab96c3b-a507-45bb-90d4-0cbea9ffdeb8,24,WALKIES TALKIES 666S / 777S,WALKIES TALKIES 666S / 777S,,,,,,,,,,2024-09-12T06:00:00.000Z,6553,Equipos Diversos,5,2026-03-10T04:27:17.298Z,2026-03-11T18:57:55.408Z
9f33a376-c4d4-4068-a9a7-a8b1a935da08,4ab96c3b-a507-45bb-90d4-0cbea9ffdeb8,1,CONSOLA PRESONUS SL 16.0.2,CONSOLA PRESONUS SL 16.0.2,Consola Mezcladora Digital PreSonus StudioLive 16.0.2 USB,"Mezcladora digital 16 canales con faders físicos, pantalla táctil, efectos integrados, conexión USB, color azul/gris",Presonus,PreSonus StudioLive 16.0.2 USB,P3UL100101,,,https://pub-e9f7db97630d40fe816c341284149436.r2.dev/inventario/1773336444056-a53zxe.jpg,https://pub-e9f7db97630d40fe816c341284149436.r2.dev/inventario/1773336493505-cs7ie4.jpg,2022-09-30T06:00:00.000Z,48150.5,Equipo de Audio e Instrumentos,10,2026-03-10T04:27:17.298Z,2026-03-12T17:28:17.540Z
df572e4f-f172-4b45-9558-f237b8cb9dd5,4ab96c3b-a507-45bb-90d4-0cbea9ffdeb8,1,ECUALIZADOR,ECUALIZADOR,,,,,BEHRINGER,BEHRINGER,,,,,6500,Equipo de Audio e Instrumentos,10,2026-03-10T04:27:17.298Z,2026-03-11T18:57:08.726Z
3f59e272-c603-49ef-8440-86d225c63a1d,4ab96c3b-a507-45bb-90d4-0cbea9ffdeb8,2,1 CYMBAL CUSTOM Y 1 CYMBAL 10 S SPLASH,1 CYMBAL CUSTOM Y 1 CYMBAL 10 S SPLASH,,,,Blue Yeti,,,,,,2018-09-30T06:00:00.000Z,900,Equipo de Audio e Instrumentos,10,2026-03-10T04:27:17.298Z,2026-03-12T19:38:16.224Z
c3cc2288-1fe3-45b3-b0ea-a675df4cbe50,4ab96c3b-a507-45bb-90d4-0cbea9ffdeb8,1,"SISTEMA ELECTRICO, CIELO FALSO, CABINA DE SONIDO Y MULTIMEDIA","SISTEMA ELECTRICO, CIELO FALSO, CABINA DE SONIDO Y MULTIMEDIA",,,,,,,,,,2018-12-31T06:00:00.000Z,1875380.91,Mejoras a Edificios,30,2026-03-10T04:27:17.298Z,2026-03-11T18:58:01.308Z
2e828750-6a35-4535-b223-167cc8776640,4ab96c3b-a507-45bb-90d4-0cbea9ffdeb8,1,REMODELACION,REMODELACION,,,,,,,,,,2017-07-09T06:00:00.000Z,164337.59,Mejoras a Edificios,10,2026-03-10T04:27:17.298Z,2026-03-11T18:58:01.063Z
09fc8ec3-4034-4dd4-804e-b7dc65c5b8bf,4ab96c3b-a507-45bb-90d4-0cbea9ffdeb8,1,REMODELACION,REMODELACION,,,,,,,,,,2015-08-31T06:00:00.000Z,55521.4,Mejoras a Edificios,10,2026-03-10T04:27:17.298Z,2026-03-11T18:58:00.819Z
174dc2fd-1ac5-4dd5-921e-3f7f469fe781,4ab96c3b-a507-45bb-90d4-0cbea9ffdeb8,1,AUDIFONO,AUDIFONO,,,,,,,,,,2022-06-30T06:00:00.000Z,5670,Equipo de Audio e Instrumentos,10,2026-03-10T04:27:17.298Z,2026-03-11T18:56:53.240Z
1871a4da-0694-4536-8bcf-9a55e0c1dcdd,4ab96c3b-a507-45bb-90d4-0cbea9ffdeb8,3,WORLD STEREO THUNDERBOLT TO HDM1  ADAPTER,WORLD STEREO THUNDERBOLT TO HDM1  ADAPTER,,,,,,,,,,2018-06-30T06:00:00.000Z,3585,Mobiliario y Equipo de Templo,10,2026-03-10T04:27:17.298Z,2026-03-11T18:56:53.485Z
b4779741-23e0-4c82-acc3-836f7c594e1d,4ab96c3b-a507-45bb-90d4-0cbea9ffdeb8,1,1000 LQZ1 DE CABLE HORIZONT,1000 LQZ1 DE CABLE HORIZONT,,,,,,,,,,2019-05-31T06:00:00.000Z,8000,Equipo de Audio e Instrumentos,10,2026-03-10T04:27:17.298Z,2026-03-11T18:56:53.731Z
09859291-d78c-4787-9f18-5b63a19a0068,4ab96c3b-a507-45bb-90d4-0cbea9ffdeb8,1,ACRILICO P/BATERIA,ACRILICO P/BATERIA,,,,,,,,,,2007-09-21T06:00:00.000Z,18224,Equipo de Audio e Instrumentos,10,2026-03-10T04:27:17.298Z,2026-03-11T18:56:53.975Z
f64c53c4-ed73-4b2c-959d-b4fa49123c69,4ab96c3b-a507-45bb-90d4-0cbea9ffdeb8,1,ADAPTADOR PARA BATERIA TERADEK BOLT,ADAPTADOR PARA BATERIA TERADEK BOLT,,,,,,,,,,2019-07-31T06:00:00.000Z,2622.68,Equipo de Audio e Instrumentos,10,2026-03-10T04:27:17.298Z,2026-03-11T18:56:54.221Z
2155de9d-0653-439a-b609-5e4ee8f8aa3b,4ab96c3b-a507-45bb-90d4-0cbea9ffdeb8,1,ADAPTADORES PARA MONITOR TRANSMISOR EN CAMARA,ADAPTADORES PARA MONITOR TRANSMISOR EN CAMARA,,,,,,,,,,2019-07-31T06:00:00.000Z,221.7,Equipo de Audio e Instrumentos,10,2026-03-10T04:27:17.298Z,2026-03-11T18:56:54.466Z
01c11c9d-be39-4a1e-b0e3-b93d078f2dc1,4ab96c3b-a507-45bb-90d4-0cbea9ffdeb8,1,ADMINISTRADOR DE FRECUENCIA,ADMINISTRADOR DE FRECUENCIA,,,,,,,,,,2023-07-07T06:00:00.000Z,182382.87,Equipo de Audio e Instrumentos,10,2026-03-10T04:27:17.298Z,2026-03-11T18:56:54.711Z
4709121f-530a-4ed6-9cca-fcf9deb58054,4ab96c3b-a507-45bb-90d4-0cbea9ffdeb8,1,AMPLIFICADOR P/GUITARRA,AMPLIFICADOR P/GUITARRA,,,,,K-2003-06-9964-,K-2003-06-9964-,,,,2004-08-05T06:00:00.000Z,7488,Equipo de Audio e Instrumentos,10,2026-03-10T04:27:17.298Z,2026-03-11T18:56:55.202Z
feaadb7e-9e1b-4e6a-8628-7682fb33252d,4ab96c3b-a507-45bb-90d4-0cbea9ffdeb8,1,AMPLIFICADOR P/PIANO,AMPLIFICADOR P/PIANO,,,,,ZR21038,ZR21038,,,,,5000,Equipo de Audio e Instrumentos,10,2026-03-10T04:27:17.298Z,2026-03-11T18:56:55.448Z
e2c615e6-b608-489a-9df4-70223dc5bac5,4ab96c3b-a507-45bb-90d4-0cbea9ffdeb8,1,ATRIL P/PARTITURA,ATRIL P/PARTITURA,,,,,,,,,,2025-11-04T06:00:00.000Z,618.99,Equipo de Audio e Instrumentos,5,2026-03-10T04:27:17.298Z,2026-03-11T18:56:55.692Z
2473dfbf-664a-49bc-b23e-7b3ceeab402d,4ab96c3b-a507-45bb-90d4-0cbea9ffdeb8,2,ATRIL P/PARTITURA  SOUND KING,ATRIL P/PARTITURA  SOUND KING,,,,,,,,,,2025-11-04T06:00:00.000Z,1291.93,Equipo de Audio e Instrumentos,5,2026-03-10T04:27:17.298Z,2026-03-11T18:56:55.936Z
491e5a88-2a94-44bf-a5ba-1ce203374b31,4ab96c3b-a507-45bb-90d4-0cbea9ffdeb8,1,AUDIFONO,AUDIFONO,,,,,,,,,,2023-07-07T06:00:00.000Z,11015.16,Equipo de Audio e Instrumentos,10,2026-03-10T04:27:17.298Z,2026-03-11T18:56:56.180Z
d2a5f5a8-f1f5-48bb-b352-6265ab657349,4ab96c3b-a507-45bb-90d4-0cbea9ffdeb8,1,AVIOM 16 CANALES,AVIOM 16 CANALES,,,,,,,,,,2023-04-03T06:00:00.000Z,47882.34,Equipo de Audio e Instrumentos,10,2026-03-10T04:27:17.298Z,2026-03-11T18:56:56.425Z
82564270-6f80-4ab3-a01a-1e5a1e53090c,4ab96c3b-a507-45bb-90d4-0cbea9ffdeb8,1,AVIOM D400,AVIOM D400,,,,,,,,,,2023-04-03T06:00:00.000Z,36824.06,Equipo de Audio e Instrumentos,10,2026-03-10T04:27:17.298Z,2026-03-11T18:56:56.670Z
32daf53a-fab1-4dd6-b93a-f4a9aaaba238,4ab96c3b-a507-45bb-90d4-0cbea9ffdeb8,1,AVIOM-A320-MEZCLADOR MOTOR 32 CANALES,AVIOM-A320-MEZCLADOR MOTOR 32 CANALES,,,,,,,,,,2023-11-27T06:00:00.000Z,17728.85,Equipo de Audio e Instrumentos,10,2026-03-10T04:27:17.298Z,2026-03-11T18:56:56.915Z
3f2bc8f1-304a-4468-9958-48ece5408da4,4ab96c3b-a507-45bb-90d4-0cbea9ffdeb8,1,BAJO DE 5 CUERDAS,BAJO DE 5 CUERDAS,,,,,FE0194692706,FE0194692706,,,,2013-12-05T06:00:00.000Z,37968,Equipo de Audio e Instrumentos,10,2026-03-10T04:27:17.298Z,2026-03-11T18:56:57.160Z
a66dd05d-9ce2-415a-adeb-2c07c463b6c7,4ab96c3b-a507-45bb-90d4-0cbea9ffdeb8,1,BAJO ELECTRICO,BAJO ELECTRICO,,,,,S03021194,S03021194,,,,2003-09-20T06:00:00.000Z,4788,Equipo de Audio e Instrumentos,10,2026-03-10T04:27:17.298Z,2026-03-11T18:56:57.406Z
4e18e18a-b4fc-458b-9c6b-46bf0ce72dd0,4ab96c3b-a507-45bb-90d4-0cbea9ffdeb8,1,BAJO ELECTRICO,BAJO ELECTRICO,,,,,6688070.0,6688070.0,,,,,4000,Equipo de Audio e Instrumentos,10,2026-03-10T04:27:17.298Z,2026-03-11T18:56:57.651Z
d9b70a35-7e43-41f5-a8e1-cc3fe71e61d6,4ab96c3b-a507-45bb-90d4-0cbea9ffdeb8,1,BAJO ELECTRICO DE SEGUNDA COMPRADO A MARCO COTO,BAJO ELECTRICO DE SEGUNDA COMPRADO A MARCO COTO,,,,,,,,,,2019-03-31T06:00:00.000Z,15000,Equipo de Audio e Instrumentos,10,2026-03-10T04:27:17.298Z,2026-03-11T18:56:57.897Z
9936251d-5789-4c0a-a7a8-3878ea1011e3,4ab96c3b-a507-45bb-90d4-0cbea9ffdeb8,1,BANCO P/PIANO,BANCO P/PIANO,,,,,,,,,,,700,Equipo de Audio e Instrumentos,10,2026-03-10T04:27:17.298Z,2026-03-11T18:56:58.387Z
43c67152-4364-4e4a-a3ed-eb896a0dcfa1,4ab96c3b-a507-45bb-90d4-0cbea9ffdeb8,3,BANQUITOS EN CRUZ,BANQUITOS EN CRUZ,,,,,,,,,,,1200,Equipo de Audio e Instrumentos,10,2026-03-10T04:27:17.298Z,2026-03-11T18:56:58.631Z
de0a8f4b-ebdb-4766-b164-c291aae33dd6,4ab96c3b-a507-45bb-90d4-0cbea9ffdeb8,1,BARRA MUSICAL,BARRA MUSICAL,,,,,,,,,,2003-01-17T06:00:00.000Z,1185,Equipo de Audio e Instrumentos,10,2026-03-10T04:27:17.298Z,2026-03-11T18:56:58.875Z
b4062115-0670-491f-b28a-cb77af2e4d44,4ab96c3b-a507-45bb-90d4-0cbea9ffdeb8,1,BATERIA,BATERIA,,,,,,,,,,2003-10-20T06:00:00.000Z,43029.28,Equipo de Audio e Instrumentos,10,2026-03-10T04:27:17.298Z,2026-03-11T18:56:59.120Z
e97b32b9-8a49-4b4e-ab02-48c8661d472d,4ab96c3b-a507-45bb-90d4-0cbea9ffdeb8,1,GUITARRA ELECTRICA,GUITARRA ELECTRICA,,,,,E725955,E725955,,,,,5000,Equipo de Audio e Instrumentos,10,2026-03-10T04:27:17.298Z,2026-03-11T18:55:51.296Z
1cac3fa3-8b83-4a70-9569-9723039af5d3,4ab96c3b-a507-45bb-90d4-0cbea9ffdeb8,16,VIDEO BALUN RJ45 TURBO,VIDEO BALUN RJ45 TURBO,,,,,FS-HD4301VP,FS-HD4301VP,,,,2022-04-30T06:00:00.000Z,8510,Equipos Diversos,10,2026-03-10T04:27:17.298Z,2026-03-11T18:57:55.162Z
64b347e6-0d77-485d-bc45-b1f9683580fc,4ab96c3b-a507-45bb-90d4-0cbea9ffdeb8,1,VENTILADOR DE TECHO,VENTILADOR DE TECHO,,,,,COLOR CAFÉ CON DORADO,COLOR CAFÉ CON DORADO,,,,2025-12-30T06:00:00.000Z,2708.44,Equipos Diversos,10,2026-03-10T04:27:17.298Z,2026-03-11T18:57:54.919Z
6d139aab-80ef-4e48-992f-ee877a83c0f1,4ab96c3b-a507-45bb-90d4-0cbea9ffdeb8,1,TALADRO | 2-Tool Combo Kit,TALADRO | 2-Tool Combo Kit,,,,,Color negro con Naranja,Color negro con Naranja,,,,2025-11-02T06:00:00.000Z,2399.95,Equipos Diversos,5,2026-03-10T04:27:17.298Z,2026-03-11T18:57:54.675Z
4406ef3c-4b30-44c0-92dc-e61e9d711192,4ab96c3b-a507-45bb-90d4-0cbea9ffdeb8,1,SUMADORA DIGITAL,SUMADORA DIGITAL,,,,,,,,,,2025-02-12T06:00:00.000Z,4234.56,Equipos Diversos,5,2026-03-10T04:27:17.298Z,2026-03-11T18:57:54.432Z
80a53472-8ae5-40c0-a3f7-66412906e4d9,4ab96c3b-a507-45bb-90d4-0cbea9ffdeb8,1,PLANCHA VAPOR,PLANCHA VAPOR,,,,,7782.0,7782.0,,,,2023-03-31T06:00:00.000Z,2499.95,Equipos Diversos,10,2026-03-10T04:27:17.298Z,2026-03-11T18:57:54.187Z
bc2116a1-0c7d-4c18-bd77-37c7818e5750,4ab96c3b-a507-45bb-90d4-0cbea9ffdeb8,1,PIANO,PIANO,,,,,,,,,,,30000,Equipo de Audio e Instrumentos,10,2026-03-10T04:27:17.298Z,2026-03-11T18:55:52.772Z
b768de63-ea77-4eab-a950-17a5a92beba5,4ab96c3b-a507-45bb-90d4-0cbea9ffdeb8,1,PLANCHA DE 48 PULGADAS DE ANCHO,PLANCHA DE 48 PULGADAS DE ANCHO,,,,,G48USB100321082100920037,G48USB100321082100920037,,,,2022-11-29T06:00:00.000Z,38180.86,Equipos Diversos,10,2026-03-10T04:27:17.298Z,2026-03-11T18:57:53.942Z
66554ff0-dcf9-4012-a2da-2d1aa30ea8ee,4ab96c3b-a507-45bb-90d4-0cbea9ffdeb8,1,PISTOLA DE CALOR 120V | 2000w  | HG6530V,PISTOLA DE CALOR 120V | 2000w  | HG6530V,,,,,Color verde con negro,Color verde con negro,,,,2025-12-15T06:00:00.000Z,3743.25,Equipos Diversos,10,2026-03-10T04:27:17.298Z,2026-03-11T18:57:53.697Z
efbbcec4-d980-4b96-bdf3-fdf58a6e7dec,4ab96c3b-a507-45bb-90d4-0cbea9ffdeb8,2,PICADORAS DE VEGETALES ACERO INOXIDABLE,PICADORAS DE VEGETALES ACERO INOXIDABLE,,,,,,,,,,2023-05-24T06:00:00.000Z,8684.74,Equipos Diversos,10,2026-03-10T04:27:17.298Z,2026-03-11T18:57:53.452Z
57fa89d7-9c41-4a1c-8264-6c1c1af6c9f2,4ab96c3b-a507-45bb-90d4-0cbea9ffdeb8,1,PANELES SOLARES DE GENERACIÓN ELECTRICA 450W,PANELES SOLARES DE GENERACIÓN ELECTRICA 450W,,,,,,,,,,2023-07-15T06:00:00.000Z,270358.64,Equipos Diversos,10,2026-03-10T04:27:17.298Z,2026-03-11T18:57:53.206Z
e4a5e401-1b66-4c48-9abb-3aaae8da2020,4ab96c3b-a507-45bb-90d4-0cbea9ffdeb8,1,ORGANIZADOR PLASTICO PARA ENFERMERIA,ORGANIZADOR PLASTICO PARA ENFERMERIA,,,,,,,,,,2025-04-16T06:00:00.000Z,1149.95,Equipos Diversos,5,2026-03-10T04:27:17.298Z,2026-03-11T18:57:52.961Z
7907fba2-03ca-4c21-84d0-d16ae934df6e,4ab96c3b-a507-45bb-90d4-0cbea9ffdeb8,2,MICROONDAS DIGITAL,MICROONDAS DIGITAL,,,,,"Serie 52470023
No. FMD020S3GSPG","Serie 52470023
No. FMD020S3GSPG",,,,2025-10-19T06:00:00.000Z,2266.11,Equipos Diversos,5,2026-03-10T04:27:17.298Z,2026-03-11T18:57:52.470Z
7ca3f721-863e-447a-b6d9-ed830b68f27c,4ab96c3b-a507-45bb-90d4-0cbea9ffdeb8,2,MICROONDAS DIGITAL,MICROONDAS DIGITAL,,,,,"7501545588051
7501545604201","7501545588051
7501545604201",,,,2025-06-28T06:00:00.000Z,5422.82,Equipos Diversos,5,2026-03-10T04:27:17.298Z,2026-03-11T18:57:52.224Z
7279a4b3-5921-4995-9a42-2c24da4ce4c7,4ab96c3b-a507-45bb-90d4-0cbea9ffdeb8,1,MESA METALICA PARA CAFETERIA 24X60 32 ALTO,MESA METALICA PARA CAFETERIA 24X60 32 ALTO,,,,,,,,,,2025-11-06T06:00:00.000Z,4997,Equipos Diversos,10,2026-03-10T04:27:17.298Z,2026-03-11T18:57:51.931Z
4ceefeb2-58af-4c5c-bbb1-aa4ce53a5f75,4ab96c3b-a507-45bb-90d4-0cbea9ffdeb8,1,MESA METALICA PARA CAFETERIA,MESA METALICA PARA CAFETERIA,,,,,,,,,,2024-11-21T06:00:00.000Z,3699.95,Equipos Diversos,10,2026-03-10T04:27:17.298Z,2026-03-11T18:57:51.684Z
a153f054-eed9-4eb3-a0b2-e6cf2d08827b,4ab96c3b-a507-45bb-90d4-0cbea9ffdeb8,2,MESA DE TRABAJO CON EBTREPAÑO,MESA DE TRABAJO CON EBTREPAÑO,,,,,48``X30``X35,48``X30``X35,,,,2022-11-25T06:00:00.000Z,30325.04,Equipos Diversos,10,2026-03-10T04:27:17.298Z,2026-03-11T18:57:51.440Z
a44559ed-6b47-4f78-af6e-c146b2f37e8e,4ab96c3b-a507-45bb-90d4-0cbea9ffdeb8,1,MESA DE COCINA,MESA DE COCINA,,,,,,,,,,2022-11-30T06:00:00.000Z,19949.01,Equipos Diversos,10,2026-03-10T04:27:17.298Z,2026-03-11T18:57:50.945Z
1e2861ed-3aa1-4728-a1c6-66b880282dc6,4ab96c3b-a507-45bb-90d4-0cbea9ffdeb8,1,MESA DE ACERO INOXIDABLE CON GAVETA,MESA DE ACERO INOXIDABLE CON GAVETA,,,,,,,,,,2024-12-26T06:00:00.000Z,13500,Equipos Diversos,10,2026-03-10T04:27:17.298Z,2026-03-11T18:57:50.699Z
03d14b87-76d2-48e8-8faf-4d11bc6107fa,4ab96c3b-a507-45bb-90d4-0cbea9ffdeb8,1,LICUADORA PROFESIONAL,LICUADORA PROFESIONAL,,,,,TM-767 50882995,TM-767 50882995,,,,2022-11-23T06:00:00.000Z,8429.76,Equipos Diversos,10,2026-03-10T04:27:17.298Z,2026-03-11T18:57:50.455Z
a88ad528-d230-4ac2-b1cd-cbf8b38a0493,4ab96c3b-a507-45bb-90d4-0cbea9ffdeb8,1,LICUADORA INDUSTRIAL,LICUADORA INDUSTRIAL,,,,,51891 / 82124,51891 / 82124,,,,2022-11-23T06:00:00.000Z,23343.94,Equipos Diversos,10,2026-03-10T04:27:17.298Z,2026-03-11T18:57:50.209Z
a4df6cc8-b8f5-4514-9b82-685f48d6ec42,4ab96c3b-a507-45bb-90d4-0cbea9ffdeb8,1,LENTE PARA CAMARA FOTOGRAFICA EF 50MM,LENTE PARA CAMARA FOTOGRAFICA EF 50MM,,,,,,,,,,2025-07-19T06:00:00.000Z,5422.82,Equipos Diversos,5,2026-03-10T04:27:17.298Z,2026-03-11T18:57:49.964Z
07398877-d798-4fb7-92e5-b696fd9c07f5,4ab96c3b-a507-45bb-90d4-0cbea9ffdeb8,1,HIELERA,HIELERA,,,,,413367.0,413367.0,,,,2023-03-31T06:00:00.000Z,3999.95,Equipos Diversos,10,2026-03-10T04:27:17.298Z,2026-03-11T18:57:49.475Z
fbddfad5-fb9c-42c5-9df9-1f881a8098a4,4ab96c3b-a507-45bb-90d4-0cbea9ffdeb8,1,GAVIENETE DE PARED DE METAL Y VIDRIO PARA CAMARAS,GAVIENETE DE PARED DE METAL Y VIDRIO PARA CAMARAS,,,,,,,,,,2025-06-05T06:00:00.000Z,3478.75,Equipos Diversos,5,2026-03-10T04:27:17.298Z,2026-03-11T18:57:49.230Z
7715a416-05f8-4a6e-a8c7-457bc385a380,4ab96c3b-a507-45bb-90d4-0cbea9ffdeb8,1,FREEZER 25 FT,FREEZER 25 FT,,,,,,,,,,2025-04-12T06:00:00.000Z,20780.87,Equipos Diversos,10,2026-03-10T04:27:17.298Z,2026-03-11T18:57:48.986Z
6e5b200e-4442-455f-8591-60069935c7e7,4ab96c3b-a507-45bb-90d4-0cbea9ffdeb8,1,FLASH NEEWER Q4 400 Ws 2.4G TTL PARA CAMARA FOTOGRAFICA,FLASH NEEWER Q4 400 Ws 2.4G TTL PARA CAMARA FOTOGRAFICA,,,,,,,,,,2025-06-06T06:00:00.000Z,17368.83,Equipos Diversos,5,2026-03-10T04:27:17.298Z,2026-03-11T18:57:48.742Z
dfb37c7a-50f4-4561-bec5-9f035eeb3041,4ab96c3b-a507-45bb-90d4-0cbea9ffdeb8,1,EXTRACTOR DE JUGO INDUSTRIAL,EXTRACTOR DE JUGO INDUSTRIAL,,,,,,,,,,2023-04-28T06:00:00.000Z,8636.92,Equipos Diversos,6.66,2026-03-10T04:27:17.298Z,2026-03-11T18:57:48.496Z
96183ff5-3e66-4cdb-9774-aef90db2796f,4ab96c3b-a507-45bb-90d4-0cbea9ffdeb8,2,ESTUFA CON HORNO DE 6 QUEMADORES,ESTUFA CON HORNO DE 6 QUEMADORES,,,,,220092009/220092006,220092009/220092006,,,,2022-11-22T06:00:00.000Z,116734.3,Equipos Diversos,10,2026-03-10T04:27:17.298Z,2026-03-11T18:57:48.007Z
78bf6b0b-e60a-4995-bb55-77e6c203674f,4ab96c3b-a507-45bb-90d4-0cbea9ffdeb8,1,ESTRUCTURA DE METAL PARA BANNER,ESTRUCTURA DE METAL PARA BANNER,,,,,,,,,,2024-09-03T06:00:00.000Z,3700,Equipos Diversos,10,2026-03-10T04:27:17.298Z,2026-03-11T18:57:47.762Z
b33fb477-d914-4cb9-bb5c-79d075a1f99c,4ab96c3b-a507-45bb-90d4-0cbea9ffdeb8,1,ESMERILADORA ANGULAR 9557 HP| 120V   7.5A,ESMERILADORA ANGULAR 9557 HP| 120V   7.5A,,,,,Color verde con negro,Color verde con negro,,,,2025-12-15T06:00:00.000Z,1895.54,Equipos Diversos,10,2026-03-10T04:27:17.298Z,2026-03-11T18:57:47.517Z
a113827c-9275-4fe9-bd95-7a7ebff08e50,4ab96c3b-a507-45bb-90d4-0cbea9ffdeb8,1,ESCALERA D/TIJERA FIBRA VIDRIO,ESCALERA D/TIJERA FIBRA VIDRIO,,,,,SXLL3212-06,SXLL3212-06,,,,2025-05-31T06:00:00.000Z,2566.45,Equipos Diversos,10,2026-03-10T04:27:17.298Z,2026-03-11T18:57:47.275Z
82927053-e54a-4a74-8a2b-dc486785f58e,4ab96c3b-a507-45bb-90d4-0cbea9ffdeb8,1,ESCALERA D/TIJERA DOBLE FIBRA VIDRIO,ESCALERA D/TIJERA DOBLE FIBRA VIDRIO,,,,,SXL3131-10,SXL3131-10,,,,2025-05-31T06:00:00.000Z,10798.5,Equipos Diversos,10,2026-03-10T04:27:17.298Z,2026-03-11T18:57:47.022Z
0532fea2-cd76-4bbc-b7f5-26c3116540ce,4ab96c3b-a507-45bb-90d4-0cbea9ffdeb8,1,DVR 48 CANALES PARA CAMARA DE SEGURIDAD,DVR 48 CANALES PARA CAMARA DE SEGURIDAD,,,,,,,,,,2025-06-05T06:00:00.000Z,12420,Equipos Diversos,5,2026-03-10T04:27:17.298Z,2026-03-11T18:57:46.776Z
517d1a7d-e8e4-498f-84a3-6538644defbc,4ab96c3b-a507-45bb-90d4-0cbea9ffdeb8,1,DISCO DURO PARA CAMARAS DE SEGURIDAD,DISCO DURO PARA CAMARAS DE SEGURIDAD,,,,,,,,,,2025-06-05T06:00:00.000Z,7820,Equipos Diversos,5,2026-03-10T04:27:17.298Z,2026-03-11T18:57:46.531Z
15b30ef3-1d9e-4945-98b7-a380671ecdc9,4ab96c3b-a507-45bb-90d4-0cbea9ffdeb8,1,CREPERA PARA USO DE LA CAFETERIA,CREPERA PARA USO DE LA CAFETERIA,,,,,,,,,,2023-09-13T06:00:00.000Z,8636.92,Equipos Diversos,6.66,2026-03-10T04:27:17.298Z,2026-03-11T18:57:46.040Z
8bce7052-8423-4d50-84fa-a3986c237dc4,4ab96c3b-a507-45bb-90d4-0cbea9ffdeb8,2,CARRITO PARA REPARTIR COMIDA,CARRITO PARA REPARTIR COMIDA,,,,,,,,,,2023-04-30T06:00:00.000Z,29800,Equipos Diversos,10,2026-03-10T04:27:17.298Z,2026-03-11T18:57:45.550Z
ad8b9710-1e33-4ede-87c6-bdea30c8b25d,4ab96c3b-a507-45bb-90d4-0cbea9ffdeb8,1,CARRETA DE MANO,CARRETA DE MANO,,,,,,,,,,2024-09-03T06:00:00.000Z,5399.9,Equipos Diversos,10,2026-03-10T04:27:17.298Z,2026-03-11T18:57:45.305Z
a052a012-199f-40a7-8fff-b599c7e3bee4,4ab96c3b-a507-45bb-90d4-0cbea9ffdeb8,2,CAMARAS 2.8MM 1080 FULL COLOR,CAMARAS 2.8MM 1080 FULL COLOR,,,,,7L050225PAN/379E3/E6C93,7L050225PAN/379E3/E6C93,,,,2022-05-03T06:00:00.000Z,2645,Equipos Diversos,10,2026-03-10T04:27:17.298Z,2026-03-11T18:57:45.058Z
9e797197-db31-4e8e-8a23-146b4d06d16a,4ab96c3b-a507-45bb-90d4-0cbea9ffdeb8,3,"CAMARA TURBO HD 1080P, 2MP","CAMARA TURBO HD 1080P, 2MP",,,,,DS-2CE16D0T-1RF,DS-2CE16D0T-1RF,,,,2022-04-19T06:00:00.000Z,2667.39,Equipos Diversos,10,2026-03-10T04:27:17.298Z,2026-03-11T18:57:44.810Z
ea5cf6ae-8444-4c6e-a19e-93ec67c3a79f,4ab96c3b-a507-45bb-90d4-0cbea9ffdeb8,4,"CAMARA TURBO HD 1080P, 2MP","CAMARA TURBO HD 1080P, 2MP",,,,,DS-2CE16D0T-1RF,DS-2CE16D0T-1RF,,,,2022-04-13T06:00:00.000Z,2438,Equipos Diversos,10,2026-03-10T04:27:17.298Z,2026-03-11T18:57:44.565Z
ec188c82-591e-4b02-99ab-2e7e7f44a4be,4ab96c3b-a507-45bb-90d4-0cbea9ffdeb8,2,CAMARA TIPO DOMO 5MP,CAMARA TIPO DOMO 5MP,,,,,DH-HAC-T1A51N,DH-HAC-T1A51N,,,,2022-04-19T06:00:00.000Z,1665.1,Equipos Diversos,10,2026-03-10T04:27:17.298Z,2026-03-11T18:57:44.125Z
151dab2a-4986-48b2-b0f7-7484b6887806,4ab96c3b-a507-45bb-90d4-0cbea9ffdeb8,2,CAMARA TIPO DOMO 4MP,CAMARA TIPO DOMO 4MP,,,,,DH-HAC-T1A41N,DH-HAC-T1A41N,,,,2022-04-19T06:00:00.000Z,1584.27,Equipos Diversos,10,2026-03-10T04:27:17.298Z,2026-03-11T18:57:43.634Z
805ebf4f-3735-49ca-9d81-94e285c39fb1,4ab96c3b-a507-45bb-90d4-0cbea9ffdeb8,2,"CAMARA TIPO DOMO 1080P, 2MP","CAMARA TIPO DOMO 1080P, 2MP",,,,,HDW1200TLMQN,HDW1200TLMQN,,,,2022-04-13T06:00:00.000Z,1127,Equipos Diversos,10,2026-03-10T04:27:17.298Z,2026-03-11T18:57:43.390Z
a0ed7784-4fab-46e1-891d-fc7e67e8078a,4ab96c3b-a507-45bb-90d4-0cbea9ffdeb8,1,CAMARA FOTOGRAFICA CON ACCESORIOS R 24-105 MM LENS,CAMARA FOTOGRAFICA CON ACCESORIOS R 24-105 MM LENS,,,,,362029000153.0,362029000153.0,,,,2025-06-03T06:00:00.000Z,42383.22,Equipos Diversos,5,2026-03-10T04:27:17.298Z,2026-03-11T18:57:43.140Z
a3b4793f-36df-4b08-b6e6-b646c4050fec,4ab96c3b-a507-45bb-90d4-0cbea9ffdeb8,1,CAMARA DE SEGURIDAD BULLET IPDAHUA FULL COLOR,CAMARA DE SEGURIDAD BULLET IPDAHUA FULL COLOR,,,,,,,,,,2025-06-05T06:00:00.000Z,2012.5,Equipos Diversos,5,2026-03-10T04:27:17.298Z,2026-03-11T18:57:42.651Z
19bc3a60-f7c6-43cb-9a5d-556a34c7a5fe,4ab96c3b-a507-45bb-90d4-0cbea9ffdeb8,1,ARMARIO BOTIQUIN DE ACERO INOXIDABLE,ARMARIO BOTIQUIN DE ACERO INOXIDABLE,,,,,,,,,,2024-11-29T06:00:00.000Z,20000,Equipos Diversos,10,2026-03-10T04:27:17.298Z,2026-03-11T18:57:41.915Z
ee2b8afc-e3d8-4738-8a3d-9615a746c124,4ab96c3b-a507-45bb-90d4-0cbea9ffdeb8,1,AMASADORA ESPIRAL 13KG HD-20,AMASADORA ESPIRAL 13KG HD-20,,,,,109561.0,109561.0,,,,2022-11-23T06:00:00.000Z,47984.84,Equipos Diversos,10,2026-03-10T04:27:17.298Z,2026-03-11T18:57:41.669Z
60167d16-325d-416a-9ae5-1659b27fff05,4ab96c3b-a507-45bb-90d4-0cbea9ffdeb8,1,AJUSTE CONTABLE EN COMPRA JULIO 7/7/23 POR FACTOR CAMBIO DEL DÓLAR,AJUSTE CONTABLE EN COMPRA JULIO 7/7/23 POR FACTOR CAMBIO DEL DÓLAR,,,,,,,,,,,2879.81,Equipo de Audio e Instrumentos,,2026-03-10T04:27:17.298Z,2026-03-11T18:57:41.421Z
d7f21a5e-1118-438e-8a9c-4371f1b07c26,4ab96c3b-a507-45bb-90d4-0cbea9ffdeb8,1,VHS SONNY,VHS SONNY,,,,,3C.0365128,3C.0365128,,,,2011-04-30T06:00:00.000Z,2000,Equipo de Audio e Instrumentos,10,2026-03-10T04:27:17.298Z,2026-03-11T18:57:40.929Z
ca735d2a-dac3-4fe5-a5d2-3459444c90d3,4ab96c3b-a507-45bb-90d4-0cbea9ffdeb8,1,UPS PARA CONSOLA DE SONIDO,UPS PARA CONSOLA DE SONIDO,,,,,,,,,,2020-02-29T06:00:00.000Z,2794.5,Equipo de Audio e Instrumentos,10,2026-03-10T04:27:17.298Z,2026-03-11T18:57:40.684Z
4080b306-12ad-4592-b9e6-23c704ca4c57,4ab96c3b-a507-45bb-90d4-0cbea9ffdeb8,1,UPS 1000 VA 120 V 6 SALIDAS APC PARA EQUIPO SALON DE USOS MULTIPLES,UPS 1000 VA 120 V 6 SALIDAS APC PARA EQUIPO SALON DE USOS MULTIPLES,,,,,,,,,,2020-01-31T06:00:00.000Z,2645,Equipo de Audio e Instrumentos,10,2026-03-10T04:27:17.298Z,2026-03-11T18:57:40.439Z
9f8b2c8b-88fa-467b-8f8e-a54cd4bcb1ba,4ab96c3b-a507-45bb-90d4-0cbea9ffdeb8,1,UH25 PRO-SILVER $110 COMPRA DE DISCO 2TB $213.99,UH25 PRO-SILVER $110 COMPRA DE DISCO 2TB $213.99,,,,,,,,,,2022-01-31T06:00:00.000Z,7941.04,Equipo de Audio e Instrumentos,10,2026-03-10T04:27:17.298Z,2026-03-11T18:57:40.195Z
61f50dfb-3cdc-40b8-9a1b-79683d8c8f7e,4ab96c3b-a507-45bb-90d4-0cbea9ffdeb8,1,TRIPODE P/COMPUTADORA PORTATIL SAMSUMG,TRIPODE P/COMPUTADORA PORTATIL SAMSUMG,,,,,,,,,,2025-11-04T06:00:00.000Z,3379.01,Equipo de Audio e Instrumentos,5,2026-03-10T04:27:17.298Z,2026-03-11T18:57:39.950Z
4e4ef150-4d82-444c-916c-d514a3dbfec3,4ab96c3b-a507-45bb-90d4-0cbea9ffdeb8,1,TRIPODE MANFROTO KIT DE 3 LUCES PARA PLATAFORMA,TRIPODE MANFROTO KIT DE 3 LUCES PARA PLATAFORMA,,,,,,,,,,2025-01-29T06:00:00.000Z,20500,Equipo de Audio e Instrumentos,5,2026-03-10T04:27:17.298Z,2026-03-11T18:57:39.704Z
0c1f93b8-d232-469a-88c9-b2b776f0c007,4ab96c3b-a507-45bb-90d4-0cbea9ffdeb8,1,TRANSMISOR WIFI DE VIDEO,TRANSMISOR WIFI DE VIDEO,,,,,Serie #24A23322CJJ,Serie #24A23322CJJ,,,,2025-04-30T06:00:00.000Z,12448.71,Equipo de Audio e Instrumentos,5,2026-03-10T04:27:17.298Z,2026-03-11T18:57:39.213Z
6f3d937e-5bb3-4f3c-a942-5386bfe171d6,4ab96c3b-a507-45bb-90d4-0cbea9ffdeb8,1,TRANSMISOR TERADEK BOLT XT 500,TRANSMISOR TERADEK BOLT XT 500,,,,,,,,,,2019-07-31T06:00:00.000Z,58774.12,Equipo de Audio e Instrumentos,10,2026-03-10T04:27:17.298Z,2026-03-11T18:57:38.963Z
182a9391-2938-4dcc-bda2-776d2eda5355,4ab96c3b-a507-45bb-90d4-0cbea9ffdeb8,1,TECLADO YAMAHA PARA SALON DE USOS MULTIPLES PLANTA ALTA,TECLADO YAMAHA PARA SALON DE USOS MULTIPLES PLANTA ALTA,,,,,,,,,,2020-01-31T06:00:00.000Z,10500,Equipo de Audio e Instrumentos,10,2026-03-10T04:27:17.298Z,2026-03-11T18:57:38.719Z
3a502bdb-3d1c-4d30-81a3-d5baf5abee2b,4ab96c3b-a507-45bb-90d4-0cbea9ffdeb8,1,TARJETA EXPANSIVA,TARJETA EXPANSIVA,,,,,,,,,,2016-03-31T06:00:00.000Z,6474.78,Equipo de Audio e Instrumentos,10,2026-03-10T04:27:17.298Z,2026-03-11T18:57:38.229Z
81f48dc1-c256-490e-8224-7fd8e5634143,4ab96c3b-a507-45bb-90d4-0cbea9ffdeb8,1,SWITCH 24 PUERTOS GIGABIT,SWITCH 24 PUERTOS GIGABIT,,,,,,,,,,2023-04-03T06:00:00.000Z,4422.96,Equipo de Audio e Instrumentos,10,2026-03-10T04:27:17.298Z,2026-03-11T18:57:37.984Z
512e56e0-3376-45c7-8854-28a603eb76bb,4ab96c3b-a507-45bb-90d4-0cbea9ffdeb8,1,SISTEMA PORTATIL INALAMBRICO,SISTEMA PORTATIL INALAMBRICO,,,,,,,,,,2023-07-07T06:00:00.000Z,32141.81,Equipo de Audio e Instrumentos,10,2026-03-10T04:27:17.298Z,2026-03-11T18:57:37.739Z
63432d88-a4af-4092-9421-e1d428273bb6,4ab96c3b-a507-45bb-90d4-0cbea9ffdeb8,1,SISTEMA DISTRIBUDOR DE ANTENA POWER,SISTEMA DISTRIBUDOR DE ANTENA POWER,,,,,"UA844+SWB
Serie 2CJ17534580","UA844+SWB
Serie 2CJ17534580",,,,2024-11-06T06:00:00.000Z,18577.33,Equipo de Audio e Instrumentos,10,2026-03-10T04:27:17.298Z,2026-03-11T18:57:37.494Z
24ec2a14-7a92-4e55-a6e7-745c69acc96d,4ab96c3b-a507-45bb-90d4-0cbea9ffdeb8,1,SHOFAR,SHOFAR,,,,,,,,,,2004-04-30T06:00:00.000Z,1800,Equipo de Audio e Instrumentos,10,2026-03-10T04:27:17.298Z,2026-03-11T18:57:37.250Z
0491acfc-83bc-4e64-8de9-02b7d4d78e79,4ab96c3b-a507-45bb-90d4-0cbea9ffdeb8,1,SAX SOPRANO C/ESTUCHE,SAX SOPRANO C/ESTUCHE,,,,,,,,,,2004-04-30T06:00:00.000Z,5000,Equipo de Audio e Instrumentos,10,2026-03-10T04:27:17.298Z,2026-03-11T18:57:37.005Z
8caeea70-bf8f-4986-9860-81c52ff7734a,4ab96c3b-a507-45bb-90d4-0cbea9ffdeb8,1,SAX ALTO C/ESTUCHE,SAX ALTO C/ESTUCHE,,,,,,,,,,2009-04-30T06:00:00.000Z,6000,Equipo de Audio e Instrumentos,10,2026-03-10T04:27:17.298Z,2026-03-11T18:57:36.711Z
d54d7d50-7d37-487e-a2b8-8cf4001f2a73,4ab96c3b-a507-45bb-90d4-0cbea9ffdeb8,1,ROUTER RB4011 PARA INTERNET,ROUTER RB4011 PARA INTERNET,,,,,,,,,,2021-02-28T06:00:00.000Z,5721.25,Equipo de Audio e Instrumentos,10,2026-03-10T04:27:17.298Z,2026-03-11T18:57:36.466Z
94cd8575-72ce-42b4-85d7-02e57fbf3780,4ab96c3b-a507-45bb-90d4-0cbea9ffdeb8,2,REFLECTORES 18 LED 8 W,REFLECTORES 18 LED 8 W,,,,,,,,,,2022-08-31T06:00:00.000Z,7990.2,Equipo de Audio e Instrumentos,10,2026-03-10T04:27:17.298Z,2026-03-11T18:57:36.220Z
f1845cea-5788-404e-848c-a74f34b98131,4ab96c3b-a507-45bb-90d4-0cbea9ffdeb8,1,REDOBLANTE PARA BATERIA,REDOBLANTE PARA BATERIA,,,,,,,,,,2024-12-23T06:00:00.000Z,16238.59,Equipo de Audio e Instrumentos,5,2026-03-10T04:27:17.298Z,2026-03-11T18:57:35.975Z
84cdbda6-87e1-4aff-85ab-09fcef332738,4ab96c3b-a507-45bb-90d4-0cbea9ffdeb8,1,RECEPTOR PARA MONITOR INALAMBRICO SHURE,RECEPTOR PARA MONITOR INALAMBRICO SHURE,,,,,,,,,,2022-09-30T06:00:00.000Z,12180,Equipo de Audio e Instrumentos,10,2026-03-10T04:27:17.298Z,2026-03-11T18:57:35.718Z
fe7f46e6-d6d3-4588-8f64-1a53b2a8fd13,4ab96c3b-a507-45bb-90d4-0cbea9ffdeb8,1,RECEPTOR INALAMBRICO SHURE,RECEPTOR INALAMBRICO SHURE,,,,,,,,,,2023-01-25T06:00:00.000Z,12180.01,Equipo de Audio e Instrumentos,10,2026-03-10T04:27:17.298Z,2026-03-11T18:57:35.228Z
64317191-2452-4abd-994b-feadc1d7805b,4ab96c3b-a507-45bb-90d4-0cbea9ffdeb8,1,RACK STAND,RACK STAND,,,,,,,,,,,6000,Equipo de Audio e Instrumentos,10,2026-03-10T04:27:17.298Z,2026-03-11T18:57:34.983Z
1e91aa7f-fb5f-4960-a914-99e6bae9031f,4ab96c3b-a507-45bb-90d4-0cbea9ffdeb8,1,PROTECTOR DE EQUIPO,PROTECTOR DE EQUIPO,,,,,RI-08651,RI-08651,,,,2023-08-02T06:00:00.000Z,54492.04,Equipo de Audio e Instrumentos,10,2026-03-10T04:27:17.298Z,2026-03-11T18:57:34.737Z
efa4442b-c811-43f7-8c3d-d7bc9701771d,4ab96c3b-a507-45bb-90d4-0cbea9ffdeb8,1,PROCESADOR EFE 70099,PROCESADOR EFE 70099,,,,,,,,,,,6000,Equipo de Audio e Instrumentos,10,2026-03-10T04:27:17.298Z,2026-03-11T18:57:34.492Z
5ab8d0df-0273-44cb-907e-baafde698a16,4ab96c3b-a507-45bb-90d4-0cbea9ffdeb8,1,PROCESADOR DE FEED BACK SHURE,PROCESADOR DE FEED BACK SHURE,,,,,,,,,,2022-12-31T06:00:00.000Z,11127.51,Equipo de Audio e Instrumentos,10,2026-03-10T04:27:17.298Z,2026-03-11T18:57:34.247Z
e747f8b1-dc25-4063-b439-5a83cf28aa78,4ab96c3b-a507-45bb-90d4-0cbea9ffdeb8,1,PROCESADOR,PROCESADOR,,,,,,,,,,,5000,Equipo de Audio e Instrumentos,10,2026-03-10T04:27:17.298Z,2026-03-11T18:57:33.759Z
f39862da-d189-4c42-b03f-0b86462ee59a,4ab96c3b-a507-45bb-90d4-0cbea9ffdeb8,1,POWER 1680 WATTS,POWER 1680 WATTS,,,,,,,,,,,9500,Equipo de Audio e Instrumentos,10,2026-03-10T04:27:17.298Z,2026-03-11T18:57:33.514Z
a31847ab-9b25-49c2-952c-1630eba5d881,4ab96c3b-a507-45bb-90d4-0cbea9ffdeb8,4,POWER,POWER,,,,,,,,,,2005-03-01T06:00:00.000Z,14666,Equipo de Audio e Instrumentos,10,2026-03-10T04:27:17.298Z,2026-03-11T18:57:33.270Z
ea21955d-b830-4b6c-9494-1a48d28433d5,4ab96c3b-a507-45bb-90d4-0cbea9ffdeb8,1,POWER,POWER,,,,,,,,,,,3000,Equipo de Audio e Instrumentos,10,2026-03-10T04:27:17.298Z,2026-03-11T18:57:33.026Z
c85da094-9319-40bb-91a0-7343998a6aa0,4ab96c3b-a507-45bb-90d4-0cbea9ffdeb8,1,POWER,POWER,,,,,,,,,,,7000,Equipo de Audio e Instrumentos,10,2026-03-10T04:27:17.298Z,2026-03-11T18:57:32.781Z
a542be88-20db-442e-9474-9d7c7c9e5179,4ab96c3b-a507-45bb-90d4-0cbea9ffdeb8,1,GIBRALTAR,GIBRALTAR,,,,,,,,,,,6000,Equipo de Audio e Instrumentos,10,2026-03-10T04:27:17.298Z,2026-03-11T18:56:13.418Z
5abdd6c9-5c4d-48f9-a8c2-6cea4011bf6a,4ab96c3b-a507-45bb-90d4-0cbea9ffdeb8,1,POWER,POWER,,,,,100002881.0,100002881.0,,,,,5000,Equipo de Audio e Instrumentos,10,2026-03-10T04:27:17.298Z,2026-03-11T18:57:32.531Z
580722bb-a76c-42a2-bb46-2c3af5dd296d,4ab96c3b-a507-45bb-90d4-0cbea9ffdeb8,1,POWER,POWER,,,,,CROWN,CROWN,,,,2008-07-24T06:00:00.000Z,20700,Equipo de Audio e Instrumentos,10,2026-03-10T04:27:17.298Z,2026-03-11T18:57:32.288Z
cc58bd21-02aa-4e25-82ff-23c3dc4bd02a,4ab96c3b-a507-45bb-90d4-0cbea9ffdeb8,1,POR DE BONGOES,POR DE BONGOES,,,,,,,,,,,5000,Equipo de Audio e Instrumentos,10,2026-03-10T04:27:17.298Z,2026-03-11T18:57:32.042Z
6fcee46b-8573-4d4f-8006-7428643b296b,4ab96c3b-a507-45bb-90d4-0cbea9ffdeb8,1,PIANO,PIANO,,,,,ESCENARIO DIGITAL Y SINTETIZADOR SKU 834035001677,ESCENARIO DIGITAL Y SINTETIZADOR SKU 834035001677,,,,2024-01-03T06:00:00.000Z,157000,Equipo de Audio e Instrumentos,10,2026-03-10T04:27:17.298Z,2026-03-11T18:57:31.797Z
c255064e-d10e-421e-aae9-23c89a2377b3,4ab96c3b-a507-45bb-90d4-0cbea9ffdeb8,3,MONITORES DE OIDO BEHRINGER P2,MONITORES DE OIDO BEHRINGER P2,,,,,,,,,,2022-06-30T06:00:00.000Z,6411.54,Equipo de Audio e Instrumentos,10,2026-03-10T04:27:17.298Z,2026-03-12T20:40:35.205Z
5b69dbff-7511-4fa2-b392-cae23fd5804a,4ab96c3b-a507-45bb-90d4-0cbea9ffdeb8,1,PIANO,PIANO,,,,,,,,,,,20000,Equipo de Audio e Instrumentos,10,2026-03-10T04:27:17.298Z,2026-03-11T18:57:31.553Z
54e1e861-ab35-4ab2-a21e-d77fa5fbb469,4ab96c3b-a507-45bb-90d4-0cbea9ffdeb8,1,PIANO,PIANO,,,,,5810385N3800,5810385N3800,,,,2006-06-19T05:00:00.000Z,43580,Equipo de Audio e Instrumentos,10,2026-03-10T04:27:17.298Z,2026-03-11T18:57:31.307Z
c637d5a9-cee7-4a3a-983e-58257c4cc2f2,4ab96c3b-a507-45bb-90d4-0cbea9ffdeb8,1,PIANO,PIANO,,,,,CM47035,CM47035,,,,,7000,Equipo de Audio e Instrumentos,10,2026-03-10T04:27:17.298Z,2026-03-11T18:57:31.061Z
a5566df9-36f4-432a-835d-f718be58b6fa,4ab96c3b-a507-45bb-90d4-0cbea9ffdeb8,1,PIANO,PIANO,,,,,JY01400,JY01400,,,,2009-09-30T06:00:00.000Z,27500,Equipo de Audio e Instrumentos,10,2026-03-10T04:27:17.298Z,2026-03-11T18:57:30.816Z
9233e1c6-dcb1-4be8-8e12-2e36710b9a4a,4ab96c3b-a507-45bb-90d4-0cbea9ffdeb8,3,PEDESTALES P/MICROFONO SOUND KING,PEDESTALES P/MICROFONO SOUND KING,,,,,,,,,,2025-11-04T06:00:00.000Z,2584.48,Equipo de Audio e Instrumentos,5,2026-03-10T04:27:17.298Z,2026-03-11T18:57:30.570Z
af65065b-32df-4a72-a3a1-516c5bbaf6df,4ab96c3b-a507-45bb-90d4-0cbea9ffdeb8,2,PEDESTALES P/MICROFONO CON BOOM,PEDESTALES P/MICROFONO CON BOOM,,,,,0025 SK DD00048,0025 SK DD00048,,,,2024-07-04T06:00:00.000Z,1560,Equipo de Audio e Instrumentos,10,2026-03-10T04:27:17.298Z,2026-03-11T18:57:30.326Z
d106564e-7281-4ed0-bd1e-2fe3e2e06c12,4ab96c3b-a507-45bb-90d4-0cbea9ffdeb8,1,PEDESTAL P/AMPLIFICADOR,PEDESTAL P/AMPLIFICADOR,,,,,,,,,,2023-07-07T06:00:00.000Z,622.84,Equipo de Audio e Instrumentos,10,2026-03-10T04:27:17.298Z,2026-03-11T18:57:29.836Z
35111951-b292-4954-a833-58eae9b98ddb,4ab96c3b-a507-45bb-90d4-0cbea9ffdeb8,1,PEDEST. PORTA MICROF.,PEDEST. PORTA MICROF.,,,,,,,,,,,1200,Equipo de Audio e Instrumentos,10,2026-03-10T04:27:17.298Z,2026-03-11T18:57:29.592Z
c536e874-2b19-4a49-8771-f2b63d59bd2b,4ab96c3b-a507-45bb-90d4-0cbea9ffdeb8,10,PEDEST. P/MICROFONOS,PEDEST. P/MICROFONOS,,,,,,,,,,,1800,Equipo de Audio e Instrumentos,10,2026-03-10T04:27:17.298Z,2026-03-11T18:57:29.347Z
363a2646-91ac-4faa-9c5a-77dc4e35552d,4ab96c3b-a507-45bb-90d4-0cbea9ffdeb8,4,PEDEST. P/MICR- BRAZO,PEDEST. P/MICR- BRAZO,,,,,,,,,,2007-07-26T06:00:00.000Z,1800,Equipo de Audio e Instrumentos,10,2026-03-10T04:27:17.298Z,2026-03-11T18:57:29.103Z
519ad172-0707-4ac9-a676-f4e20300730a,4ab96c3b-a507-45bb-90d4-0cbea9ffdeb8,2,PEDEST. P/BOCINA/BAJO,PEDEST. P/BOCINA/BAJO,,,,,,,,,,,3000,Equipo de Audio e Instrumentos,10,2026-03-10T04:27:17.298Z,2026-03-11T18:57:28.858Z
beba24ef-cf2e-4c60-aca8-a8e956ec2c61,4ab96c3b-a507-45bb-90d4-0cbea9ffdeb8,1,PEDALERA DE EFECTOS,PEDALERA DE EFECTOS,,,,,FPD1P5606001836,FPD1P5606001836,,,,,5500,Equipo de Audio e Instrumentos,10,2026-03-10T04:27:17.298Z,2026-03-11T18:57:28.614Z
425c6070-d096-4e25-8936-ca84462a23a9,4ab96c3b-a507-45bb-90d4-0cbea9ffdeb8,2,PED. P/PIANO TIPO MESA,PED. P/PIANO TIPO MESA,,,,,,,,,,,1200,Equipo de Audio e Instrumentos,10,2026-03-10T04:27:17.298Z,2026-03-11T18:57:28.369Z
7ab1cfab-6ff9-4f0c-820c-673236f5d5af,4ab96c3b-a507-45bb-90d4-0cbea9ffdeb8,2,PASTILLAS PARA MICROFONOS SHURE BETA 87A,PASTILLAS PARA MICROFONOS SHURE BETA 87A,,,,,RPW120 BETA87A,RPW120 BETA87A,,,,2025-03-20T06:00:00.000Z,18016.54,Equipo de Audio e Instrumentos,5,2026-03-10T04:27:17.298Z,2026-03-11T18:57:28.124Z
3261c504-1e8c-4efa-9551-1b1f3a5e676c,4ab96c3b-a507-45bb-90d4-0cbea9ffdeb8,6,PARLANTES AEREO ACTIVO DB TECNOLOGIES  T12,PARLANTES AEREO ACTIVO DB TECNOLOGIES  T12,,,,,,,,,,2019-05-31T06:00:00.000Z,472500,Equipo de Audio e Instrumentos,10,2026-03-10T04:27:17.298Z,2026-03-11T18:57:27.617Z
82aa7eda-1366-43c0-aaa2-73fec2e3f7f4,4ab96c3b-a507-45bb-90d4-0cbea9ffdeb8,2,"PARLANTES 2X15"" 500WATTS","PARLANTES 2X15"" 500WATTS",,,,,,,,,,2008-04-12T06:00:00.000Z,8580,Equipo de Audio e Instrumentos,10,2026-03-10T04:27:17.298Z,2026-03-11T18:57:27.375Z
9b1eb430-9aac-439f-af34-41dc7835ce91,4ab96c3b-a507-45bb-90d4-0cbea9ffdeb8,1,PAR DE TAROLAS,PAR DE TAROLAS,,,,,,,,,,,1500,Equipo de Audio e Instrumentos,10,2026-03-10T04:27:17.298Z,2026-03-11T18:57:27.133Z
6ec0e55f-31db-45c8-b088-09bc4b98ebd6,4ab96c3b-a507-45bb-90d4-0cbea9ffdeb8,1,PAR DE CONGAS,PAR DE CONGAS,,,,,MARATHON,MARATHON,,,,,4000,Equipo de Audio e Instrumentos,10,2026-03-10T04:27:17.298Z,2026-03-11T18:57:26.891Z
abfb6456-61be-4bf0-9215-37f71eec70cf,4ab96c3b-a507-45bb-90d4-0cbea9ffdeb8,1,PANEL ACUSTICO PARA BATERIA DE ALABANZA,PANEL ACUSTICO PARA BATERIA DE ALABANZA,,,,,,,,,,2021-12-31T06:00:00.000Z,44516.59,Equipo de Audio e Instrumentos,10,2026-03-10T04:27:17.298Z,2026-03-11T18:57:26.649Z
16a0fa93-039a-45af-b022-5c289101adcb,4ab96c3b-a507-45bb-90d4-0cbea9ffdeb8,2,MONITORES TOUCHSCREEN 24``,MONITORES TOUCHSCREEN 24``,,,,,,,,,,2023-04-03T06:00:00.000Z,19904.2,Equipo de Audio e Instrumentos,10,2026-03-10T04:27:17.298Z,2026-03-11T18:57:26.407Z
50b9f260-800c-4c90-9f1c-b425f5148fab,4ab96c3b-a507-45bb-90d4-0cbea9ffdeb8,1,MONITORES PERSONALES  AVIOM,MONITORES PERSONALES  AVIOM,,,,,,,,,,2017-03-31T06:00:00.000Z,85935,Equipo de Audio e Instrumentos,10,2026-03-10T04:27:17.298Z,2026-03-11T18:57:26.166Z
4c6af0e2-1926-461b-873f-47abed2c4a1a,4ab96c3b-a507-45bb-90d4-0cbea9ffdeb8,2,MONITORES,MONITORES,,,,,,,,,,2023-01-31T06:00:00.000Z,86000,Equipo de Audio e Instrumentos,10,2026-03-10T04:27:17.298Z,2026-03-11T18:57:25.438Z
abde6753-0e16-4dfa-839c-cebb1754d698,4ab96c3b-a507-45bb-90d4-0cbea9ffdeb8,1,MONITOR PSM300 SHURE,MONITOR PSM300 SHURE,,,,,,,,,,2019-05-31T06:00:00.000Z,22950,Equipo de Audio e Instrumentos,10,2026-03-10T04:27:17.298Z,2026-03-11T18:57:25.196Z
2bb3b255-d8dd-4233-b4f0-f021b64d2546,4ab96c3b-a507-45bb-90d4-0cbea9ffdeb8,1,MONITOR PARA CABINA DE MULTIMEDIA,MONITOR PARA CABINA DE MULTIMEDIA,,,,,,,,,,2019-03-31T06:00:00.000Z,5000,Equipo de Audio e Instrumentos,10,2026-03-10T04:27:17.298Z,2026-03-11T18:57:24.954Z
e84419cb-d1a9-471a-ac51-a22c8a5897fe,4ab96c3b-a507-45bb-90d4-0cbea9ffdeb8,1,MONITOR MARCA SHURE PARA USO HNO. NUN MEJIA,MONITOR MARCA SHURE PARA USO HNO. NUN MEJIA,,,,,,,,,,2022-08-31T06:00:00.000Z,5900,Equipo de Audio e Instrumentos,10,2026-03-10T04:27:17.298Z,2026-03-11T18:57:24.712Z
f0b84050-4722-426e-af08-7780a7a101f9,4ab96c3b-a507-45bb-90d4-0cbea9ffdeb8,1,MONITOR LED 21.5 PULGADAS WIDESCRREN,MONITOR LED 21.5 PULGADAS WIDESCRREN,,,,,,,,,,2021-06-30T06:00:00.000Z,4524.19,Equipo de Audio e Instrumentos,10,2026-03-10T04:27:17.298Z,2026-03-11T18:57:24.470Z
1e28a812-5961-4a00-835b-1023da5e9801,4ab96c3b-a507-45bb-90d4-0cbea9ffdeb8,1,MONITOR,MONITOR,,,,,,,,,,,3000,Equipo de Audio e Instrumentos,10,2026-03-10T04:27:17.298Z,2026-03-11T18:57:24.228Z
53ebb2d9-ddc3-42af-97d8-93bd15391936,4ab96c3b-a507-45bb-90d4-0cbea9ffdeb8,5,MICROFONOS SM 57,MICROFONOS SM 57,,,,,,,,,,2008-08-31T06:00:00.000Z,14800,Equipo de Audio e Instrumentos,10,2026-03-10T04:27:17.298Z,2026-03-11T18:57:23.745Z
c3c0b1e9-b5eb-4e00-9d42-c867db216579,4ab96c3b-a507-45bb-90d4-0cbea9ffdeb8,6,MICROFONOS SHURE-BETA 58A,MICROFONOS SHURE-BETA 58A,,,,,,,,,,2017-06-30T06:00:00.000Z,27565.5,Equipo de Audio e Instrumentos,10,2026-03-10T04:27:17.298Z,2026-03-11T18:57:23.500Z
2af9903a-6f83-42ad-968d-f2d56523fa43,4ab96c3b-a507-45bb-90d4-0cbea9ffdeb8,3,MICROFONOS SHURE BETA 98 PARA BATERIA,MICROFONOS SHURE BETA 98 PARA BATERIA,,,,,,,,,,2019-07-31T06:00:00.000Z,17877.03,Equipo de Audio e Instrumentos,10,2026-03-10T04:27:17.298Z,2026-03-11T18:57:23.254Z
dc6975df-29f8-4a5c-a452-e4cecfa34dad,4ab96c3b-a507-45bb-90d4-0cbea9ffdeb8,2,MICROFONOS PODCAST XLR CARDIO,MICROFONOS PODCAST XLR CARDIO,,,,,,,,,,2025-06-13T06:00:00.000Z,16978.96,Equipo de Audio e Instrumentos,10,2026-03-10T04:27:17.298Z,2026-03-11T18:57:23.009Z
80096b5b-51da-41f4-bd3d-75cd8d6a78fc,4ab96c3b-a507-45bb-90d4-0cbea9ffdeb8,5,MICROFONOS P/BATERIA,MICROFONOS P/BATERIA,,,,,,,,,,,10000,Equipo de Audio e Instrumentos,10,2026-03-10T04:27:17.298Z,2026-03-11T18:57:22.766Z
518e0d69-0b12-468c-854a-c62e2eec1e36,4ab96c3b-a507-45bb-90d4-0cbea9ffdeb8,2,MICROFONOS INSTRUMENTALES SMS7,MICROFONOS INSTRUMENTALES SMS7,,,,,,,,,,2024-05-10T06:00:00.000Z,6900,Equipo de Audio e Instrumentos,10,2026-03-10T04:27:17.298Z,2026-03-11T18:57:22.523Z
b20a4f83-a0ac-44e2-8ae2-36a5759f380a,4ab96c3b-a507-45bb-90d4-0cbea9ffdeb8,2,MICROFONOS INALAMBRICOS,MICROFONOS INALAMBRICOS,,,,,TSPS01,TSPS01,,,,2014-03-12T06:00:00.000Z,19550,Equipo de Audio e Instrumentos,10,2026-03-10T04:27:17.298Z,2026-03-11T18:57:22.279Z
70b1e149-d716-4cea-96f0-c2bc0e0cae2d,4ab96c3b-a507-45bb-90d4-0cbea9ffdeb8,2,MICROFONOS INALAMBRICOS,MICROFONOS INALAMBRICOS,,,,,TSPS01,TSPS01,,,,2014-03-12T06:00:00.000Z,14950,Equipo de Audio e Instrumentos,10,2026-03-10T04:27:17.298Z,2026-03-11T18:57:22.035Z
9ceff5eb-3248-4e3c-86c0-189004bbbf0a,4ab96c3b-a507-45bb-90d4-0cbea9ffdeb8,9,MICROFONOS BETA 58,MICROFONOS BETA 58,,,,,,,,,,,13500,Equipo de Audio e Instrumentos,10,2026-03-10T04:27:17.298Z,2026-03-11T18:57:21.494Z
81f538ba-791c-417d-b0f3-082de7bc039c,4ab96c3b-a507-45bb-90d4-0cbea9ffdeb8,4,MICROFONOS,MICROFONOS,,,,,,,,,,2016-05-31T06:00:00.000Z,4800,Equipo de Audio e Instrumentos,10,2026-03-10T04:27:17.298Z,2026-03-11T18:57:21.249Z
12ff14c2-e204-4e50-8248-849c61c71a45,4ab96c3b-a507-45bb-90d4-0cbea9ffdeb8,5,MICROFONOS,MICROFONOS,,,,,,,,,,2012-12-15T06:00:00.000Z,19061.99,Equipo de Audio e Instrumentos,10,2026-03-10T04:27:17.298Z,2026-03-11T18:57:21.004Z
0c8cd91e-ceaf-48b6-b476-18a4d90bd62d,4ab96c3b-a507-45bb-90d4-0cbea9ffdeb8,1,MICROFONO V7 SE ELECTRONICS,MICROFONO V7 SE ELECTRONICS,,,,,Serie 00V7B04329,Serie 00V7B04329,,,,2025-09-19T06:00:00.000Z,2920.01,Equipo de Audio e Instrumentos,5,2026-03-10T04:27:17.298Z,2026-03-11T18:57:20.759Z
ce093bed-e37f-47bd-bcaa-78081ab5146c,4ab96c3b-a507-45bb-90d4-0cbea9ffdeb8,2,MICROFONO SHURE SM81,MICROFONO SHURE SM81,,,,,TIPO CARDIOIDE,TIPO CARDIOIDE,,,,2024-07-04T06:00:00.000Z,20800,Equipo de Audio e Instrumentos,10,2026-03-10T04:27:17.298Z,2026-03-11T18:57:20.266Z
1ac52b99-38f8-413c-91ac-762a531c65b7,4ab96c3b-a507-45bb-90d4-0cbea9ffdeb8,1,MICROFONO SHURE SM 58,MICROFONO SHURE SM 58,,,,,,,,,,2024-05-10T06:00:00.000Z,3569.6,Equipo de Audio e Instrumentos,10,2026-03-10T04:27:17.298Z,2026-03-11T18:57:20.022Z
3ce9d494-050f-4396-a147-80dd78b143a9,4ab96c3b-a507-45bb-90d4-0cbea9ffdeb8,1,MICROFONO SHURE QLXD2/SM58 H50,MICROFONO SHURE QLXD2/SM58 H50,,,,,,,,,,2024-03-10T06:00:00.000Z,10241.53,Equipo de Audio e Instrumentos,10,2026-03-10T04:27:17.298Z,2026-03-11T18:57:19.776Z
0232c093-f192-4fb3-974e-9c1f8d704670,4ab96c3b-a507-45bb-90d4-0cbea9ffdeb8,1,MICROFONO SHURE QLXD2/SM58 G50,MICROFONO SHURE QLXD2/SM58 G50,,,,,,,,,,2024-03-10T06:00:00.000Z,10241.53,Equipo de Audio e Instrumentos,10,2026-03-10T04:27:17.298Z,2026-03-11T18:57:19.530Z
9b370655-4c6c-41a3-9f47-56d3e4c81474,4ab96c3b-a507-45bb-90d4-0cbea9ffdeb8,2,MICROFONO SHURE QLXD2 G50,MICROFONO SHURE QLXD2 G50,,,,,,,,,,2024-03-25T06:00:00.000Z,24800,Equipo de Audio e Instrumentos,10,2026-03-10T04:27:17.298Z,2026-03-11T18:57:19.285Z
de1bfe93-f8c7-4922-b8c9-44c5ace8bd3d,4ab96c3b-a507-45bb-90d4-0cbea9ffdeb8,1,MICROFONO SHURE QLXD2,MICROFONO SHURE QLXD2,,,,,SE 2EB12371366,SE 2EB12371366,,,,2025-03-20T06:00:00.000Z,11984.76,Equipo de Audio e Instrumentos,10,2026-03-10T04:27:17.298Z,2026-03-11T18:57:19.040Z
a5efd47e-7fae-4986-8838-10a3679e865a,4ab96c3b-a507-45bb-90d4-0cbea9ffdeb8,1,MICROFONO SHURE CON SWITCH,MICROFONO SHURE CON SWITCH,,,,,,,,,,2019-06-30T06:00:00.000Z,3375.54,Equipo de Audio e Instrumentos,10,2026-03-10T04:27:17.298Z,2026-03-11T18:57:18.795Z
2e3a7402-d9ad-407c-9693-cd64618a9a29,4ab96c3b-a507-45bb-90d4-0cbea9ffdeb8,1,MICROFONO RODE M5 PARA BATERIA,MICROFONO RODE M5 PARA BATERIA,,,,,,,,,,2019-07-31T06:00:00.000Z,5089.45,Equipo de Audio e Instrumentos,10,2026-03-10T04:27:17.298Z,2026-03-11T18:57:18.550Z
1eec2347-3bea-451f-9a55-72692a88a999,4ab96c3b-a507-45bb-90d4-0cbea9ffdeb8,1,MICROFONO PARA CAMARA MOVO,MICROFONO PARA CAMARA MOVO,,,,,,,,,,2019-07-31T06:00:00.000Z,986.43,Equipo de Audio e Instrumentos,10,2026-03-10T04:27:17.298Z,2026-03-11T18:57:18.304Z
b7af2fd0-37e4-4857-90fe-d63f71b524b8,4ab96c3b-a507-45bb-90d4-0cbea9ffdeb8,1,MICROFONO P/BOMBO,MICROFONO P/BOMBO,,,,,,,,,,,2500,Equipo de Audio e Instrumentos,10,2026-03-10T04:27:17.298Z,2026-03-11T18:57:18.059Z
368d793d-f7a5-4434-960f-50d3ce7bc941,4ab96c3b-a507-45bb-90d4-0cbea9ffdeb8,1,MICROFONO INALAMBRICO SHURE QLXD SM58,MICROFONO INALAMBRICO SHURE QLXD SM58,,,,,,,,,,2019-07-31T06:00:00.000Z,25575.18,Equipo de Audio e Instrumentos,10,2026-03-10T04:27:17.298Z,2026-03-11T18:57:17.569Z
11ab2e1a-b0a6-472d-b732-47112e2238ca,4ab96c3b-a507-45bb-90d4-0cbea9ffdeb8,1,MICROFONO INALAMBRICO SHURE LAVALIER DXI,MICROFONO INALAMBRICO SHURE LAVALIER DXI,,,,,,,,,,2019-07-31T06:00:00.000Z,25575.18,Equipo de Audio e Instrumentos,10,2026-03-10T04:27:17.298Z,2026-03-11T18:57:17.324Z
fdc93809-99ce-4fd0-afca-708104730bbc,4ab96c3b-a507-45bb-90d4-0cbea9ffdeb8,1,MICROFONO INALAMBRICO,MICROFONO INALAMBRICO,,,,,,,,,,2012-03-31T06:00:00.000Z,15000,Equipo de Audio e Instrumentos,10,2026-03-10T04:27:17.298Z,2026-03-11T18:57:16.816Z
c127abf0-a5ef-47cd-8c30-4763fb1ee192,4ab96c3b-a507-45bb-90d4-0cbea9ffdeb8,1,MICROFONO INALAMBRICO,MICROFONO INALAMBRICO,,,,,,,,,,2008-08-31T06:00:00.000Z,14430,Equipo de Audio e Instrumentos,10,2026-03-10T04:27:17.298Z,2026-03-11T18:57:16.572Z
ffce4a50-59ad-46be-b2db-fcd1933f88e1,4ab96c3b-a507-45bb-90d4-0cbea9ffdeb8,1,MICROFONO DINAMICO TIPO CARDIOIDE,MICROFONO DINAMICO TIPO CARDIOIDE,,,,,0054-SM81-LC,0054-SM81-LC,,,,2023-11-22T06:00:00.000Z,10600,Equipo de Audio e Instrumentos,10,2026-03-10T04:27:17.298Z,2026-03-11T18:57:16.327Z
ba44c217-66d9-4d68-8aea-420e54b4ecd6,4ab96c3b-a507-45bb-90d4-0cbea9ffdeb8,1,MICROFONO DINAMICO,MICROFONO DINAMICO,,,,,TIPO CARDIOIDE,TIPO CARDIOIDE,,,,2023-07-11T06:00:00.000Z,10400,Equipo de Audio e Instrumentos,10,2026-03-10T04:27:17.298Z,2026-03-11T18:57:16.082Z
3cdac070-d32c-41d6-8080-dc6625cf6a2f,4ab96c3b-a507-45bb-90d4-0cbea9ffdeb8,1,MICROFONO DE MANO PARA SALON DE USOS MULTIPLES PLANTA ALTA,MICROFONO DE MANO PARA SALON DE USOS MULTIPLES PLANTA ALTA,,,,,,,,,,2020-01-31T06:00:00.000Z,3100,Equipo de Audio e Instrumentos,10,2026-03-10T04:27:17.298Z,2026-03-11T18:57:15.837Z
3277a12c-67b5-4d0a-b55a-47582556f221,4ab96c3b-a507-45bb-90d4-0cbea9ffdeb8,1,MICROFONO,MICROFONO,,,,,,,,,,,2500,Equipo de Audio e Instrumentos,10,2026-03-10T04:27:17.298Z,2026-03-11T18:57:15.594Z
7c027382-083c-4204-9e7d-437ee3b1e412,4ab96c3b-a507-45bb-90d4-0cbea9ffdeb8,1,MEDUSA,MEDUSA,,,,,,,,,,,10000,Equipo de Audio e Instrumentos,10,2026-03-10T04:27:17.298Z,2026-03-11T18:57:15.348Z
71ba4561-3ecf-487c-bd8d-d2f8a5a71f9a,4ab96c3b-a507-45bb-90d4-0cbea9ffdeb8,1,MEDUSA,MEDUSA,,,,,,,,,,2004-09-11T06:00:00.000Z,23000,Equipo de Audio e Instrumentos,10,2026-03-10T04:27:17.298Z,2026-03-11T18:57:15.103Z
1470c97c-054e-4a74-911d-5b38b22bada5,4ab96c3b-a507-45bb-90d4-0cbea9ffdeb8,1,MATERIALES MUEBLE VIDEO,MATERIALES MUEBLE VIDEO,,,,,,,,,,2018-09-30T06:00:00.000Z,10000,Equipo de Audio e Instrumentos,10,2026-03-10T04:27:17.298Z,2026-03-11T18:57:14.856Z
850fe16d-de92-4d09-a4ad-07c8d5488b3e,4ab96c3b-a507-45bb-90d4-0cbea9ffdeb8,1,MALETA ESTUCHE MAGIMA PARA EQUIPO,MALETA ESTUCHE MAGIMA PARA EQUIPO,,,,,,,,,,2019-07-31T06:00:00.000Z,8414.22,Equipo de Audio e Instrumentos,10,2026-03-10T04:27:17.298Z,2026-03-11T18:57:14.610Z
d3a5bd55-9c35-4f6c-923f-1c3b91358972,4ab96c3b-a507-45bb-90d4-0cbea9ffdeb8,1,LUZ PEQUEÑA CON TRIPODE,LUZ PEQUEÑA CON TRIPODE,,,,,,,,,,2019-07-31T06:00:00.000Z,863.13,Equipo de Audio e Instrumentos,10,2026-03-10T04:27:17.298Z,2026-03-11T18:57:14.365Z
f9a52925-15aa-4ebf-a08f-10cd6a9e1808,4ab96c3b-a507-45bb-90d4-0cbea9ffdeb8,1,LUCES LED PAR 64 DMY,LUCES LED PAR 64 DMY,,,,,,,,,,2020-01-31T06:00:00.000Z,5040,Equipo de Audio e Instrumentos,10,2026-03-10T04:27:17.298Z,2026-03-11T18:57:14.121Z
dc2b41c2-62f5-4461-9fc0-3b8ab6dd1b22,4ab96c3b-a507-45bb-90d4-0cbea9ffdeb8,1,"LOUDBOX ARTIST +BT, US 120V","LOUDBOX ARTIST +BT, US 120V",,,,,,,,,,2023-07-07T06:00:00.000Z,20171,Equipo de Audio e Instrumentos,10,2026-03-10T04:27:17.298Z,2026-03-11T18:57:13.875Z
87600d44-d73d-4dac-afbc-e0cace1674fe,4ab96c3b-a507-45bb-90d4-0cbea9ffdeb8,1,LAPTOP MACBOOK 2015,LAPTOP MACBOOK 2015,,,,,,,,,,2018-06-30T06:00:00.000Z,21509.44,Equipo de Audio e Instrumentos,10,2026-03-10T04:27:17.298Z,2026-03-11T18:57:13.631Z
5363b873-6120-420b-8a07-05d9b19b5d80,4ab96c3b-a507-45bb-90d4-0cbea9ffdeb8,1,PEDESTAL P/PIANO,PEDESTAL P/PIANO,,,,,,,,,,,2000,Equipo de Audio e Instrumentos,10,2026-03-10T04:27:17.298Z,2026-03-11T18:56:33.259Z
6386c63e-9dfd-4d9e-ae8d-71c38f03d9d5,4ab96c3b-a507-45bb-90d4-0cbea9ffdeb8,1,KIT MICROFONOS,KIT MICROFONOS,,,,,,,,,,2004-09-25T06:00:00.000Z,3780,Equipo de Audio e Instrumentos,10,2026-03-10T04:27:17.298Z,2026-03-11T18:57:13.386Z
ffa52ac6-795a-4c3f-b3c4-b10007a9fe49,4ab96c3b-a507-45bb-90d4-0cbea9ffdeb8,1,BANCO PARA AMASADORA,BANCO PARA AMASADORA,,,,,,,,,,2022-11-28T06:00:00.000Z,700,Equipos Diversos,10,2026-03-10T04:27:17.298Z,2026-03-11T18:56:33.996Z
0df150d2-4a17-40a1-862c-f3d7b5fb5255,4ab96c3b-a507-45bb-90d4-0cbea9ffdeb8,1,KIT DE IDENTIFICACIÓN PARA MICROFONOS AD2 SHURE,KIT DE IDENTIFICACIÓN PARA MICROFONOS AD2 SHURE,,,,,"SERIE 328KZ34289
182892","SERIE 328KZ34289
182892",,,,2024-04-04T06:00:00.000Z,765,Equipo de Audio e Instrumentos,10,2026-03-10T04:27:17.298Z,2026-03-11T18:57:13.141Z
4f5a4252-a604-432b-b9fe-a47c5a2923b4,4ab96c3b-a507-45bb-90d4-0cbea9ffdeb8,2,KIT CABLE DE CORRIENTE Y SEÑAL,KIT CABLE DE CORRIENTE Y SEÑAL,,,,,,,,,,2019-05-31T06:00:00.000Z,14280,Equipo de Audio e Instrumentos,10,2026-03-10T04:27:17.298Z,2026-03-11T18:57:12.896Z
0bda77a1-d303-4ff6-a7ef-ecf4395247df,4ab96c3b-a507-45bb-90d4-0cbea9ffdeb8,1,JUEGO DE DOS LUCES LED GVM,JUEGO DE DOS LUCES LED GVM,,,,,,,,,,2019-07-31T06:00:00.000Z,4438.7,Equipo de Audio e Instrumentos,10,2026-03-10T04:27:17.298Z,2026-03-11T18:57:12.652Z
eae6da09-088d-4c2a-a160-aef8bb94f20b,4ab96c3b-a507-45bb-90d4-0cbea9ffdeb8,1,IPAD PRO WIFE 256 GB SPACE GRAY 11 PULGADAS,IPAD PRO WIFE 256 GB SPACE GRAY 11 PULGADAS,,,,,,,,,,2023-01-26T06:00:00.000Z,25841.28,Equipo de Audio e Instrumentos,10,2026-03-10T04:27:17.298Z,2026-03-11T18:57:12.405Z
9e3c4e88-341d-4c31-9833-3fa04554a7c3,4ab96c3b-a507-45bb-90d4-0cbea9ffdeb8,1,INTERFAZIRING STREM PRO,INTERFAZIRING STREM PRO,,,,,,,,,,2025-11-03T06:00:00.000Z,5742.31,Equipo de Audio e Instrumentos,5,2026-03-10T04:27:17.298Z,2026-03-11T18:57:12.160Z
7c6484c0-8382-493f-b9b3-502c443939d4,4ab96c3b-a507-45bb-90d4-0cbea9ffdeb8,1,INTERFAZ SSL 2+ PARA USO DE STUDIO DE GRAVACION,INTERFAZ SSL 2+ PARA USO DE STUDIO DE GRAVACION,,,,,,,,,,2022-12-31T06:00:00.000Z,9641,Equipo de Audio e Instrumentos,10,2026-03-10T04:27:17.298Z,2026-03-11T18:57:11.914Z
5b2f416a-fc2d-4318-9c48-8c6b30f06d7f,4ab96c3b-a507-45bb-90d4-0cbea9ffdeb8,1,INTERFAZ APOLLO Para Windonws,INTERFAZ APOLLO Para Windonws,,,,,Serie 25122028500291,Serie 25122028500291,,,,2025-09-20T06:00:00.000Z,14056.67,Equipo de Audio e Instrumentos,5,2026-03-10T04:27:17.298Z,2026-03-11T18:57:11.669Z
d4cb75bd-e184-46b2-a7ba-6d20d6a62ee8,4ab96c3b-a507-45bb-90d4-0cbea9ffdeb8,1,INTERFAZ APOLLO Para MAC,INTERFAZ APOLLO Para MAC,,,,,Serie 25152032130329,Serie 25152032130329,,,,2025-09-19T06:00:00.000Z,17381.28,Equipo de Audio e Instrumentos,5,2026-03-10T04:27:17.298Z,2026-03-11T18:57:11.424Z
67be87cf-8322-4e42-a547-e5bf8a0d9a0b,4ab96c3b-a507-45bb-90d4-0cbea9ffdeb8,6,INTERCOMUNICADORES INALAMBRICOS,INTERCOMUNICADORES INALAMBRICOS,,,,,,,,,,2022-04-30T06:00:00.000Z,38874.37,Equipo de Audio e Instrumentos,10,2026-03-10T04:27:17.298Z,2026-03-11T18:57:11.179Z
c2c94a22-4ac3-4b46-9804-863f42f5aa3d,4ab96c3b-a507-45bb-90d4-0cbea9ffdeb8,1,GUITARRA ELECTROACÚSTICA,GUITARRA ELECTROACÚSTICA,,,,,A302-3TS/B,A302-3TS/B,,,,2023-11-09T06:00:00.000Z,4727.35,Equipo de Audio e Instrumentos,6.66,2026-03-10T04:27:17.298Z,2026-03-11T18:57:10.934Z
fb4f9b20-82f5-450f-96db-d28067e5acfc,4ab96c3b-a507-45bb-90d4-0cbea9ffdeb8,1,GUITARRA ELECTRO ACUSTICA,GUITARRA ELECTRO ACUSTICA,,,,,,,,,,2010-01-01T06:00:00.000Z,2500,Equipo de Audio e Instrumentos,10,2026-03-10T04:27:17.298Z,2026-03-11T18:57:10.686Z
cd19f022-0a5d-42fd-bba1-f839b3ff9aa0,4ab96c3b-a507-45bb-90d4-0cbea9ffdeb8,1,GUITARRA ELECTRICA,GUITARRA ELECTRICA,,,,,FE0170162707,FE0170162707,,,,2013-12-05T06:00:00.000Z,21840,Equipo de Audio e Instrumentos,10,2026-03-10T04:27:17.298Z,2026-03-11T18:57:10.440Z
deaa12a9-00eb-49ad-b1fc-e216a7aa8717,4ab96c3b-a507-45bb-90d4-0cbea9ffdeb8,1,FULL AUDIO X  BOCINA AMPLIFICADA 300W SOUNDTRACK  P/ESC.BI,FULL AUDIO X  BOCINA AMPLIFICADA 300W SOUNDTRACK  P/ESC.BI,,,,,,,,,,2018-06-30T06:00:00.000Z,12000,Equipo de Audio e Instrumentos,10,2026-03-10T04:27:17.298Z,2026-03-11T18:57:09.949Z
7217bdc0-cb43-4fba-9935-b3891362d77b,4ab96c3b-a507-45bb-90d4-0cbea9ffdeb8,1,FULL AUDIO  X  CONSOLA SOUNDTRACK DE 8 CANALES P/ESC.BIBLI,FULL AUDIO  X  CONSOLA SOUNDTRACK DE 8 CANALES P/ESC.BIBLI,,,,,,,,,,2018-06-30T06:00:00.000Z,6900,Equipo de Audio e Instrumentos,10,2026-03-10T04:27:17.298Z,2026-03-11T18:57:09.704Z
5ac8eb44-b4b6-4710-af14-3a721844e13e,4ab96c3b-a507-45bb-90d4-0cbea9ffdeb8,1,FLAUTA TRANSVERSA,FLAUTA TRANSVERSA,,,,,,,,,,2009-06-30T06:00:00.000Z,6101.78,Equipo de Audio e Instrumentos,10,2026-03-10T04:27:17.298Z,2026-03-11T18:57:09.460Z
aef4090e-36ba-42c1-938d-470ebd4b5494,4ab96c3b-a507-45bb-90d4-0cbea9ffdeb8,1,ECUALIZADOR,ECUALIZADOR,,,,,22832.0,22832.0,,,,,5000,Equipo de Audio e Instrumentos,10,2026-03-10T04:27:17.298Z,2026-03-11T18:57:08.970Z
faa48998-0ac3-4151-819c-4c0b37d42df2,4ab96c3b-a507-45bb-90d4-0cbea9ffdeb8,1,BATERIA,BATERIA,,,,,,,,,,,6000,Equipo de Audio e Instrumentos,10,2026-03-10T04:27:17.298Z,2026-03-11T18:56:59.365Z
a05b797d-c0a0-4a3b-83d9-64bf6210c7a8,4ab96c3b-a507-45bb-90d4-0cbea9ffdeb8,1,DRIVE RACK P/BOCINAS,DRIVE RACK P/BOCINAS,,,,,,,,,,2008-03-24T06:00:00.000Z,10500,Equipo de Audio e Instrumentos,10,2026-03-10T04:27:17.298Z,2026-03-11T18:57:08.481Z
48a2667a-892a-4124-9413-25e50660a203,4ab96c3b-a507-45bb-90d4-0cbea9ffdeb8,1,DISTRIBUIDOR DE ANTENA SHURE,DISTRIBUIDOR DE ANTENA SHURE,,,,,SE 2DK14554470,SE 2DK14554470,,,,2025-03-20T06:00:00.000Z,16748.03,Equipo de Audio e Instrumentos,10,2026-03-10T04:27:17.298Z,2026-03-11T18:57:08.236Z
693d5129-ad6a-4b6a-b797-52a08be89fd9,4ab96c3b-a507-45bb-90d4-0cbea9ffdeb8,1,DISCO DURO SAMUPE4T0SA ($299.99),DISCO DURO SAMUPE4T0SA ($299.99),,,,,#S6SFNJ0WA31604,#S6SFNJ0WA31604,,,,2024-06-10T06:00:00.000Z,7423.43,Equipo de Audio e Instrumentos,10,2026-03-10T04:27:17.298Z,2026-03-11T18:57:07.991Z
a95dcfd4-1957-4531-96d3-2184013be10b,4ab96c3b-a507-45bb-90d4-0cbea9ffdeb8,1,COMPUTADORA DE ESCRITORIO DELL PARA MULTIMEDIA,COMPUTADORA DE ESCRITORIO DELL PARA MULTIMEDIA,,,,,,,,,,2020-03-31T06:00:00.000Z,10956,Equipo de Audio e Instrumentos,10,2026-03-10T04:27:17.298Z,2026-03-11T18:57:07.501Z
120986ac-5dd9-4c38-8367-6d47ff09b08c,4ab96c3b-a507-45bb-90d4-0cbea9ffdeb8,1,DECK,DECK,,,,,8195052.0,8195052.0,,,,,2128,Equipo de Audio e Instrumentos,10,2026-03-10T04:27:17.298Z,2026-03-11T18:57:07.255Z
601307bc-0d6e-44ce-a17a-0a33d716700e,4ab96c3b-a507-45bb-90d4-0cbea9ffdeb8,1,Camara de video Sony y sus accesoiors,Camara de video Sony y sus accesoiors,,,,,,,,,,2024-11-04T06:00:00.000Z,128619.82,Equipo de Audio e Instrumentos,10,2026-03-10T04:27:17.298Z,2026-03-11T18:57:07.010Z
cafc3009-f33c-49bc-bc32-bee3e1a40e12,4ab96c3b-a507-45bb-90d4-0cbea9ffdeb8,1,CONSOLA MODULAR 64 CANALES,CONSOLA MODULAR 64 CANALES,,,,,,,,,,2023-03-09T06:00:00.000Z,582705.74,Equipo de Audio e Instrumentos,10,2026-03-10T04:27:17.298Z,2026-03-11T18:57:06.518Z
6e505625-e878-47a9-b688-9b6766bdcf70,4ab96c3b-a507-45bb-90d4-0cbea9ffdeb8,1,CONSOLA DIGITAL,CONSOLA DIGITAL,,,,,,,,,,2014-07-18T06:00:00.000Z,178500,Equipo de Audio e Instrumentos,10,2026-03-10T04:27:17.298Z,2026-03-11T18:57:05.979Z
a882b122-79bc-4aa1-8d86-932a0daf30a3,4ab96c3b-a507-45bb-90d4-0cbea9ffdeb8,1,CONSOLA DE 32 CANALES,CONSOLA DE 32 CANALES,,,,,,,,,,,40000,Equipo de Audio e Instrumentos,10,2026-03-10T04:27:17.298Z,2026-03-11T18:57:05.733Z
b2a32650-308a-4149-89d8-ca045c180487,4ab96c3b-a507-45bb-90d4-0cbea9ffdeb8,1,CONSOLA,CONSOLA,,,,,30316343.0,30316343.0,,,,2016-05-31T06:00:00.000Z,8730,Equipo de Audio e Instrumentos,10,2026-03-10T04:27:17.298Z,2026-03-11T18:57:05.489Z
66220e3e-78dd-43b5-be31-92ec4f7a3a11,4ab96c3b-a507-45bb-90d4-0cbea9ffdeb8,1,CONSOLA,CONSOLA,,,,,RW5734157336,RW5734157336,,,,2007-07-26T06:00:00.000Z,5000,Equipo de Audio e Instrumentos,10,2026-03-10T04:27:17.298Z,2026-03-11T18:57:05.244Z
96d4aaf0-ab2a-48c4-adff-1a6968dea76a,4ab96c3b-a507-45bb-90d4-0cbea9ffdeb8,1,CONCERTINA,CONCERTINA,,,,,,,,,,2011-04-30T06:00:00.000Z,7200,Equipo de Audio e Instrumentos,10,2026-03-10T04:27:17.298Z,2026-03-11T18:57:04.999Z
31a2707b-f5bd-4840-a685-df721db6a706,4ab96c3b-a507-45bb-90d4-0cbea9ffdeb8,1,CODIFICADOR Y GRABADOR ESTRIMI PARA MULTIMEDIA,CODIFICADOR Y GRABADOR ESTRIMI PARA MULTIMEDIA,,,,,,,,,,2020-02-29T06:00:00.000Z,36901.62,Equipo de Audio e Instrumentos,10,2026-03-10T04:27:17.298Z,2026-03-11T18:57:04.754Z
502c73d3-20a7-4e8e-9849-22faeb791272,4ab96c3b-a507-45bb-90d4-0cbea9ffdeb8,2,CENCERROS AMARILLOS/ROJO,CENCERROS AMARILLOS/ROJO,,,,,,,,,,,3000,Equipo de Audio e Instrumentos,10,2026-03-10T04:27:17.298Z,2026-03-11T18:57:04.262Z
f1531f9d-877b-405b-a555-e4d707e8fe42,4ab96c3b-a507-45bb-90d4-0cbea9ffdeb8,1,CASE PARA TECLADO 88 TECLAS MARCA GATOR,CASE PARA TECLADO 88 TECLAS MARCA GATOR,,,,,,,,,,2019-07-31T06:00:00.000Z,6521.66,Equipo de Audio e Instrumentos,10,2026-03-10T04:27:17.298Z,2026-03-11T18:57:04.017Z
7cd9840a-a0c5-4b65-9365-f9437bc10976,4ab96c3b-a507-45bb-90d4-0cbea9ffdeb8,1,CASE P/GUITARRA,CASE P/GUITARRA,,,,,,,,,,2013-12-05T06:00:00.000Z,3360,Equipo de Audio e Instrumentos,10,2026-03-10T04:27:17.298Z,2026-03-11T18:57:03.772Z
14c539e3-33f3-49c9-923b-abef7e95a8b9,4ab96c3b-a507-45bb-90d4-0cbea9ffdeb8,1,CARGADOR Y 2 BATERIAS DSTE NP-750,CARGADOR Y 2 BATERIAS DSTE NP-750,,,,,,,,,,2019-07-31T06:00:00.000Z,714.92,Equipo de Audio e Instrumentos,10,2026-03-10T04:27:17.298Z,2026-03-11T18:57:03.527Z
12e2bacf-7ebf-4931-bb17-bbd22481b026,4ab96c3b-a507-45bb-90d4-0cbea9ffdeb8,1,CARGADOR DE 8 BATERIAS PARA AUDIO,CARGADOR DE 8 BATERIAS PARA AUDIO,,,,,,,,,,2019-07-31T06:00:00.000Z,714.92,Equipo de Audio e Instrumentos,10,2026-03-10T04:27:17.298Z,2026-03-11T18:57:03.038Z
8378f397-7395-4a25-9d1a-65a4671c8c5b,4ab96c3b-a507-45bb-90d4-0cbea9ffdeb8,1,CAPTURARDORA BLACKMAGIC PARA COMPUTADORA,CAPTURARDORA BLACKMAGIC PARA COMPUTADORA,,,,,,,,,,2021-05-31T06:00:00.000Z,2776.53,Equipo de Audio e Instrumentos,10,2026-03-10T04:27:17.298Z,2026-03-11T18:57:02.793Z
2b865c47-5955-40f3-8387-7ded49aec2cd,4ab96c3b-a507-45bb-90d4-0cbea9ffdeb8,4,CAJAS DIRECTAS ACTIVAS BIHRINGER PARA VIDEO EN,CAJAS DIRECTAS ACTIVAS BIHRINGER PARA VIDEO EN,,,,,,,,,,2019-02-28T06:00:00.000Z,5796,Equipo de Audio e Instrumentos,10,2026-03-10T04:27:17.298Z,2026-03-11T18:57:02.549Z
74f3bf36-5754-431e-8b34-c53f3446b73c,4ab96c3b-a507-45bb-90d4-0cbea9ffdeb8,1,CAJA P/MICROFONO INALAMBRICO,CAJA P/MICROFONO INALAMBRICO,,,,,2110800735-05,2110800735-05,,,,,1500,Equipo de Audio e Instrumentos,10,2026-03-10T04:27:17.298Z,2026-03-11T18:57:02.303Z
9df7a29b-13c0-421c-b478-a2f456a9767c,4ab96c3b-a507-45bb-90d4-0cbea9ffdeb8,1,CAJA,CAJA,,,,,7692149000.0,7692149000.0,,,,2006-06-23T05:00:00.000Z,4644,Equipo de Audio e Instrumentos,10,2026-03-10T04:27:17.298Z,2026-03-11T18:57:02.058Z
d7661ea0-cf61-4302-97f3-5bc641c33890,4ab96c3b-a507-45bb-90d4-0cbea9ffdeb8,1,CAJA,CAJA,,,,,,,,,,2006-06-19T05:00:00.000Z,5410.66,Equipo de Audio e Instrumentos,10,2026-03-10T04:27:17.298Z,2026-03-11T18:57:01.813Z
9f7b6114-e9cf-47c7-ba27-302a165039f2,4ab96c3b-a507-45bb-90d4-0cbea9ffdeb8,2,BRAQUET PARA COLGAR BOCINAS DB TECHNOLOGIES T12,BRAQUET PARA COLGAR BOCINAS DB TECHNOLOGIES T12,,,,,,,,,,2019-05-31T06:00:00.000Z,40650,Equipo de Audio e Instrumentos,10,2026-03-10T04:27:17.298Z,2026-03-11T18:57:01.569Z
f3712aae-5661-4da5-bf1d-36219d146eb3,4ab96c3b-a507-45bb-90d4-0cbea9ffdeb8,4,DIAFRAGMAS P/DRIVER 2447,DIAFRAGMAS P/DRIVER 2447,,,,,,,,,,2008-03-24T06:00:00.000Z,13400,Equipo de Audio e Instrumentos,10,2026-03-10T04:27:17.298Z,2026-03-11T18:57:07.746Z
3df4be01-8140-4259-a3ac-ddaee89c9f28,4ab96c3b-a507-45bb-90d4-0cbea9ffdeb8,1,AMPLIFICADOR BAJO ELECTRICO TUVRheinland,AMPLIFICADOR BAJO ELECTRICO TUVRheinland,,,,,,Serie LH103J00001,,,,2024-08-07T06:00:00.000Z,17417.43,Equipo de Audio e Instrumentos,10,2026-03-10T04:27:17.298Z,2026-03-12T19:54:05.702Z
f4631e2b-c14b-4bc0-8313-99765a601e5b,4ab96c3b-a507-45bb-90d4-0cbea9ffdeb8,2,BOCINAS,BOCINAS,,,,,32836-32887,32836-32887,,,,2017-05-31T06:00:00.000Z,46000,Equipo de Audio e Instrumentos,10,2026-03-10T04:27:17.298Z,2026-03-11T18:57:01.079Z
99a56076-19e2-4f39-a1e9-c7f2c9e7acc9,4ab96c3b-a507-45bb-90d4-0cbea9ffdeb8,1,BOCINA/AMPLIFICA/ P/BAJO,BOCINA/AMPLIFICA/ P/BAJO,,,,,,,,,,2001-05-26T06:00:00.000Z,13500,Equipo de Audio e Instrumentos,10,2026-03-10T04:27:17.298Z,2026-03-11T18:57:00.834Z
1e7ae884-025e-4db6-a2d8-7f479b4e5e77,4ab96c3b-a507-45bb-90d4-0cbea9ffdeb8,1,BOCINA RECARGABLE,BOCINA RECARGABLE,,,,,,,,,,2024-07-18T06:00:00.000Z,9675.85,Equipo de Audio e Instrumentos,10,2026-03-10T04:27:17.298Z,2026-03-11T18:57:00.590Z
fe8ab8b1-5f46-428a-811d-c235d1ddb9e5,4ab96c3b-a507-45bb-90d4-0cbea9ffdeb8,1,BOCINA P/MONITOR,BOCINA P/MONITOR,,,,,10890618.0,10890618.0,,,,,4500,Equipo de Audio e Instrumentos,10,2026-03-10T04:27:17.298Z,2026-03-11T18:57:00.345Z
a21a1dd8-5ec5-454b-a1a5-a2cd0b7db09a,4ab96c3b-a507-45bb-90d4-0cbea9ffdeb8,1,BOCINA COMBO GUITARRA,BOCINA COMBO GUITARRA,,,,,M-2001-34-1820,M-2001-34-1820,,,,2004-08-05T06:00:00.000Z,6912,Equipo de Audio e Instrumentos,10,2026-03-10T04:27:17.298Z,2026-03-11T18:57:00.100Z
c63a8107-afc3-4cb7-974c-936a31ee241d,4ab96c3b-a507-45bb-90d4-0cbea9ffdeb8,1,BOCINA AMPLIFICADA,BOCINA AMPLIFICADA,,,,,P035299637,P035299637,,,,2007-07-26T06:00:00.000Z,16100,Equipo de Audio e Instrumentos,10,2026-03-10T04:27:17.298Z,2026-03-11T18:56:59.855Z
1b4bb59b-eed6-4a7c-9aee-f1a43981d8bc,4ab96c3b-a507-45bb-90d4-0cbea9ffdeb8,1,BATERIAS DSTE NP'F970,BATERIAS DSTE NP'F970,,,,,,,,,,2019-07-31T06:00:00.000Z,801.23,Equipo de Audio e Instrumentos,10,2026-03-10T04:27:17.298Z,2026-03-11T18:56:59.610Z
83b8d689-24bd-4fd2-9cd1-ecc991d3fc61,4ab96c3b-a507-45bb-90d4-0cbea9ffdeb8,1,BAJOS 2X18 ACTIVOS DB TECNOLOGIES,BAJOS 2X18 ACTIVOS DB TECNOLOGIES,Subwoofer amplificado dB Technologies,"Subwoofer activo dB Technologies SUB 18, color negro, acabado texturizado, buen estado general, para refuerzo de graves.",dB Technologies,S30N,L466005466,,,https://pub-e9f7db97630d40fe816c341284149436.r2.dev/inventario/1773340079805-nuwujw.jpg,https://pub-e9f7db97630d40fe816c341284149436.r2.dev/inventario/1773340247986-86xnrq.jpg,2019-05-31T06:00:00.000Z,177000,Equipo de Audio e Instrumentos,10,2026-03-10T04:27:17.298Z,2026-03-12T19:39:33.545Z
893e4006-35a5-4b90-b39c-51cb75fe01c1,4ab96c3b-a507-45bb-90d4-0cbea9ffdeb8,2,WORLD STEREO PORTTA HDMI SPLITER 4 PORT ¼,WORLD STEREO PORTTA HDMI SPLITER 4 PORT ¼,,,,,,,,,,2018-06-30T06:00:00.000Z,2151,Mobiliario y Equipo de Templo,10,2026-03-10T04:26:58.876Z,2026-03-11T18:56:52.993Z
e39fab5f-8ba2-49cf-ac50-a9a7ddc9b146,4ab96c3b-a507-45bb-90d4-0cbea9ffdeb8,2,WORLD STEREO KANEXPRO HDM1 FULL HD EXTENDER OVER CAT6,WORLD STEREO KANEXPRO HDM1 FULL HD EXTENDER OVER CAT6,,,,,,,,,,2018-06-30T06:00:00.000Z,2185,Mobiliario y Equipo de Templo,10,2026-03-10T04:26:58.634Z,2026-03-11T18:56:52.748Z
f26bf764-fd85-424c-a89e-2a1889b1627d,4ab96c3b-a507-45bb-90d4-0cbea9ffdeb8,1,WORLD STEREO BLACK MAJIC ATEM TELEVISION ESTUDIO,WORLD STEREO BLACK MAJIC ATEM TELEVISION ESTUDIO,,,,,,,,,,2018-06-30T06:00:00.000Z,23898.8,Mobiliario y Equipo de Templo,10,2026-03-10T04:26:58.390Z,2026-03-11T18:56:52.504Z
2967482a-b97b-4276-a820-a6691b99146f,4ab96c3b-a507-45bb-90d4-0cbea9ffdeb8,3,WORLD STEREO 3 RITEAV-1CAT6 AND 1 HDMI PORT WALL PLATE,WORLD STEREO 3 RITEAV-1CAT6 AND 1 HDMI PORT WALL PLATE,,,,,,,,,,2018-06-30T06:00:00.000Z,1075.5,Mobiliario y Equipo de Templo,10,2026-03-10T04:26:58.147Z,2026-03-11T18:56:52.257Z
c3f6b75c-e51a-46ec-bcbb-470f3780f997,4ab96c3b-a507-45bb-90d4-0cbea9ffdeb8,2,WORLD STEREO 2 OPTIMA PROYECTORESS/ID13WU1Z118060158,WORLD STEREO 2 OPTIMA PROYECTORESS/ID13WU1Z118060158,,,,,,,,,,2018-06-30T06:00:00.000Z,40582.2,Mobiliario y Equipo de Templo,10,2026-03-10T04:26:57.904Z,2026-03-11T18:56:52.012Z
b91f26a8-c63b-43e4-91e2-f0288d246e32,4ab96c3b-a507-45bb-90d4-0cbea9ffdeb8,8,"WORLD OF STEREO X 4 LUCES CHAWET,2DMI 10"",2DMX 15"",2 SPOTS","WORLD OF STEREO X 4 LUCES CHAWET,2DMI 10"",2DMX 15"",2 SPOTS",,,,,,,,,,2018-06-30T06:00:00.000Z,23079.05,Mobiliario y Equipo de Templo,10,2026-03-10T04:26:57.659Z,2026-03-11T18:56:51.767Z
7bf93aab-3a17-4975-96a8-fe0fc772ea78,4ab96c3b-a507-45bb-90d4-0cbea9ffdeb8,2,VENTILADORES PIVOTING UTILITY FAN / KONWIN,VENTILADORES PIVOTING UTILITY FAN / KONWIN,,,,,PSMT # 414332,PSMT # 414332,,,,2024-03-21T06:00:00.000Z,3399.9,Mobiliario y Equipo de Templo,10,2026-03-10T04:26:57.415Z,2026-03-11T18:56:51.523Z
2d61a085-093d-42b5-b8ec-e0b6305b43d0,4ab96c3b-a507-45bb-90d4-0cbea9ffdeb8,3,VENTILADORES PISO 16 3VEL. WESTINHOUSE 7278085445,VENTILADORES PISO 16 3VEL. WESTINHOUSE 7278085445,,,,,,,,,,2022-03-31T06:00:00.000Z,4140,Mobiliario y Equipo de Templo,10,2026-03-10T04:26:57.172Z,2026-03-11T18:56:51.278Z
12d36068-8916-46ad-8f64-3d153e1b35c4,4ab96c3b-a507-45bb-90d4-0cbea9ffdeb8,2,VENTILADORES 16PLG P/PARED,VENTILADORES 16PLG P/PARED,,,,,HF-40W,HF-40W,,,,2023-03-30T06:00:00.000Z,3410,Mobiliario y Equipo de Templo,10,2026-03-10T04:26:56.928Z,2026-03-11T18:56:50.985Z
a4586d8a-ad5d-4d6c-bae9-dac91592d407,4ab96c3b-a507-45bb-90d4-0cbea9ffdeb8,1,VENTILADOR PORTATIL 120v -60Hz,VENTILADOR PORTATIL 120v -60Hz,,,,,DXAM2260,DXAM2260,,,,2025-11-21T06:00:00.000Z,1969.19,Mobiliario y Equipo de Templo,5,2026-03-10T04:26:56.685Z,2026-03-11T18:56:50.740Z
df160c6a-082a-4388-826c-86885e1b1e75,4ab96c3b-a507-45bb-90d4-0cbea9ffdeb8,1,VENTILADOR PORTATIL 120v -60Hz,VENTILADOR PORTATIL 120v -60Hz,,,,,DXAM2260,DXAM2260,,,,2025-11-18T06:00:00.000Z,1969.19,Mobiliario y Equipo de Templo,5,2026-03-10T04:26:56.442Z,2026-03-11T18:56:50.496Z
beba392e-c80b-4291-85e4-c8db7c9d5ae9,4ab96c3b-a507-45bb-90d4-0cbea9ffdeb8,1,VENTILADOR PARED 16 3VEL. C/R WESTINHOUSE 7278085445,VENTILADOR PARED 16 3VEL. C/R WESTINHOUSE 7278085445,,,,,,,,,,2022-03-31T06:00:00.000Z,1560,Mobiliario y Equipo de Templo,10,2026-03-10T04:26:56.199Z,2026-03-11T18:56:50.251Z
20ed6539-7f4c-400e-a71e-0f9240526a7b,4ab96c3b-a507-45bb-90d4-0cbea9ffdeb8,1,VENTILADOR PARED 16 3VEL. C/R WESTINHOUSE 727704 BL60207 BLANCO,VENTILADOR PARED 16 3VEL. C/R WESTINHOUSE 727704 BL60207 BLANCO,,,,,,,,,,2022-03-31T06:00:00.000Z,1560,Mobiliario y Equipo de Templo,10,2026-03-10T04:26:55.955Z,2026-03-11T18:56:50.007Z
e81e6a41-4c66-44b3-8c49-3f94b9e546ff,4ab96c3b-a507-45bb-90d4-0cbea9ffdeb8,1,VENTILADOR PARA AREA DE ALABANZA,VENTILADOR PARA AREA DE ALABANZA,,,,,,,,,,2019-12-31T06:00:00.000Z,2790,Mobiliario y Equipo de Templo,10,2026-03-10T04:26:55.712Z,2026-03-11T18:56:49.761Z
a60f6887-c921-4370-8080-de2ae8ff50a3,4ab96c3b-a507-45bb-90d4-0cbea9ffdeb8,2,VENTILADOR DE PARED,VENTILADOR DE PARED,,,,,COLOR GRIS CLARO,COLOR GRIS CLARO,,,,2024-09-27T06:00:00.000Z,4334.3,Mobiliario y Equipo de Templo,5,2026-03-10T04:26:55.421Z,2026-03-11T18:56:49.515Z
42be6573-814c-4db7-9a40-3fde647dbece,4ab96c3b-a507-45bb-90d4-0cbea9ffdeb8,1,UPS,UPS,,,,,GKVA/6KW,GKVA/6KW,,,,2023-07-31T06:00:00.000Z,68195,Mobiliario y Equipo de Templo,10,2026-03-10T04:26:55.178Z,2026-03-11T18:56:49.270Z
efee4329-d63a-4ad4-925b-efeac81eb2be,4ab96c3b-a507-45bb-90d4-0cbea9ffdeb8,1,UNIDAD DE AIRE ACONDICIONADO DE 5 TONELADAS MARC,UNIDAD DE AIRE ACONDICIONADO DE 5 TONELADAS MARC,,,,,,,,,,2021-10-31T06:00:00.000Z,67000,Mobiliario y Equipo de Templo,10,2026-03-10T04:26:54.936Z,2026-03-11T18:56:49.024Z
cfcc0856-193e-4fac-bbdd-2ede91c8be77,4ab96c3b-a507-45bb-90d4-0cbea9ffdeb8,2,TRIPODES,TRIPODES,,,,,,,,,,2016-12-31T06:00:00.000Z,16359.86,Mobiliario y Equipo de Templo,10,2026-03-10T04:26:54.686Z,2026-03-11T18:56:48.779Z
eca5f3ea-74f6-49f4-9f48-04c8773d7472,4ab96c3b-a507-45bb-90d4-0cbea9ffdeb8,1,TRIPODE METALICO PARA TV USO MEMBRESIA,TRIPODE METALICO PARA TV USO MEMBRESIA,,,,,,,,,,2022-08-31T06:00:00.000Z,2182.7,Mobiliario y Equipo de Templo,10,2026-03-10T04:26:54.443Z,2026-03-11T18:56:48.534Z
7749672e-56eb-4061-ad3b-941469edf048,4ab96c3b-a507-45bb-90d4-0cbea9ffdeb8,1,TRIPODE LIBEC TH-650HD,TRIPODE LIBEC TH-650HD,,,,,,,,,,2017-03-31T06:00:00.000Z,4243.41,Mobiliario y Equipo de Templo,10,2026-03-10T04:26:54.200Z,2026-03-11T18:56:48.289Z
ec05583f-7314-4888-a5d4-9e97b21c952b,4ab96c3b-a507-45bb-90d4-0cbea9ffdeb8,1,TRIPODE ALTA PRO2,TRIPODE ALTA PRO2,,,,,,,,,,2022-08-31T06:00:00.000Z,7850,Mobiliario y Equipo de Templo,10,2026-03-10T04:26:53.956Z,2026-03-11T18:56:48.043Z
a1cd7f37-832a-4af7-959f-c501df7f858c,4ab96c3b-a507-45bb-90d4-0cbea9ffdeb8,1,TRANSMISOR Y RECEPTOR HD DE VIDEO CVW CVW100 WIRELESS,TRANSMISOR Y RECEPTOR HD DE VIDEO CVW CVW100 WIRELESS,,,,,,,,,,2017-02-28T06:00:00.000Z,30319.35,Mobiliario y Equipo de Templo,10,2026-03-10T04:26:53.713Z,2026-03-11T18:56:47.798Z
66c9190e-3c68-45f3-8e89-e75056a7434d,4ab96c3b-a507-45bb-90d4-0cbea9ffdeb8,1,TRANSMISOR Y RECEPTOR,TRANSMISOR Y RECEPTOR,,,,,,,,,,2016-12-31T06:00:00.000Z,30725.5,Mobiliario y Equipo de Templo,10,2026-03-10T04:26:53.470Z,2026-03-11T18:56:47.552Z
61d61cc6-73f9-4f8a-a8d4-a2cd7374570f,4ab96c3b-a507-45bb-90d4-0cbea9ffdeb8,1,TRANSFER MANUAL PARA INVERSOR #80A,TRANSFER MANUAL PARA INVERSOR #80A,,,,,300X300X200M,300X300X200M,,,,2023-11-28T06:00:00.000Z,8014.37,Mobiliario y Equipo de Templo,10,2026-03-10T04:26:53.227Z,2026-03-11T18:56:47.307Z
56299e3c-0cbf-4385-bc2b-81480de7f54a,4ab96c3b-a507-45bb-90d4-0cbea9ffdeb8,1,TERMOMETRO DIGITAL,TERMOMETRO DIGITAL,,,,,,,,,,2021-12-31T06:00:00.000Z,1099,Mobiliario y Equipo de Templo,10,2026-03-10T04:26:52.983Z,2026-03-11T18:56:47.062Z
7420c072-d8de-4caa-bbb3-9c46af3773fb,4ab96c3b-a507-45bb-90d4-0cbea9ffdeb8,1,TELEVISOR LED 85 PULGADAS UHD 4K/SMAR,TELEVISOR LED 85 PULGADAS UHD 4K/SMAR,,,,,"MODELO UN85CU7000P
S/N 0FA43CBWA00028","MODELO UN85CU7000P
S/N 0FA43CBWA00028",,,,2024-04-06T06:00:00.000Z,32645.76,Mobiliario y Equipo de Templo,10,2026-03-10T04:26:52.738Z,2026-03-11T18:56:46.816Z
9c81a782-216f-4935-b62a-f630658777ec,4ab96c3b-a507-45bb-90d4-0cbea9ffdeb8,1,TELEVISOR,TELEVISOR,,,,,609MXGLT6271,609MXGLT6271,,,,2016-12-31T06:00:00.000Z,6490,Mobiliario y Equipo de Templo,10,2026-03-10T04:26:52.494Z,2026-03-11T18:56:46.571Z
278ab47a-2132-45ea-9dfd-4d7aaf7cbf01,4ab96c3b-a507-45bb-90d4-0cbea9ffdeb8,1,"TELEVIDOR LED 47""","TELEVIDOR LED 47""",,,,,20BRMMD23723,20BRMMD23723,,,,2016-10-17T06:00:00.000Z,14082.7,Mobiliario y Equipo de Templo,10,2026-03-10T04:26:52.250Z,2026-03-11T18:56:46.325Z
0357fdca-6f28-45a3-864a-632ed226cefe,4ab96c3b-a507-45bb-90d4-0cbea9ffdeb8,1,SMART TV 43',SMART TV 43',,,,,S/N 43KM348N-X2249GT072420632,S/N 43KM348N-X2249GT072420632,,,,2024-12-23T06:00:00.000Z,5790,Mobiliario y Equipo de Templo,10,2026-03-10T04:26:52.007Z,2026-03-11T18:56:46.082Z
f5cd1e6b-187a-45b4-b0d8-bb94fcd7af6f,4ab96c3b-a507-45bb-90d4-0cbea9ffdeb8,1,SISTEMA VRF MINI SPLIT 15BTU,SISTEMA VRF MINI SPLIT 15BTU,,,,,S-6192304879,S-6192304879,,,,2023-11-23T06:00:00.000Z,299848,Mobiliario y Equipo de Templo,10,2026-03-10T04:26:51.765Z,2026-03-11T18:56:45.837Z
25a4502b-715a-4f71-a994-3c90bef3c346,4ab96c3b-a507-45bb-90d4-0cbea9ffdeb8,3,SILLAS TAPIZADAS,SILLAS TAPIZADAS,,,,,,,,,,2016-12-31T06:00:00.000Z,2277,Mobiliario y Equipo de Templo,10,2026-03-10T04:26:51.522Z,2026-03-11T18:56:45.592Z
8117bab9-a616-4e87-ae76-ce9b97545849,4ab96c3b-a507-45bb-90d4-0cbea9ffdeb8,400,SILLAS PLASTICAS,SILLAS PLASTICAS,,,,,,,,,,2016-08-31T06:00:00.000Z,250416,Mobiliario y Equipo de Templo,10,2026-03-10T04:26:51.279Z,2026-03-11T18:56:45.347Z
e3143ea3-52d1-4689-8aab-2f252f3e6ac2,4ab96c3b-a507-45bb-90d4-0cbea9ffdeb8,300,SILLAS,SILLAS,,,,,COLOR BEIGE,COLOR BEIGE,,,,2010-03-31T06:00:00.000Z,191329,Mobiliario y Equipo de Templo,10,2026-03-10T04:26:51.037Z,2026-03-11T18:56:45.101Z
191b8e3d-9dc4-4e57-8e2a-8a846302b1ff,4ab96c3b-a507-45bb-90d4-0cbea9ffdeb8,890,SILLAS,SILLAS,,,,,COLOR GRIS,COLOR GRIS,,,,2002-09-20T06:00:00.000Z,106800,Mobiliario y Equipo de Templo,10,2026-03-10T04:26:50.794Z,2026-03-11T18:56:44.851Z
15da2016-9dac-490c-8035-4971ce117c7e,4ab96c3b-a507-45bb-90d4-0cbea9ffdeb8,1,SILLA TIPO BANCO CUERINA DONADO POR PEROSON,SILLA TIPO BANCO CUERINA DONADO POR PEROSON,,,,,,,,,,2018-09-30T06:00:00.000Z,3287.6,Mobiliario y Equipo de Templo,10,2026-03-10T04:26:50.549Z,2026-03-11T18:56:44.607Z
cde5b39a-e0a9-40ba-a1fd-6f92cbd6406d,4ab96c3b-a507-45bb-90d4-0cbea9ffdeb8,1,SILLA TIPO BANCO,SILLA TIPO BANCO,,,,,,,,,,2018-09-30T06:00:00.000Z,429.2,Mobiliario y Equipo de Templo,10,2026-03-10T04:26:50.306Z,2026-03-11T18:56:44.362Z
2e52ae38-2680-40f9-8414-ced7d18ab5ee,4ab96c3b-a507-45bb-90d4-0cbea9ffdeb8,1,PRICESMART ARMARIO COLOR GRIS P/USO VIDEO,PRICESMART ARMARIO COLOR GRIS P/USO VIDEO,,,,,,,,,,2018-04-30T06:00:00.000Z,4800,Mobiliario y Equipo de Templo,10,2026-03-10T04:26:50.062Z,2026-03-11T18:56:44.116Z
c2a2e5cf-bdaf-43af-ab59-542f4a6fbb4b,4ab96c3b-a507-45bb-90d4-0cbea9ffdeb8,2,PIZARRAS ACRILICAS  121.9 X 243.8 CMS CUADRICULADA,PIZARRAS ACRILICAS  121.9 X 243.8 CMS CUADRICULADA,,,,,N-ME177-000-NLX,N-ME177-000-NLX,,,,2024-04-05T06:00:00.000Z,6281.91,Mobiliario y Equipo de Templo,10,2026-03-10T04:26:49.815Z,2026-03-11T18:56:43.871Z
3bc646a4-45d3-41dd-a447-6de86bf17a4f,4ab96c3b-a507-45bb-90d4-0cbea9ffdeb8,1,PISTOLA PARA PINTAR 31/07/2018 PINTURAS SUR,PISTOLA PARA PINTAR 31/07/2018 PINTURAS SUR,,,,,,,,,,2018-11-30T06:00:00.000Z,2687.55,Mobiliario y Equipo de Templo,10,2026-03-10T04:26:49.571Z,2026-03-11T18:56:43.626Z
7b2683bc-9abc-472c-919e-ed1734706155,4ab96c3b-a507-45bb-90d4-0cbea9ffdeb8,1,PARLANTE AMPLIFICADOR 2000 WATS 1X12 CON PEDESTA,PARLANTE AMPLIFICADOR 2000 WATS 1X12 CON PEDESTA,,,,,,,,,,2021-11-30T06:00:00.000Z,65500,Mobiliario y Equipo de Templo,10,2026-03-10T04:26:49.328Z,2026-03-11T18:56:43.381Z
50737f36-eb09-4107-9fb4-37c2abf1395d,4ab96c3b-a507-45bb-90d4-0cbea9ffdeb8,4,PAR LED DE 3Watt,PAR LED DE 3Watt,,,,,"S-LA29825794
S-LA2982515
S-LA2982580
S-LA2982582","S-LA29825794
S-LA2982515
S-LA2982580
S-LA2982582",,,,2024-03-25T06:00:00.000Z,8509.88,Mobiliario y Equipo de Templo,10,2026-03-10T04:26:49.085Z,2026-03-11T18:56:43.137Z
31d2cf6b-e8f5-4120-a32d-e99ff048c623,4ab96c3b-a507-45bb-90d4-0cbea9ffdeb8,1,PANTALLA LED Y ACCESORIOS 2.6mm / 48 MODULOS (24 x lado),PANTALLA LED Y ACCESORIOS 2.6mm / 48 MODULOS (24 x lado),,,,,,,,,,2024-09-26T06:00:00.000Z,658809.36,Mobiliario y Equipo de Templo,10,2026-03-10T04:26:48.843Z,2026-03-11T18:56:42.893Z
849b6f23-2773-4ed6-ad26-b5bab9284fda,4ab96c3b-a507-45bb-90d4-0cbea9ffdeb8,1,PANTALLA 120 PULGADAS CON TRIPODE,PANTALLA 120 PULGADAS CON TRIPODE,,,,,M221012303,M221012303,,,,2024-04-18T06:00:00.000Z,3680,Mobiliario y Equipo de Templo,10,2026-03-10T04:26:48.601Z,2026-03-11T18:56:42.649Z
1c314eee-c1b5-4354-b3d9-22ae99443405,4ab96c3b-a507-45bb-90d4-0cbea9ffdeb8,1,PANEL DE LUZ LED PARA VIDEO,PANEL DE LUZ LED PARA VIDEO,,,,,,,,,,2024-06-17T06:00:00.000Z,2968.7,Mobiliario y Equipo de Templo,10,2026-03-10T04:26:48.358Z,2026-03-11T18:56:42.404Z
1888b62a-48e5-46ca-b1cc-3e88c717bf00,4ab96c3b-a507-45bb-90d4-0cbea9ffdeb8,1,MUEBLE P/RECEPCION,MUEBLE P/RECEPCION,,,,,,,,,,2011-11-15T06:00:00.000Z,18869.76,Mobiliario y Equipo de Templo,10,2026-03-10T04:26:48.114Z,2026-03-11T18:56:42.158Z
2919ab02-f5ba-4319-b6fb-1eb98cdb18b1,4ab96c3b-a507-45bb-90d4-0cbea9ffdeb8,1,MINISPLIT 18000 BTU 25 SEERS CONFORST PARA,MINISPLIT 18000 BTU 25 SEERS CONFORST PARA,,,,,,,,,,2022-07-31T06:00:00.000Z,28698.35,Mobiliario y Equipo de Templo,10,2026-03-10T04:26:47.871Z,2026-03-11T18:56:41.913Z
7678fe4d-d1d4-42eb-a91e-9ea5e7b9e735,4ab96c3b-a507-45bb-90d4-0cbea9ffdeb8,1,MINI SPLIT DUCTO 5 TOM,MINI SPLIT DUCTO 5 TOM,,,,,15806 M06002,15806 M06002,,,,2006-04-17T06:00:00.000Z,53571.43,Mobiliario y Equipo de Templo,10,2026-03-10T04:26:47.140Z,2026-03-11T18:56:41.668Z
d656068a-0f5f-4c3f-aed8-ec7e3a4f3c7b,4ab96c3b-a507-45bb-90d4-0cbea9ffdeb8,1,MINI SPLIT 24K BTU,MINI SPLIT 24K BTU,,,,,"Model CS-YU24AKV-2
Serie B8649E186803N00033","Model CS-YU24AKV-2
Serie B8649E186803N00033",,,,2025-07-18T06:00:00.000Z,41300,Mobiliario y Equipo de Templo,10,2026-03-10T04:26:46.896Z,2026-03-11T18:56:41.423Z
4f030941-3947-4130-8df4-9fa8fb03b103,4ab96c3b-a507-45bb-90d4-0cbea9ffdeb8,1,MINI SPLIT 24K BTU,MINI SPLIT 24K BTU,,,,,"Model CS-YS18YKV-2
Serie B3814D815302N00228","Model CS-YS18YKV-2
Serie B3814D815302N00228",,,,2025-06-13T06:00:00.000Z,38100,Mobiliario y Equipo de Templo,10,2026-03-10T04:26:46.652Z,2026-03-11T18:56:41.178Z
02339ee3-c6e0-4507-8d2d-6471c11841b4,4ab96c3b-a507-45bb-90d4-0cbea9ffdeb8,1,MINI SPLIT 18K BTU,MINI SPLIT 18K BTU,,,,,"Model CS-YSU24AKV-2
Serie B8649E186803N00009","Model CS-YSU24AKV-2
Serie B8649E186803N00009",,,,2025-06-13T06:00:00.000Z,28800,Mobiliario y Equipo de Templo,10,2026-03-10T04:26:46.163Z,2026-03-11T18:56:40.932Z
4af3c120-41a5-49c3-8ecf-f43820a2f87c,4ab96c3b-a507-45bb-90d4-0cbea9ffdeb8,1,MINI SPLIT,MINI SPLIT,,,,,55803E82315,55803E82315,,,,2004-02-09T06:00:00.000Z,24750,Mobiliario y Equipo de Templo,10,2026-03-10T04:26:44.213Z,2026-03-11T18:56:40.443Z
376c1239-e0b3-4274-98c4-2c24a85df0dd,4ab96c3b-a507-45bb-90d4-0cbea9ffdeb8,2,MINI SPLIT,MINI SPLIT,,,,,1602616081-160261605,1602616081-160261605,,,,2004-02-01T06:00:00.000Z,31680,Mobiliario y Equipo de Templo,10,2026-03-10T04:26:43.970Z,2026-03-11T18:56:40.198Z
6b1629f7-f4bb-41bb-a45c-9514fad89714,4ab96c3b-a507-45bb-90d4-0cbea9ffdeb8,20,MESAS RECTANGULARES,MESAS RECTANGULARES,,,,,,,,,,2016-11-30T06:00:00.000Z,30349.52,Mobiliario y Equipo de Templo,10,2026-03-10T04:26:43.726Z,2026-03-11T18:56:39.953Z
719b85c5-d6f1-4cab-9ee1-2472b1cfac7d,4ab96c3b-a507-45bb-90d4-0cbea9ffdeb8,1,MESA PARA CONSOLA LV1,MESA PARA CONSOLA LV1,,,,,,,,,,2023-06-28T06:00:00.000Z,21024.07,Mobiliario y Equipo de Templo,10,2026-03-10T04:26:43.483Z,2026-03-11T18:56:39.707Z
b3946dcf-e513-49bc-a7f4-4ba709bc1637,4ab96c3b-a507-45bb-90d4-0cbea9ffdeb8,1,"MEMORIA 64GB ALTA VELOCIDAD SDXC/SDX64U395-GE,ANEXO CAMARA","MEMORIA 64GB ALTA VELOCIDAD SDXC/SDX64U395-GE,ANEXO CAMARA",,,,,,,,,,2017-02-28T06:00:00.000Z,586.35,Mobiliario y Equipo de Templo,10,2026-03-10T04:26:43.239Z,2026-03-11T18:56:39.450Z
4626ab05-2627-4421-8158-1d7ef83f5c2f,4ab96c3b-a507-45bb-90d4-0cbea9ffdeb8,1,JUEGO DE LUCES,JUEGO DE LUCES,,,,,,,,,,2016-12-31T06:00:00.000Z,9640.94,Mobiliario y Equipo de Templo,10,2026-03-10T04:26:42.995Z,2026-03-11T18:56:39.204Z
0ebb9be7-36e8-4665-989d-73a68e2685e5,4ab96c3b-a507-45bb-90d4-0cbea9ffdeb8,1,INTERFAZ DMX AMERICAN DJ DISPOSITIVO CONTROLADOR DE LUCES AREA MULTIMEDIA,INTERFAZ DMX AMERICAN DJ DISPOSITIVO CONTROLADOR DE LUCES AREA MULTIMEDIA,,,,,,,,,,2018-11-30T06:00:00.000Z,5408.55,Mobiliario y Equipo de Templo,10,2026-03-10T04:26:42.751Z,2026-03-11T18:56:38.958Z
5d41432a-a8dd-45d4-bd24-2a78dba07862,4ab96c3b-a507-45bb-90d4-0cbea9ffdeb8,1,INTERFAZ CONVERTIDOR DE AUDIO ANALOGICO A DIGITAL,INTERFAZ CONVERTIDOR DE AUDIO ANALOGICO A DIGITAL,,,,,,,,,,2017-02-28T06:00:00.000Z,10317.44,Mobiliario y Equipo de Templo,10,2026-03-10T04:26:42.507Z,2026-03-11T18:56:38.714Z
c1aa789f-44d1-4729-a6f2-1ee0327d71dd,4ab96c3b-a507-45bb-90d4-0cbea9ffdeb8,3,INTERCOMUNICADORES,INTERCOMUNICADORES,,,,,,,,,,2016-12-31T06:00:00.000Z,15880.05,Mobiliario y Equipo de Templo,10,2026-03-10T04:26:42.262Z,2026-03-11T18:56:38.469Z
cf3e85f0-d8bd-4057-9508-7f1faaf3390a,4ab96c3b-a507-45bb-90d4-0cbea9ffdeb8,1,FREIDORA AMERICANA USADA.,FREIDORA AMERICANA USADA.,,,,,,,,,,2017-01-31T06:00:00.000Z,17000,Mobiliario y Equipo de Templo,10,2026-03-10T04:26:42.017Z,2026-03-11T18:56:38.224Z
8e2d29b6-f55c-4c49-b1f6-8b94554fa73c,4ab96c3b-a507-45bb-90d4-0cbea9ffdeb8,2,EXTINTORES 5 LBS C02,EXTINTORES 5 LBS C02,,,,,,,,,,2023-03-02T06:00:00.000Z,6900,Mobiliario y Equipo de Templo,10,2026-03-10T04:26:41.767Z,2026-03-11T18:56:37.980Z
9489154f-3f07-475c-a8a0-96ec9eefddd2,4ab96c3b-a507-45bb-90d4-0cbea9ffdeb8,1,EXTINTORES 20 LBS POLVO QUIMICO ABC,EXTINTORES 20 LBS POLVO QUIMICO ABC,,,,,,,,,,2023-03-02T06:00:00.000Z,1840,Mobiliario y Equipo de Templo,10,2026-03-10T04:26:41.524Z,2026-03-11T18:56:37.735Z
e27d0100-2f04-471b-a929-3cd541a3c02f,4ab96c3b-a507-45bb-90d4-0cbea9ffdeb8,2,EXTINTOR 10 LBS C02,EXTINTOR 10 LBS C02,,,,,,,,,,2023-03-02T06:00:00.000Z,9660,Mobiliario y Equipo de Templo,10,2026-03-10T04:26:41.281Z,2026-03-11T18:56:37.489Z
458a2b89-9799-49e7-80a9-09de38ffba9e,4ab96c3b-a507-45bb-90d4-0cbea9ffdeb8,1,EXTENSOR DE SEÑAL KRAMER,EXTENSOR DE SEÑAL KRAMER,,,,,,,,,,2024-03-25T06:00:00.000Z,15093.75,Mobiliario y Equipo de Templo,10,2026-03-10T04:26:41.036Z,2026-03-11T18:56:37.244Z
19d87a2e-e356-49a4-863d-efedb4d7b298,4ab96c3b-a507-45bb-90d4-0cbea9ffdeb8,2,EVAPORADORAS COMFORTSTAR MOD.AFCU-60C,EVAPORADORAS COMFORTSTAR MOD.AFCU-60C,,,,,,,,,,2017-03-31T06:00:00.000Z,21500,Mobiliario y Equipo de Templo,10,2026-03-10T04:26:40.792Z,2026-03-11T18:56:36.998Z
1c9940f4-7467-4e9e-8bd2-87fa51d8820a,4ab96c3b-a507-45bb-90d4-0cbea9ffdeb8,25,CORTINAS CON FLECOS,CORTINAS CON FLECOS,,,,,,,,,,2006-09-21T06:00:00.000Z,39186,Mobiliario y Equipo de Templo,5,2026-03-10T04:26:40.549Z,2026-03-11T18:56:36.753Z
a5e185be-d035-4b64-b5d8-a893cfa34145,4ab96c3b-a507-45bb-90d4-0cbea9ffdeb8,26,CORTINA CON SUS FLECOS,CORTINA CON SUS FLECOS,,,,,,,,,,2016-03-31T06:00:00.000Z,38700,Mobiliario y Equipo de Templo,5,2026-03-10T04:26:40.256Z,2026-03-11T18:56:36.509Z
86f10ee1-fe8c-4542-8e7e-bcbb171287ad,4ab96c3b-a507-45bb-90d4-0cbea9ffdeb8,1,CONVERTIDOR HDMI A SDI 1080P,CONVERTIDOR HDMI A SDI 1080P,,,,,,,,,,2017-03-31T06:00:00.000Z,9775,Mobiliario y Equipo de Templo,10,2026-03-10T04:26:40.011Z,2026-03-11T18:56:36.263Z
c538d778-0c17-40ff-92e0-0cb4054630d2,4ab96c3b-a507-45bb-90d4-0cbea9ffdeb8,1,CONTROLADOR DE PANTALLAS LED MCTRL4K,CONTROLADOR DE PANTALLAS LED MCTRL4K,,,,,,,,,,2024-11-04T06:00:00.000Z,87807.05,Mobiliario y Equipo de Templo,10,2026-03-10T04:26:39.767Z,2026-03-11T18:56:36.018Z
f927dd73-06d1-4718-af99-3b1e1a62bcb0,4ab96c3b-a507-45bb-90d4-0cbea9ffdeb8,1,CONSOLA STAGE DESIGNER 50 CHAUVET para control de atenuación tipo teatral,CONSOLA STAGE DESIGNER 50 CHAUVET para control de atenuación tipo teatral,Consola de iluminación Chauvet Stage Designer 50,"Controlador DMX 48 canales, 12 escenas programables, faders deslizantes, color gris metálico, estado usado funcional",Chauvet,Stage Designer 50,09080283-0418000212,,,https://pub-e9f7db97630d40fe816c341284149436.r2.dev/inventario/1773336138407-es3gze.jpg,https://pub-e9f7db97630d40fe816c341284149436.r2.dev/inventario/1773336278174-h4jzrv.jpg,2021-07-31T06:00:00.000Z,4850,Mobiliario y Equipo de Templo,10,2026-03-10T04:26:39.523Z,2026-03-12T17:24:42.474Z
9bb9e5be-73df-4189-9f8b-8971331ded74,4ab96c3b-a507-45bb-90d4-0cbea9ffdeb8,1,CONDENSADORA TRIFASICA DAIKIN 5TON 3PH,CONDENSADORA TRIFASICA DAIKIN 5TON 3PH,,,,,,,,,,2017-03-31T06:00:00.000Z,40000,Mobiliario y Equipo de Templo,10,2026-03-10T04:26:39.281Z,2026-03-11T18:56:35.724Z
dbb71684-f3ce-45ba-b97f-52ab3137e2ef,4ab96c3b-a507-45bb-90d4-0cbea9ffdeb8,1,"CONDENSADOR SPLIT 60000BTU (TRANSFORMADOR SECO NEMA, MVA60FBAS6HBCP UNIDAD AHU, CZ-P6-P680BK2 BRANCH, CZ-RTC6 CONTROL REMOTO","CONDENSADOR SPLIT 60000BTU (TRANSFORMADOR SECO NEMA, MVA60FBAS6HBCP UNIDAD AHU, CZ-P6-P680BK2 BRANCH, CZ-RTC6 CONTROL REMOTO",,,,,,,,,,2024-02-14T06:00:00.000Z,997874.99,Mobiliario y Equipo de Templo,10,2026-03-10T04:26:39.038Z,2026-03-11T18:56:35.477Z
e2222276-8523-4f01-8160-b9cee95a781a,4ab96c3b-a507-45bb-90d4-0cbea9ffdeb8,1,COMPUTADORA MAC MINI PARA MULTIMEDIA,COMPUTADORA MAC MINI PARA MULTIMEDIA,,,,,,,,,,2021-06-30T06:00:00.000Z,46524.02,Mobiliario y Equipo de Templo,10,2026-03-10T04:26:38.794Z,2026-03-11T18:56:35.227Z
b255d5eb-959d-4c84-8481-6f912497a397,4ab96c3b-a507-45bb-90d4-0cbea9ffdeb8,1,COMPUTADORA,COMPUTADORA,,,,,,,,,,2016-12-31T06:00:00.000Z,113153.2,Mobiliario y Equipo de Templo,10,2026-03-10T04:26:38.550Z,2026-03-11T18:56:34.978Z
e553ea51-137d-4826-a424-0982f9ca5de5,4ab96c3b-a507-45bb-90d4-0cbea9ffdeb8,1,COMPRA DE LAPTOP MACBOOK PRO PARA USO,COMPRA DE LAPTOP MACBOOK PRO PARA USO,,,,,AREA DE ALABANZA,AREA DE ALABANZA,,,,2021-10-31T06:00:00.000Z,32396.7,Mobiliario y Equipo de Templo,10,2026-03-10T04:26:38.306Z,2026-03-11T18:56:34.732Z
b87832b5-1fc9-490a-8f24-4edfe39b6c14,4ab96c3b-a507-45bb-90d4-0cbea9ffdeb8,1,CARGADOR SHURE CON 2 BATERIAS DE LITIO,CARGADOR SHURE CON 2 BATERIAS DE LITIO,,,,,0054-SB9008,0054-SB9008,,,,2023-08-05T06:00:00.000Z,15280,Mobiliario y Equipo de Templo,10,2026-03-10T04:26:38.062Z,2026-03-11T18:56:34.487Z
5d0403a2-036d-4326-9669-354529c06938,4ab96c3b-a507-45bb-90d4-0cbea9ffdeb8,1,CAPTURADORA DE VIDEO ELGATE CAM LINK EN MAYO 21,CAPTURADORA DE VIDEO ELGATE CAM LINK EN MAYO 21,,,,,,,,,,2021-12-31T06:00:00.000Z,2910.23,Mobiliario y Equipo de Templo,10,2026-03-10T04:26:37.818Z,2026-03-11T18:56:34.241Z
c89f9f92-1756-4874-9e9b-3a8fa0be2ea1,4ab96c3b-a507-45bb-90d4-0cbea9ffdeb8,1,CAPTURADOR,CAPTURADOR,,,,,,,,,,2016-12-31T06:00:00.000Z,3253.06,Mobiliario y Equipo de Templo,10,2026-03-10T04:26:37.575Z,2026-03-11T18:56:33.750Z
1b36991a-1e57-4c8b-a744-7bcc336e6c33,4ab96c3b-a507-45bb-90d4-0cbea9ffdeb8,2,CAMARAS DE SEGURIDAD DOMO IP2MP FULL COLOR,CAMARAS DE SEGURIDAD DOMO IP2MP FULL COLOR,,,,,DH-IPC-HFW1439S1-A-LED-S4,DH-IPC-HFW1439S1-A-LED-S4,,,,2024-04-27T06:00:00.000Z,2688.7,Mobiliario y Equipo de Templo,5,2026-03-10T04:26:37.331Z,2026-03-11T18:56:33.506Z
5d45b75c-0439-4a38-b613-78eedae789ae,4ab96c3b-a507-45bb-90d4-0cbea9ffdeb8,2,CAMARAS,CAMARAS,,,,,3B1630-28628,3B1630-28628,,,,2016-12-31T06:00:00.000Z,90686.39,Mobiliario y Equipo de Templo,10,2026-03-10T04:26:37.087Z,2026-03-11T18:56:33.015Z
ca36391e-d69a-4388-b9fa-a1f6a1bc821b,4ab96c3b-a507-45bb-90d4-0cbea9ffdeb8,1,CAMARA SONY HXRNX100 FULL HD NXCAM CAMCORDER NEGRA,CAMARA SONY HXRNX100 FULL HD NXCAM CAMCORDER NEGRA,,,,,,,,,,2017-02-28T06:00:00.000Z,43400.45,Mobiliario y Equipo de Templo,10,2026-03-10T04:26:36.842Z,2026-03-11T18:56:32.769Z
4f7c6304-6040-4b05-83d7-9d0d1f935339,4ab96c3b-a507-45bb-90d4-0cbea9ffdeb8,1,CAMARA DE SEGURIDAD BULLET IP 4MP DOHVAFADOR,CAMARA DE SEGURIDAD BULLET IP 4MP DOHVAFADOR,,,,,DH-IPC-HFW1239T1-A-LED-S5,DH-IPC-HFW1239T1-A-LED-S5,,,,2025-04-27T06:00:00.000Z,1608.85,Mobiliario y Equipo de Templo,5,2026-03-10T04:26:36.599Z,2026-03-11T18:56:32.525Z
ef95c134-389b-473e-9642-5e1c60dc95f4,4ab96c3b-a507-45bb-90d4-0cbea9ffdeb8,2,BUZONES,BUZONES,,,,,,,,,,2008-02-27T06:00:00.000Z,3000,Mobiliario y Equipo de Templo,10,2026-03-10T04:26:36.356Z,2026-03-11T18:56:32.280Z
c6509d38-323d-43c7-98ac-ff61c90a7078,4ab96c3b-a507-45bb-90d4-0cbea9ffdeb8,2,BATERIAS RECARGABLES SONY P/CAMARAS,BATERIAS RECARGABLES SONY P/CAMARAS,,,,,,,,,,2017-03-31T06:00:00.000Z,6179.73,Mobiliario y Equipo de Templo,10,2026-03-10T04:26:36.108Z,2026-03-11T18:56:32.034Z
f571f232-de9d-4f56-aadb-a91dbd459fdf,4ab96c3b-a507-45bb-90d4-0cbea9ffdeb8,4,BATERIAS 12 V 150 A VORTTEK PARA INVERSOR,BATERIAS 12 V 150 A VORTTEK PARA INVERSOR,,,,,,,,,,2021-06-30T06:00:00.000Z,32000.04,Mobiliario y Equipo de Templo,10,2026-03-10T04:26:35.864Z,2026-03-11T18:56:31.788Z
efac31f0-a951-42a9-a5ce-19860384d08b,4ab96c3b-a507-45bb-90d4-0cbea9ffdeb8,1,BATERIA/ESTUCHE CAMCORDER P/CAMARA,BATERIA/ESTUCHE CAMCORDER P/CAMARA,,,,,,,,,,2017-02-28T06:00:00.000Z,786.65,Mobiliario y Equipo de Templo,10,2026-03-10T04:26:35.620Z,2026-03-11T18:56:31.542Z
b6e8d841-5e90-4567-bae8-c40ca6235728,4ab96c3b-a507-45bb-90d4-0cbea9ffdeb8,1,"BARRILES/LLANTERA, TANQUE BLANCO PARA AGUA","BARRILES/LLANTERA, TANQUE BLANCO PARA AGUA",,,,,,,,,,2018-11-30T06:00:00.000Z,2400,Mobiliario y Equipo de Templo,10,2026-03-10T04:26:35.375Z,2026-03-11T18:56:31.298Z
2f19df61-fe5f-4567-b37f-a9827133efec,4ab96c3b-a507-45bb-90d4-0cbea9ffdeb8,1,BANCO PARA USAR EN BATERIA DE ALABANZA,BANCO PARA USAR EN BATERIA DE ALABANZA,,,,,,,,,,2021-07-31T06:00:00.000Z,2404,Mobiliario y Equipo de Templo,10,2026-03-10T04:26:35.131Z,2026-03-11T18:56:31.053Z
c1214230-4b10-4bcd-bb8b-273ad505f29c,4ab96c3b-a507-45bb-90d4-0cbea9ffdeb8,1,AREM SWITCHER,AREM SWITCHER,,,,,3063540.0,3063540.0,,,,2016-12-31T06:00:00.000Z,22322.74,Mobiliario y Equipo de Templo,10,2026-03-10T04:26:34.887Z,2026-03-11T18:56:30.807Z
c32eca68-fb0b-455f-b766-816125c9dfcb,4ab96c3b-a507-45bb-90d4-0cbea9ffdeb8,1,AMPLIFICADOR KRAMER,AMPLIFICADOR KRAMER,,,,,"S/N 04230112600228
P/N 10-80408090","S/N 04230112600228
P/N 10-80408090",,,,2024-03-25T06:00:00.000Z,14375.79,Mobiliario y Equipo de Templo,10,2026-03-10T04:26:34.643Z,2026-03-11T18:56:30.554Z
e309b712-d39e-4a85-96d6-177213d7594a,4ab96c3b-a507-45bb-90d4-0cbea9ffdeb8,1,AMPLIFICADOR CON HDCP/EDID SUPPORT (Disctribuidor de señal),AMPLIFICADOR CON HDCP/EDID SUPPORT (Disctribuidor de señal),,,,,KRA-VM-4H2,KRA-VM-4H2,,,,2024-04-08T06:00:00.000Z,15726.25,Mobiliario y Equipo de Templo,10,2026-03-10T04:26:34.399Z,2026-03-11T18:56:30.309Z
b8b13415-5b60-463c-a188-7a2295693db1,4ab96c3b-a507-45bb-90d4-0cbea9ffdeb8,1,AIRE ACONDICIONADO TIPO MINI,AIRE ACONDICIONADO TIPO MINI,,,,,,,,,,2022-02-28T06:00:00.000Z,31500,Mobiliario y Equipo de Templo,10,2026-03-10T04:26:34.155Z,2026-03-11T18:56:30.063Z
5a26c041-9996-4e81-bd46-18ad756c8ecc,4ab96c3b-a507-45bb-90d4-0cbea9ffdeb8,1,AIRE ACONDICIONADO SEER25,AIRE ACONDICIONADO SEER25,,,,,R410,R410,,,,2023-06-01T06:00:00.000Z,86980,Mobiliario y Equipo de Templo,10,2026-03-10T04:26:33.912Z,2026-03-11T18:56:29.818Z
914f9294-64b8-4c52-aaed-6b7d7996d8a8,4ab96c3b-a507-45bb-90d4-0cbea9ffdeb8,1,AIRE ACONDICIONADO MINI SPLIT 5 TONELADAS 60000 BTU 20 SER,AIRE ACONDICIONADO MINI SPLIT 5 TONELADAS 60000 BTU 20 SER,,,,,,,,,,2018-12-31T06:00:00.000Z,53980,Mobiliario y Equipo de Templo,10,2026-03-10T04:26:33.668Z,2026-03-11T18:56:29.566Z
52ab8943-e43a-40c8-af88-fcfe13c4b96a,4ab96c3b-a507-45bb-90d4-0cbea9ffdeb8,1,AIRE ACONDICIONADO MINI SPLIT 12K BTU,AIRE ACONDICIONADO MINI SPLIT 12K BTU,,,,,B8105C350204N00434,B8105C350204N00434,,,,2023-09-14T06:00:00.000Z,16800,Mobiliario y Equipo de Templo,10,2026-03-10T04:26:33.424Z,2026-03-11T18:56:29.320Z
9f0077cb-ca3c-4538-9e83-c42e27b74fc9,4ab96c3b-a507-45bb-90d4-0cbea9ffdeb8,1,AIRE ACONDICIONADO DEL TEMPLO COMPRADO A FRIOPARTES,AIRE ACONDICIONADO DEL TEMPLO COMPRADO A FRIOPARTES,,,,,,,,,,2018-10-31T06:00:00.000Z,41000,Mobiliario y Equipo de Templo,10,2026-03-10T04:26:33.180Z,2026-03-11T18:56:29.074Z
e03a6c02-d03a-47b6-8da1-242774c7b6e7,4ab96c3b-a507-45bb-90d4-0cbea9ffdeb8,1,AIRE ACONDICIONADO DE 5 TONELADAS MINI SPLIT TIPO,AIRE ACONDICIONADO DE 5 TONELADAS MINI SPLIT TIPO,,,,,,,,,,2022-02-28T06:00:00.000Z,50000,Mobiliario y Equipo de Templo,10,2026-03-10T04:26:32.937Z,2026-03-11T18:56:28.830Z
7d52a85d-adc3-44ec-9e9d-9c09042851a2,4ab96c3b-a507-45bb-90d4-0cbea9ffdeb8,1,AIRE ACONDICIONADO,AIRE ACONDICIONADO,,,,,,,,,,2023-07-31T06:00:00.000Z,22000,Mobiliario y Equipo de Templo,10,2026-03-10T04:26:32.692Z,2026-03-11T18:56:28.585Z
efd49bea-934c-4040-bf9d-2a9a80cc97ee,4ab96c3b-a507-45bb-90d4-0cbea9ffdeb8,1,AIRE ACONDICIONADO,AIRE ACONDICIONADO,,,,,DF9FP4035500151,DF9FP4035500151,,,,2016-07-31T06:00:00.000Z,13100,Mobiliario y Equipo de Templo,10,2026-03-10T04:26:31.475Z,2026-03-11T18:56:28.341Z
d95ede9a-5ffe-40d6-845c-18a758a90224,4ab96c3b-a507-45bb-90d4-0cbea9ffdeb8,1,ACONDICIONADO 12000 BTU COMFORT PARA SALA  CUNA,ACONDICIONADO 12000 BTU COMFORT PARA SALA  CUNA,,,,,,,,,,2022-08-31T06:00:00.000Z,24976.5,Mobiliario y Equipo de Templo,10,2026-03-10T04:26:31.232Z,2026-03-11T18:56:28.097Z
c2a45a52-fbc9-4731-a8e7-9d8852983744,4ab96c3b-a507-45bb-90d4-0cbea9ffdeb8,1,1 JUEGO AURICULARES ULTRALITE C/BATERIA RECARGABLE LITHIUM,1 JUEGO AURICULARES ULTRALITE C/BATERIA RECARGABLE LITHIUM,,,,,,,,,,2017-02-28T06:00:00.000Z,4177.86,Mobiliario y Equipo de Templo,10,2026-03-10T04:26:30.988Z,2026-03-11T19:07:59.916Z
9568ff19-69b9-4631-a79a-47e388ab6466,4ab96c3b-a507-45bb-90d4-0cbea9ffdeb8,1,UNIDAD DE AIRE ACONDICIONADO MINI SPLIT 28K BTU INVERTER,UNIDAD DE AIRE ACONDICIONADO MINI SPLIT 28K BTU INVERTER,,,,,"Serie. B8668E186901N00004
Modelo.CS-YU18AKV-2","Serie. B8668E186901N00004
Modelo.CS-YU18AKV-2",,,,2025-05-14T06:00:00.000Z,28801,Mobiliario y Equipo de Oficina,10,2026-03-10T04:26:30.745Z,2026-03-11T18:56:27.607Z
b09e803c-e2f9-4717-98cd-a4a7b85410ae,4ab96c3b-a507-45bb-90d4-0cbea9ffdeb8,2,TRANSFORMADOR DE ACEITE,TRANSFORMADOR DE ACEITE,,,,,,,,,,2012-04-15T06:00:00.000Z,108000,Mobiliario y Equipo de Oficina,10,2026-03-10T04:26:30.502Z,2026-03-11T18:56:27.362Z
f1b54e91-22ba-44b4-aea8-fb834e0d290f,4ab96c3b-a507-45bb-90d4-0cbea9ffdeb8,1,TRANSFORMADOR DE ACEITE,TRANSFORMADOR DE ACEITE,,,,,100950082.0,100950082.0,,,,2011-07-15T06:00:00.000Z,75040,Mobiliario y Equipo de Oficina,10,2026-03-10T04:26:30.259Z,2026-03-11T18:56:27.117Z
0e445240-6ee9-4527-8460-98dc0ecea0a2,4ab96c3b-a507-45bb-90d4-0cbea9ffdeb8,2,TELFONOS IP MARCA GRANDSTREAM PARA ESTUDIO Y MULTIMEDIA,TELFONOS IP MARCA GRANDSTREAM PARA ESTUDIO Y MULTIMEDIA,,,,,,,,,,2022-06-30T06:00:00.000Z,2645,Mobiliario y Equipo de Oficina,10,2026-03-10T04:26:30.016Z,2026-03-11T18:56:26.872Z
97729f0e-3d82-4daa-831a-c0c2ec8b1c53,4ab96c3b-a507-45bb-90d4-0cbea9ffdeb8,1,TELEVISOR,TELEVISOR,,,,,44476121302.0,44476121302.0,,,,2016-10-31T06:00:00.000Z,4792,Mobiliario y Equipo de Oficina,10,2026-03-10T04:26:29.766Z,2026-03-11T18:56:26.628Z
e78ff0e9-5574-4c24-915c-3fef951e5a9b,4ab96c3b-a507-45bb-90d4-0cbea9ffdeb8,1,TELEVISOR,TELEVISOR,,,,,405MXHB3D801,405MXHB3D801,,,,2015-02-28T06:00:00.000Z,7273.6,Mobiliario y Equipo de Oficina,10,2026-03-10T04:26:29.523Z,2026-03-11T18:56:26.383Z
4333d75f-7833-4974-9198-353b7068b492,4ab96c3b-a507-45bb-90d4-0cbea9ffdeb8,4,TELEFONOS IP MARCA GRANDSTREAM,TELEFONOS IP MARCA GRANDSTREAM,,,,,,,,,,2022-05-31T06:00:00.000Z,6170.9,Mobiliario y Equipo de Oficina,10,2026-03-10T04:26:29.278Z,2026-03-11T18:56:26.139Z
8fe9867f-d984-4a6e-ad4e-8f4f78dd22ac,4ab96c3b-a507-45bb-90d4-0cbea9ffdeb8,1,TELEFONO IP EMPRESARIAL MARCA GRANDSTREAN 2140,TELEFONO IP EMPRESARIAL MARCA GRANDSTREAN 2140,,,,,,,,,,2022-05-31T06:00:00.000Z,3214.25,Mobiliario y Equipo de Oficina,10,2026-03-10T04:26:29.034Z,2026-03-11T18:56:25.895Z
b40fb704-61cb-4e06-a33f-5d77e45634c9,4ab96c3b-a507-45bb-90d4-0cbea9ffdeb8,1,TELEFONO IP,TELEFONO IP,,,,,GXP2130,GXP2130,,,,2022-06-30T06:00:00.000Z,2863.5,Mobiliario y Equipo de Oficina,10,2026-03-10T04:26:28.790Z,2026-03-11T18:56:25.650Z
8f4c9f79-ecc1-4224-ba74-dcffae18be95,4ab96c3b-a507-45bb-90d4-0cbea9ffdeb8,1,SOFTWARE WIRE CAST,SOFTWARE WIRE CAST,,,,,,,,,,2021-05-31T06:00:00.000Z,18357.4,Mobiliario y Equipo de Oficina,10,2026-03-10T04:26:28.547Z,2026-03-11T18:56:25.264Z
f0144e5f-a26d-438c-8fdb-800d9bf1efa1,4ab96c3b-a507-45bb-90d4-0cbea9ffdeb8,3,SILLAS SECRETARIALES,SILLAS SECRETARIALES,,,,,COLOR NEGRO,COLOR NEGRO,,,,2007-08-01T06:00:00.000Z,4279.29,Mobiliario y Equipo de Oficina,10,2026-03-10T04:26:28.303Z,2026-03-11T18:56:25.019Z
89364bd4-c60b-4c8a-8fc1-3f9f6f33830f,4ab96c3b-a507-45bb-90d4-0cbea9ffdeb8,2,SILLAS EJECUTIVAS,SILLAS EJECUTIVAS,,,,,TKSSSO-MTNN,TKSSSO-MTNN,,,,2023-03-17T06:00:00.000Z,12476.25,Mobiliario y Equipo de Oficina,10,2026-03-10T04:26:28.059Z,2026-03-11T18:56:24.774Z
22da5182-08f3-4154-9ec1-6a30939163f0,4ab96c3b-a507-45bb-90d4-0cbea9ffdeb8,2,SILLAS DE ESPERA WR-531,SILLAS DE ESPERA WR-531,,,,,,,,,,2025-05-10T06:00:00.000Z,6168.6,Mobiliario y Equipo de Oficina,10,2026-03-10T04:26:27.817Z,2026-03-11T18:56:24.517Z
b49b1064-426b-47c4-9136-beb0f9e34c20,4ab96c3b-a507-45bb-90d4-0cbea9ffdeb8,3,SILLAS DE ESPERA,SILLAS DE ESPERA,,,,,3683.0,3683.0,,,,2023-07-08T06:00:00.000Z,2999,Mobiliario y Equipo de Oficina,10,2026-03-10T04:26:27.574Z,2026-03-11T18:56:24.272Z
7ffdcf51-3b3d-42cc-80bb-d06ebf261e19,4ab96c3b-a507-45bb-90d4-0cbea9ffdeb8,4,SILLAS DE ESPERA,SILLAS DE ESPERA,,,,,,,,,,2007-08-01T06:00:00.000Z,5037.13,Mobiliario y Equipo de Oficina,10,2026-03-10T04:26:27.331Z,2026-03-11T18:56:24.026Z
ba4980b2-2d82-419a-8de8-fd70a03c43e9,4ab96c3b-a507-45bb-90d4-0cbea9ffdeb8,1,"SILLA HERMAN MILLER MODELO LINO, PARA EL PASTOR ISMAEL PAZ","SILLA HERMAN MILLER MODELO LINO, PARA EL PASTOR ISMAEL PAZ",,,,,,,,,,2020-06-30T06:00:00.000Z,11752.54,Mobiliario y Equipo de Oficina,10,2026-03-10T04:26:27.089Z,2026-03-11T18:56:23.780Z
eef1f80d-ff01-4581-8b79-57a97eef65c9,4ab96c3b-a507-45bb-90d4-0cbea9ffdeb8,1,SILLA EJECUTIVA PU TURIN-A,SILLA EJECUTIVA PU TURIN-A,,,,,,,,,,2025-05-17T06:00:00.000Z,5598.59,Mobiliario y Equipo de Oficina,10,2026-03-10T04:26:26.846Z,2026-03-11T18:56:23.536Z
4ca1f6a0-5df9-4497-944b-9738d04d4372,4ab96c3b-a507-45bb-90d4-0cbea9ffdeb8,2,SILLA DE ESPERA SIN RODOS Y BRAZOS,SILLA DE ESPERA SIN RODOS Y BRAZOS,,,,,color negro/tela,color negro/tela,,,,2024-09-07T06:00:00.000Z,2276,Mobiliario y Equipo de Oficina,10,2026-03-10T04:26:26.603Z,2026-03-11T18:56:23.290Z
d1f3f575-1ba3-47ce-a01b-6f547d61eca6,4ab96c3b-a507-45bb-90d4-0cbea9ffdeb8,2,SILLA DE ESPERA,SILLA DE ESPERA,,,,,,,,,,2025-11-18T06:00:00.000Z,1621.74,Mobiliario y Equipo de Oficina,10,2026-03-10T04:26:26.361Z,2026-03-11T18:56:23.046Z
848e70d6-6f16-48e3-8e66-d41f5ee0479a,4ab96c3b-a507-45bb-90d4-0cbea9ffdeb8,1,ROTULADOR ELECTRICO PTH110,ROTULADOR ELECTRICO PTH110,,,,,,,,,,2021-07-31T06:00:00.000Z,1300,Mobiliario y Equipo de Oficina,10,2026-03-10T04:26:26.118Z,2026-03-11T18:56:22.801Z
880df789-a3af-42eb-b594-82d0c880fb32,4ab96c3b-a507-45bb-90d4-0cbea9ffdeb8,1,ROTOMARTILLO DE 7/8,ROTOMARTILLO DE 7/8,,,,,,,,,,2007-10-16T06:00:00.000Z,5442.54,Mobiliario y Equipo de Oficina,10,2026-03-10T04:26:25.875Z,2026-03-11T18:56:22.557Z
97dc4772-f756-4d9d-b273-97f52a10dd69,4ab96c3b-a507-45bb-90d4-0cbea9ffdeb8,1,QUEMADORA DE CDS,QUEMADORA DE CDS,,,,,9132540059.0,9132540059.0,,,,2016-01-31T06:00:00.000Z,8148.94,Mobiliario y Equipo de Oficina,10,2026-03-10T04:26:25.633Z,2026-03-11T18:56:22.312Z
9ea06f34-6ded-4d47-a4cd-ba4507d70bbd,4ab96c3b-a507-45bb-90d4-0cbea9ffdeb8,1,PROTECTOR P/4 LINEAS TEL.,PROTECTOR P/4 LINEAS TEL.,,,,,PA0077A14519300244,PA0077A14519300244,,,,2022-12-31T06:00:00.000Z,1897.5,Mobiliario y Equipo de Oficina,10,2026-03-10T04:26:25.389Z,2026-03-11T18:56:22.066Z
71a64141-3af1-4621-94f0-e28cf81b72d6,4ab96c3b-a507-45bb-90d4-0cbea9ffdeb8,1,POSTE OCTAGONAL,POSTE OCTAGONAL,,,,,,,,,,2004-04-01T06:00:00.000Z,9569.99,Mobiliario y Equipo de Oficina,10,2026-03-10T04:26:25.097Z,2026-03-11T18:56:21.821Z
725a0fa6-245b-4165-af12-a144dceab270,4ab96c3b-a507-45bb-90d4-0cbea9ffdeb8,1,PLANTA TELEFONICA IPPBX,PLANTA TELEFONICA IPPBX,,,,,C074AD52FEC4,C074AD52FEC4,,,,2022-12-31T06:00:00.000Z,7072.5,Mobiliario y Equipo de Oficina,10,2026-03-10T04:26:24.853Z,2026-03-11T18:56:21.577Z
f096e11e-ac54-40f8-a778-6460eedb9df8,4ab96c3b-a507-45bb-90d4-0cbea9ffdeb8,1,PIZARRON Y PIZARRA DE ESCORCHO PARA ESCUELA BIBLICA,PIZARRON Y PIZARRA DE ESCORCHO PARA ESCUELA BIBLICA,,,,,,,,,,2019-11-30T06:00:00.000Z,4954.38,Mobiliario y Equipo de Oficina,10,2026-03-10T04:26:24.610Z,2026-03-11T18:56:21.333Z
d656ff15-5343-431c-b7ab-17bdfa395713,4ab96c3b-a507-45bb-90d4-0cbea9ffdeb8,2,PIZARRAS DE CORCHO PARA ESCUELA BIBLICA,PIZARRAS DE CORCHO PARA ESCUELA BIBLICA,,,,,,,,,,2019-11-30T06:00:00.000Z,5216.86,Mobiliario y Equipo de Oficina,10,2026-03-10T04:26:24.366Z,2026-03-11T18:56:21.088Z
424e2fc9-822e-4cce-928d-0549091b722c,4ab96c3b-a507-45bb-90d4-0cbea9ffdeb8,1,PIZARRA DE CORCHO 121.9 X 182.9 CMS,PIZARRA DE CORCHO 121.9 X 182.9 CMS,,,,,,,,,,2019-12-31T06:00:00.000Z,2608.43,Mobiliario y Equipo de Oficina,10,2026-03-10T04:26:24.121Z,2026-03-11T18:56:20.844Z
5420580a-366b-4c09-8c51-a61f5ddee499,4ab96c3b-a507-45bb-90d4-0cbea9ffdeb8,1,PIZARRA ACRILICA CUADRICULADA PARA ESCUELA BIBLICA,PIZARRA ACRILICA CUADRICULADA PARA ESCUELA BIBLICA,,,,,,,,,,2019-10-31T06:00:00.000Z,2015.7,Mobiliario y Equipo de Oficina,10,2026-03-10T04:26:23.877Z,2026-03-11T18:56:20.550Z
92a50a7b-f0ad-455a-91e3-efc2b803a729,4ab96c3b-a507-45bb-90d4-0cbea9ffdeb8,1,PIZARRA 121.9 X 243.8 CMS,PIZARRA 121.9 X 243.8 CMS,,,,,,,,,,2019-12-31T06:00:00.000Z,2015.7,Mobiliario y Equipo de Oficina,10,2026-03-10T04:26:23.632Z,2026-03-11T18:56:20.304Z
9d093709-1aaa-4fdb-88f9-72d39d4ac6c9,4ab96c3b-a507-45bb-90d4-0cbea9ffdeb8,1,MUEBLE DE MADERA,MUEBLE DE MADERA,,,,,,,,,,2025-07-17T06:00:00.000Z,11752.04,Mobiliario y Equipo de Oficina,10,2026-03-10T04:26:23.388Z,2026-03-11T18:56:20.059Z
ea22d3c9-1ff1-4874-950f-1789515f50a6,4ab96c3b-a507-45bb-90d4-0cbea9ffdeb8,1,MONITOR PARA COMPUTADORA,MONITOR PARA COMPUTADORA,,,,,20MK400H,20MK400H,,,,2023-04-15T06:00:00.000Z,3399,Mobiliario y Equipo de Oficina,10,2026-03-10T04:26:23.144Z,2026-03-11T18:56:19.813Z
442803e4-2e5f-425a-8d3c-014380815d2a,4ab96c3b-a507-45bb-90d4-0cbea9ffdeb8,1,MINISPLIT COMFORST DE 18000 BTU 24SEER,MINISPLIT COMFORST DE 18000 BTU 24SEER,,,,,,,,,,2022-02-28T06:00:00.000Z,24987.2,Mobiliario y Equipo de Oficina,10,2026-03-10T04:26:22.900Z,2026-03-11T18:56:19.568Z
82edb0fe-ac0d-41f7-b01c-e1d7a93eaae9,4ab96c3b-a507-45bb-90d4-0cbea9ffdeb8,1,MINICOMPONENTE,MINICOMPONENTE,,,,,SO19127493K,SO19127493K,,,,2015-11-30T06:00:00.000Z,4990,Mobiliario y Equipo de Oficina,10,2026-03-10T04:26:22.657Z,2026-03-11T18:56:19.323Z
cf0fef23-4251-407c-9bfc-358e80d886f7,4ab96c3b-a507-45bb-90d4-0cbea9ffdeb8,1,MINI SPLIT (Planta Alta),MINI SPLIT (Planta Alta),,,,,W0402-6000013,W0402-6000013,,,,2004-08-06T06:00:00.000Z,22649,Mobiliario y Equipo de Oficina,10,2026-03-10T04:26:22.166Z,2026-03-11T18:56:19.079Z
28c4b20d-5cfc-499e-b89c-dd40a53512fb,4ab96c3b-a507-45bb-90d4-0cbea9ffdeb8,1,MINI SPLIT,MINI SPLIT,,,,,01AJB07005601811,01AJB07005601811,,,,2007-07-22T06:00:00.000Z,10714.28,Mobiliario y Equipo de Oficina,10,2026-03-10T04:26:21.922Z,2026-03-11T18:56:18.834Z
7222f105-8be2-4030-8730-5a4ec925d423,4ab96c3b-a507-45bb-90d4-0cbea9ffdeb8,1,MICROONDAS COLOR NEGRO,MICROONDAS COLOR NEGRO,,,,,,,,,,2023-01-10T06:00:00.000Z,1000,Mobiliario y Equipo de Oficina,10,2026-03-10T04:26:21.679Z,2026-03-11T18:56:18.590Z
58f9883e-8f9b-4565-bbfc-f313ab79feac,4ab96c3b-a507-45bb-90d4-0cbea9ffdeb8,6,MESAS RECTANGULARES,MESAS RECTANGULARES,,,,,,,,,,2007-12-14T06:00:00.000Z,27999,Mobiliario y Equipo de Oficina,10,2026-03-10T04:26:21.434Z,2026-03-11T18:56:18.344Z
5d89d207-c476-4d41-9628-a6306b4aae7f,4ab96c3b-a507-45bb-90d4-0cbea9ffdeb8,8,MESAS RECTANGULARES,MESAS RECTANGULARES,,,,,,,,,,2007-12-14T06:00:00.000Z,11200,Mobiliario y Equipo de Oficina,10,2026-03-10T04:26:21.191Z,2026-03-11T18:56:18.099Z
75b81505-65aa-417a-80a5-ade753d373eb,4ab96c3b-a507-45bb-90d4-0cbea9ffdeb8,6,MESAS RECTANGULARES,MESAS RECTANGULARES,,,,,,,,,,2007-12-14T06:00:00.000Z,8400,Mobiliario y Equipo de Oficina,10,2026-03-10T04:26:20.949Z,2026-03-11T18:56:17.854Z
50b88cc0-61bb-4653-9d24-439f8829898e,4ab96c3b-a507-45bb-90d4-0cbea9ffdeb8,10,MESAS RECTANGULARES,MESAS RECTANGULARES,,,,,,,,,,2006-12-23T06:00:00.000Z,12499.6,Mobiliario y Equipo de Oficina,10,2026-03-10T04:26:20.706Z,2026-03-11T18:56:17.608Z
9a578451-73a3-4bf1-be3a-4813b494f140,4ab96c3b-a507-45bb-90d4-0cbea9ffdeb8,6,MESAS RECTANGULARES,MESAS RECTANGULARES,,,,,,,,,,2006-09-20T06:00:00.000Z,8400,Mobiliario y Equipo de Oficina,10,2026-03-10T04:26:20.462Z,2026-03-11T18:56:17.362Z
5bb5e574-5577-41be-83d2-eb46b39be8ac,4ab96c3b-a507-45bb-90d4-0cbea9ffdeb8,2,"MESAS DE 72"" X 36"" X 34""","MESAS DE 72"" X 36"" X 34""",,,,,,,,,,2017-09-20T06:00:00.000Z,23040,Mobiliario y Equipo de Oficina,10,2026-03-10T04:26:20.208Z,2026-03-11T18:56:17.116Z
9cdaa987-9b1b-4433-a24f-c12b64185a43,4ab96c3b-a507-45bb-90d4-0cbea9ffdeb8,1,MESA TRENT BAR NEGRA,MESA TRENT BAR NEGRA,,,,,Uso Dpto de Relacionamiento,Uso Dpto de Relacionamiento,,,,2025-10-31T06:00:00.000Z,5236,Mobiliario y Equipo de Oficina,10,2026-03-10T04:26:19.959Z,2026-03-11T18:56:16.869Z
46495412-9dc0-4007-bf19-36b139617ace,4ab96c3b-a507-45bb-90d4-0cbea9ffdeb8,1,MESA P/CONFERENCIAS,MESA P/CONFERENCIAS,,,,,,,,,,2002-08-01T06:00:00.000Z,4480,Mobiliario y Equipo de Oficina,10,2026-03-10T04:26:19.717Z,2026-03-11T18:56:16.623Z
255f794b-ddee-464e-a1ee-1a1954ceb55a,4ab96c3b-a507-45bb-90d4-0cbea9ffdeb8,1,MESA LONDRES 24'',MESA LONDRES 24'',,,,,,,,,,2025-10-31T06:00:00.000Z,2024,Mobiliario y Equipo de Oficina,10,2026-03-10T04:26:19.475Z,2026-03-11T18:56:16.377Z
c8d9f585-b71e-4bd8-bcb6-2a403904883a,4ab96c3b-a507-45bb-90d4-0cbea9ffdeb8,1,MESA 24X42 DOBLE PATA P/CAFETERIA,MESA 24X42 DOBLE PATA P/CAFETERIA,,,,,,,,,,2017-11-30T06:00:00.000Z,2300,Mobiliario y Equipo de Oficina,10,2026-03-10T04:26:19.231Z,2026-03-11T18:56:16.132Z
34350eea-558a-4d63-abc7-d1031cd4990a,4ab96c3b-a507-45bb-90d4-0cbea9ffdeb8,1,MAQUINA PULIDORA,MAQUINA PULIDORA,,,,,,,,,,2008-02-18T06:00:00.000Z,23520,Mobiliario y Equipo de Oficina,10,2026-03-10T04:26:18.987Z,2026-03-11T18:56:15.885Z
cc2230df-4db6-4073-ac0c-d279bdc7f2f2,4ab96c3b-a507-45bb-90d4-0cbea9ffdeb8,1,LOCKER METALICO DE 3 VIVELES,LOCKER METALICO DE 3 VIVELES,,,,,,,,,,2026-01-14T06:00:00.000Z,1909.87,Mobiliario y Equipo de Oficina,10,2026-03-10T04:26:18.743Z,2026-03-11T18:56:15.640Z
e0c967ca-0968-4a51-af28-5362a670c458,4ab96c3b-a507-45bb-90d4-0cbea9ffdeb8,1,LIBRERO ALTO CON PUERTA DE VIDRIO,LIBRERO ALTO CON PUERTA DE VIDRIO,,,,,,,,,,2025-11-18T06:00:00.000Z,7029.42,Mobiliario y Equipo de Oficina,10,2026-03-10T04:26:18.500Z,2026-03-11T18:56:15.394Z
6f85d3f7-a8b0-458c-a4b0-fdb49f2a58f5,4ab96c3b-a507-45bb-90d4-0cbea9ffdeb8,1,"LAPTOP CORE I7, 1TB, 16GB","LAPTOP CORE I7, 1TB, 16GB",,,,,5H6SFS3,5H6SFS3,,,,2023-06-13T06:00:00.000Z,31665.43,Mobiliario y Equipo de Oficina,10,2026-03-10T04:26:18.256Z,2026-03-11T18:56:15.148Z
ddceb7aa-47de-45eb-8762-21faf13e946e,4ab96c3b-a507-45bb-90d4-0cbea9ffdeb8,3,JUEGOS DE BOQUITOQUIS,JUEGOS DE BOQUITOQUIS,,,,,,,,,,2016-03-31T06:00:00.000Z,7560.85,Mobiliario y Equipo de Oficina,10,2026-03-10T04:26:18.006Z,2026-03-11T18:56:14.903Z
6a46d2dd-c59a-4e17-ab2a-d826d6e196b2,4ab96c3b-a507-45bb-90d4-0cbea9ffdeb8,1,JUEGO DE MUEBLES DE SALA,JUEGO DE MUEBLES DE SALA,,,,,,,,,,2009-02-28T06:00:00.000Z,7500,Mobiliario y Equipo de Oficina,10,2026-03-10T04:26:17.761Z,2026-03-11T18:56:14.658Z
6a567e1d-e4cf-4086-97dc-ac19b21a6df1,4ab96c3b-a507-45bb-90d4-0cbea9ffdeb8,1,JUEGO DE MUEBLES DE OFICINA,JUEGO DE MUEBLES DE OFICINA,,,,,,,,,,2009-02-28T06:00:00.000Z,30010.62,Mobiliario y Equipo de Oficina,10,2026-03-10T04:26:17.518Z,2026-03-11T18:56:14.411Z
cfcb9a8c-516b-4278-86a1-99de408be1d1,4ab96c3b-a507-45bb-90d4-0cbea9ffdeb8,1,JUEGO DE CAMARAS,JUEGO DE CAMARAS,,,,,6333666.0,6333666.0,,,,2014-12-13T06:00:00.000Z,13500,Mobiliario y Equipo de Oficina,10,2026-03-10T04:26:17.275Z,2026-03-11T18:56:14.166Z
1b712718-7cc9-467f-b9b4-64b90c7c9b3f,4ab96c3b-a507-45bb-90d4-0cbea9ffdeb8,1,INTERCOMUNICADOR,INTERCOMUNICADOR,,,,,,,,,,2008-12-31T06:00:00.000Z,5060,Mobiliario y Equipo de Oficina,10,2026-03-10T04:26:17.032Z,2026-03-11T18:56:13.910Z
ce3ae079-84be-44da-907d-800f962538e5,4ab96c3b-a507-45bb-90d4-0cbea9ffdeb8,1,ININVERSOR VORTTECK EP33-6048 6000 WATS 110V,ININVERSOR VORTTECK EP33-6048 6000 WATS 110V,,,,,,,,,,2021-04-30T06:00:00.000Z,60000,Mobiliario y Equipo de Oficina,10,2026-03-10T04:26:16.787Z,2026-03-11T18:56:13.663Z
7ead7e5d-a0c4-4433-8dbd-e83d21c7651e,4ab96c3b-a507-45bb-90d4-0cbea9ffdeb8,1,IMPRESORA MULTIF. EPSON L3210 PARA OFIC. ESCUELA BIBLICA,IMPRESORA MULTIF. EPSON L3210 PARA OFIC. ESCUELA BIBLICA,,,,,SERIE X8HJ026490,SERIE X8HJ026490,,,,2022-05-31T06:00:00.000Z,5995,Mobiliario y Equipo de Oficina,10,2026-03-10T04:26:16.544Z,2026-03-11T18:56:13.174Z
2e87f664-5a2e-4156-aacf-d45ffa07fc44,4ab96c3b-a507-45bb-90d4-0cbea9ffdeb8,1,IMPRESORA DE CODIGO DE BARRA TT MAX,IMPRESORA DE CODIGO DE BARRA TT MAX,,,,,,,,,,2020-01-31T06:00:00.000Z,7500,Mobiliario y Equipo de Oficina,10,2026-03-10T04:26:16.301Z,2026-03-11T18:56:12.931Z
2bc9eb6d-32f3-4614-bf81-6b89eb3945ea,4ab96c3b-a507-45bb-90d4-0cbea9ffdeb8,1,HIDRO LAVADORA,HIDRO LAVADORA,,,,,,,,,,2018-09-30T06:00:00.000Z,3127.5,Mobiliario y Equipo de Oficina,10,2026-03-10T04:26:16.058Z,2026-03-11T18:56:12.686Z
eb53cb25-1649-47b5-8452-182e86fd5811,4ab96c3b-a507-45bb-90d4-0cbea9ffdeb8,1,GUILLOTINA MTALICA,GUILLOTINA MTALICA,,,,,,,,,,2025-04-14T06:00:00.000Z,1250.56,Mobiliario y Equipo de Oficina,5,2026-03-10T04:26:15.814Z,2026-03-11T18:56:12.441Z
a27de708-8c43-4bde-9706-5b97c3ddc52d,4ab96c3b-a507-45bb-90d4-0cbea9ffdeb8,1,GRABADORA DIGITAL,GRABADORA DIGITAL,,,,,7034119066.0,7034119066.0,,,,2016-01-31T06:00:00.000Z,4282.86,Mobiliario y Equipo de Oficina,10,2026-03-10T04:26:15.571Z,2026-03-11T18:56:12.196Z
6331890a-ad71-4d46-91ef-1b5394e3112e,4ab96c3b-a507-45bb-90d4-0cbea9ffdeb8,4,GAVETEROS DE MADERA,GAVETEROS DE MADERA,,,,,COLOR BLANCO,COLOR BLANCO,,,,2005-03-01T06:00:00.000Z,5200,Mobiliario y Equipo de Oficina,10,2026-03-10T04:26:15.328Z,2026-03-11T18:56:11.951Z
932c981a-6ccf-4f74-855f-74d3dde39643,4ab96c3b-a507-45bb-90d4-0cbea9ffdeb8,1,GATEWAY VOIP GRADSTREAM DE 4,GATEWAY VOIP GRADSTREAM DE 4,,,,,FXO 00B82DC24,FXO 00B82DC24,,,,2022-12-31T06:00:00.000Z,6589.5,Mobiliario y Equipo de Oficina,10,2026-03-10T04:26:15.085Z,2026-03-11T18:56:11.700Z
0537e292-3b54-48ef-a004-922d1923457c,4ab96c3b-a507-45bb-90d4-0cbea9ffdeb8,1,FREEZER 22',FREEZER 22',,,,,L02FR00028,L02FR00028,,,,2016-09-30T06:00:00.000Z,17593.89,Mobiliario y Equipo de Oficina,6.66,2026-03-10T04:26:14.841Z,2026-03-11T18:56:11.456Z
c71ff127-a3da-4fa5-9692-8021d27de0bf,4ab96c3b-a507-45bb-90d4-0cbea9ffdeb8,1,FOTOCOPIADORA,FOTOCOPIADORA,,,,,V9815800599,V9815800599,,,,2016-09-26T06:00:00.000Z,157500,Mobiliario y Equipo de Oficina,10,2026-03-10T04:26:14.598Z,2026-03-11T18:56:11.205Z
20aa54a4-2190-4c42-9437-cdf4624fb5e9,4ab96c3b-a507-45bb-90d4-0cbea9ffdeb8,1,FOTOCOPIADORA,FOTOCOPIADORA,,,,,XJN5702091,XJN5702091,,,,2006-05-02T06:00:00.000Z,20571.43,Mobiliario y Equipo de Oficina,10,2026-03-10T04:26:14.354Z,2026-03-11T18:56:10.961Z
07c3c8ba-67b2-4589-b64a-c30a58bb8002,4ab96c3b-a507-45bb-90d4-0cbea9ffdeb8,1,EXTINGUIDOR PARA CAFETERIA,EXTINGUIDOR PARA CAFETERIA,,,,,,,,,,2019-12-31T06:00:00.000Z,10235,Mobiliario y Equipo de Oficina,10,2026-03-10T04:26:14.111Z,2026-03-11T18:56:10.717Z
c4397924-1f63-4467-a8fc-2785e846eb4d,4ab96c3b-a507-45bb-90d4-0cbea9ffdeb8,1,ESTUFA C/ COMAL ESPECIAL,ESTUFA C/ COMAL ESPECIAL,,,,,,,,,,2016-03-31T06:00:00.000Z,5750,Mobiliario y Equipo de Oficina,10,2026-03-10T04:26:13.868Z,2026-03-11T18:56:10.471Z
000ff3ec-b25f-423b-a93b-4ff7e4918a47,4ab96c3b-a507-45bb-90d4-0cbea9ffdeb8,1,ESTANTE SIN PUERTAS,ESTANTE SIN PUERTAS,,,,,MA106-007-MXTX,MA106-007-MXTX,,,,2023-03-31T06:00:00.000Z,13311.94,Mobiliario y Equipo de Oficina,10,2026-03-10T04:26:13.622Z,2026-03-11T18:56:10.227Z
b97b8106-2bae-4070-8558-4a9f3c9e7cc5,4ab96c3b-a507-45bb-90d4-0cbea9ffdeb8,1,ESTANTE DE BODEGA,ESTANTE DE BODEGA,,,,,,,,,,2008-02-28T06:00:00.000Z,2354.4,Mobiliario y Equipo de Oficina,10,2026-03-10T04:26:13.379Z,2026-03-11T18:56:09.982Z
baa560a5-005e-4798-80f1-efb7a4269df7,4ab96c3b-a507-45bb-90d4-0cbea9ffdeb8,1,ESCRITORIO ESCUADRA MENDEL TOP VIDRIO,ESCRITORIO ESCUADRA MENDEL TOP VIDRIO,,,,,,,,,,2025-05-10T06:00:00.000Z,7786.25,Mobiliario y Equipo de Oficina,10,2026-03-10T04:26:13.136Z,2026-03-11T18:56:09.737Z
5abcb148-5ffc-4d06-b0b5-45098cbd9a5e,4ab96c3b-a507-45bb-90d4-0cbea9ffdeb8,1,ESCRITORIO CON MESA 4 GAVETAS,ESCRITORIO CON MESA 4 GAVETAS,,,,,,,,,,2003-08-31T06:00:00.000Z,5000,Mobiliario y Equipo de Oficina,10,2026-03-10T04:26:12.893Z,2026-03-11T18:56:09.492Z
02c624b5-8741-49b3-b22d-e07962a21d95,4ab96c3b-a507-45bb-90d4-0cbea9ffdeb8,1,ESCRITORIO 4 GAVETAS,ESCRITORIO 4 GAVETAS,,,,,,,,,,2003-08-31T06:00:00.000Z,2000,Mobiliario y Equipo de Oficina,10,2026-03-10T04:26:12.648Z,2026-03-11T18:56:09.246Z
6d072383-94b6-4087-85d5-b8753ce582a8,4ab96c3b-a507-45bb-90d4-0cbea9ffdeb8,1,"ESCANER INALAMBRICO UNITECH RF LASER, BASE Y CENTRO DE POD","ESCANER INALAMBRICO UNITECH RF LASER, BASE Y CENTRO DE POD",,,,,,,,,,2020-01-31T06:00:00.000Z,7000,Mobiliario y Equipo de Oficina,10,2026-03-10T04:26:12.404Z,2026-03-11T18:56:09.001Z
fec51c62-ed12-4644-9e91-3ceba552340f,4ab96c3b-a507-45bb-90d4-0cbea9ffdeb8,1,ESCALERA FIBRA VIDRIO,ESCALERA FIBRA VIDRIO,,,,,C-3017-12,C-3017-12,,,,2023-01-12T06:00:00.000Z,10730.36,Mobiliario y Equipo de Oficina,10,2026-03-10T04:26:12.161Z,2026-03-11T18:56:08.756Z
8126762b-3d21-4b39-9609-6b166835f33c,4ab96c3b-a507-45bb-90d4-0cbea9ffdeb8,1,ESCALERA,ESCALERA,,,,,,,,,,2010-11-30T06:00:00.000Z,4000,Mobiliario y Equipo de Oficina,10,2026-03-10T04:26:11.913Z,2026-03-11T18:56:08.499Z
cf6879e4-e7bd-47cd-ad53-44b7fabb29d7,4ab96c3b-a507-45bb-90d4-0cbea9ffdeb8,1,EQUIPO TELEFONICO,EQUIPO TELEFONICO,,,,,,,,,,2005-09-23T06:00:00.000Z,21554,Mobiliario y Equipo de Oficina,10,2026-03-10T04:26:11.670Z,2026-03-11T18:56:08.255Z
7b617c97-2e74-4930-ad80-99b39328d097,4ab96c3b-a507-45bb-90d4-0cbea9ffdeb8,1,DITAIRE DOS AA P/CAFETERIA,DITAIRE DOS AA P/CAFETERIA,,,,,,,,,,2017-09-30T06:00:00.000Z,59150,Mobiliario y Equipo de Oficina,10,2026-03-10T04:26:11.426Z,2026-03-11T18:56:08.010Z
ff47cc76-e0be-4211-8743-abe80705d3d0,4ab96c3b-a507-45bb-90d4-0cbea9ffdeb8,1,DITAIRE AA P/CAFETERIA,DITAIRE AA P/CAFETERIA,,,,,,,,,,2017-09-30T06:00:00.000Z,59150,Mobiliario y Equipo de Oficina,10,2026-03-10T04:26:11.183Z,2026-03-11T18:56:07.766Z
aad12a26-7050-4067-a095-6e7d0a407be2,4ab96c3b-a507-45bb-90d4-0cbea9ffdeb8,1,DITAIRE  FACT. X AA 18 BTU  SEER 25 P/AULA  DE ESC. BIBLIC,DITAIRE  FACT. X AA 18 BTU  SEER 25 P/AULA  DE ESC. BIBLIC,,,,,,,,,,2018-05-31T06:00:00.000Z,19000,Mobiliario y Equipo de Oficina,10,2026-03-10T04:26:10.938Z,2026-03-11T18:56:07.524Z
761e18b1-6e25-4483-8048-881289332e53,4ab96c3b-a507-45bb-90d4-0cbea9ffdeb8,2,CUNAS DE MADERA PEQUEÑAS,CUNAS DE MADERA PEQUEÑAS,,,,,COLOR BLANCO,COLOR BLANCO,,,,2005-03-01T06:00:00.000Z,2600,Mobiliario y Equipo de Oficina,10,2026-03-10T04:26:10.694Z,2026-03-11T18:56:07.281Z
29c49516-3a67-4407-aff2-56b1165c4933,4ab96c3b-a507-45bb-90d4-0cbea9ffdeb8,2,CUNAS DE MADERA,CUNAS DE MADERA,,,,,COLOR BLANCO,COLOR BLANCO,,,,2005-03-01T06:00:00.000Z,2600,Mobiliario y Equipo de Oficina,10,2026-03-10T04:26:10.451Z,2026-03-11T18:56:07.037Z
252f126e-bc42-4db0-b812-de9680359f10,4ab96c3b-a507-45bb-90d4-0cbea9ffdeb8,55,COLCHONETA 33%,COLCHONETA 33%,,,,,,,,,,2010-11-30T06:00:00.000Z,17600,Mobiliario y Equipo de Oficina,10,2026-03-10T04:26:10.207Z,2026-03-11T18:56:06.794Z
f66d80f3-f091-479e-a5f0-1af236bb3de4,4ab96c3b-a507-45bb-90d4-0cbea9ffdeb8,1,CELULAR iPhone 14 Pro Max usado,CELULAR iPhone 14 Pro Max usado,,,,,Serie F5JXWKDG23,Serie F5JXWKDG23,,,,2024-10-10T06:00:00.000Z,15014.12,Mobiliario y Equipo de Oficina,10,2026-03-10T04:26:09.909Z,2026-03-11T18:56:06.532Z
d67a4faa-c4a2-4e24-b622-cf4d064637f1,4ab96c3b-a507-45bb-90d4-0cbea9ffdeb8,2,CAMAS CUNAS PEQUEÑAS,CAMAS CUNAS PEQUEÑAS,,,,,COLOR BLANCO,COLOR BLANCO,,,,2005-03-01T06:00:00.000Z,2600,Mobiliario y Equipo de Oficina,10,2026-03-10T04:26:09.666Z,2026-03-11T18:56:06.288Z
8ecf1497-b7af-4089-a9f0-e73c20c93a6a,4ab96c3b-a507-45bb-90d4-0cbea9ffdeb8,4,CAMARAS P/VIGILANCIA,CAMARAS P/VIGILANCIA,,,,,,,,,,2015-08-31T06:00:00.000Z,4000,Mobiliario y Equipo de Oficina,10,2026-03-10T04:26:09.422Z,2026-03-11T18:56:06.044Z
9f430c9c-d73f-495c-8b39-de9f47a2b35c,4ab96c3b-a507-45bb-90d4-0cbea9ffdeb8,1,CAJA DE SEGURIDAD 23-1/4X17-3 SAFEMASTER,CAJA DE SEGURIDAD 23-1/4X17-3 SAFEMASTER,,,,,,,,,,2019-02-28T06:00:00.000Z,9660,Mobiliario y Equipo de Oficina,10,2026-03-10T04:26:09.179Z,2026-03-11T18:56:05.794Z
f0e44016-3aad-4373-9ea4-4973594c24c9,4ab96c3b-a507-45bb-90d4-0cbea9ffdeb8,1,BUFETERA,BUFETERA,,,,,,,,,,2011-04-15T06:00:00.000Z,20000,Mobiliario y Equipo de Oficina,6.66,2026-03-10T04:26:08.936Z,2026-03-11T18:56:05.501Z
921ecf54-7611-4dd9-b4c0-0cd587c6361a,4ab96c3b-a507-45bb-90d4-0cbea9ffdeb8,1,BOMOHSA BOMBA,BOMOHSA BOMBA,,,,,,,,,,2013-01-09T06:00:00.000Z,16415.2,Mobiliario y Equipo de Oficina,10,2026-03-10T04:26:08.693Z,2026-03-11T18:56:05.255Z
748bea07-afb2-4987-a0a2-8d8b41fb616d,4ab96c3b-a507-45bb-90d4-0cbea9ffdeb8,6,BANCOS ALTOS P/COCINA 24``,BANCOS ALTOS P/COCINA 24``,,,,,,,,,,2018-05-31T06:00:00.000Z,4200,Mobiliario y Equipo de Oficina,10,2026-03-10T04:26:08.453Z,2026-03-11T18:56:05.008Z
d4077915-1fe7-48d8-a8a2-8c1f7d1a1a48,4ab96c3b-a507-45bb-90d4-0cbea9ffdeb8,1,ATEM TELEVISION ESTUDIO,ATEM TELEVISION ESTUDIO,,,,,,,,,,2021-02-28T06:00:00.000Z,41096.97,Mobiliario y Equipo de Oficina,10,2026-03-10T04:26:08.205Z,2026-03-11T18:56:04.762Z
6607ce2b-cd8e-4d42-8bc8-8b6d9d39a9d8,4ab96c3b-a507-45bb-90d4-0cbea9ffdeb8,1,ARMARIO DE PERSIANA,ARMARIO DE PERSIANA,,,,,OFIC.PASTORAL,OFIC.PASTORAL,,,,2005-09-23T06:00:00.000Z,5024.88,Mobiliario y Equipo de Oficina,10,2026-03-10T04:26:07.964Z,2026-03-11T18:56:04.517Z
42b6a1b9-08b1-458e-a443-f22cb5374821,4ab96c3b-a507-45bb-90d4-0cbea9ffdeb8,1,ARCHIVO DE SEGUNDA,ARCHIVO DE SEGUNDA,,,,,,,,,,2015-09-30T06:00:00.000Z,2000,Mobiliario y Equipo de Oficina,6.66,2026-03-10T04:26:07.723Z,2026-03-11T18:56:04.272Z
0a4c3cbf-abc9-4ce7-9a5a-697f968e98b1,4ab96c3b-a507-45bb-90d4-0cbea9ffdeb8,1,ARCHIVERO 3 GAVETAS,ARCHIVERO 3 GAVETAS,,,,,"Serie MT-AR005
Codigo 781100172773","Serie MT-AR005
Codigo 781100172773",,,,2024-06-07T06:00:00.000Z,5936.41,Mobiliario y Equipo de Oficina,10,2026-03-10T04:26:07.475Z,2026-03-11T18:56:04.027Z
014f51f0-5304-4672-b932-3c1d7ba96cc4,4ab96c3b-a507-45bb-90d4-0cbea9ffdeb8,1,ARCHIVERO 3 GAVETAS,ARCHIVERO 3 GAVETAS,,,,,27325.0,27325.0,,,,2023-07-22T06:00:00.000Z,6299,Mobiliario y Equipo de Oficina,10,2026-03-10T04:26:07.234Z,2026-03-11T18:56:03.782Z
26d7aa0b-180e-460d-968b-27dda1afbb32,4ab96c3b-a507-45bb-90d4-0cbea9ffdeb8,1,AIRE ACONDICIONADO MINI SPLIT DE 12 BTU 24 SEER,AIRE ACONDICIONADO MINI SPLIT DE 12 BTU 24 SEER,,,,,,,,,,2018-12-31T06:00:00.000Z,17500,Mobiliario y Equipo de Oficina,10,2026-03-10T04:26:06.993Z,2026-03-11T18:55:50.790Z
06939649-b204-4c4d-ad83-937e1bde09fc,4ab96c3b-a507-45bb-90d4-0cbea9ffdeb8,1,AIRE ACONDICIONADO MINI SPLIT COLOR NEGRO 18000 BTU SEER,AIRE ACONDICIONADO MINI SPLIT COLOR NEGRO 18000 BTU SEER,,,,,,,,,,2018-12-31T06:00:00.000Z,19700,Mobiliario y Equipo de Oficina,10,2026-03-10T04:26:06.750Z,2026-03-11T18:56:02.558Z
e3374ba5-58c8-4d4b-8df5-1e50aaafcb87,4ab96c3b-a507-45bb-90d4-0cbea9ffdeb8,1,AIRE ACONDICIONADO MINI SPLIT 18000 BTU INVERTER 25 SEER MARCA CONFORT STAR AULA ESCUELA BIBLICA,AIRE ACONDICIONADO MINI SPLIT 18000 BTU INVERTER 25 SEER MARCA CONFORT STAR AULA ESCUELA BIBLICA,,,,,,,,,,2018-12-31T06:00:00.000Z,17500,Mobiliario y Equipo de Oficina,10,2026-03-10T04:26:06.509Z,2026-03-11T18:56:03.538Z
d9c0c86a-1479-4f5f-bfb7-246589349abb,4ab96c3b-a507-45bb-90d4-0cbea9ffdeb8,1,AIRE ACONDICIONADO,AIRE ACONDICIONADO,,,,,83001129.0,83001129.0,,,,2015-11-30T06:00:00.000Z,13700,Mobiliario y Equipo de Oficina,10,2026-03-10T04:26:06.262Z,2026-03-11T18:56:03.293Z
918081b9-4684-4183-bdba-c74939e1bf71,4ab96c3b-a507-45bb-90d4-0cbea9ffdeb8,1,AIRE ACONDICIONADO,AIRE ACONDICIONADO,,,,,,,,,,2009-09-30T06:00:00.000Z,25000,Mobiliario y Equipo de Oficina,10,2026-03-10T04:26:06.019Z,2026-03-11T18:56:03.048Z
ef20d88e-354b-4584-a7b9-8d1815c11af7,4ab96c3b-a507-45bb-90d4-0cbea9ffdeb8,1,AIRE ACONDICIONADO,AIRE ACONDICIONADO,,,,,640081.0,640081.0,,,,2009-03-31T06:00:00.000Z,7000,Mobiliario y Equipo de Oficina,10,2026-03-10T04:26:05.777Z,2026-03-11T18:56:02.803Z
c11e9e63-6546-4cc9-bd6e-cde610aff57c,4ab96c3b-a507-45bb-90d4-0cbea9ffdeb8,1,AIRE ACONDICIONADO,AIRE ACONDICIONADO,,,,,103001280.0,103001280.0,,,,2007-04-17T06:00:00.000Z,10714.28,Mobiliario y Equipo de Oficina,10,2026-03-10T04:26:05.048Z,2026-03-11T18:56:02.311Z
31425633-bc19-41c6-aeee-f8b89e6fd9da,4ab96c3b-a507-45bb-90d4-0cbea9ffdeb8,1,AIRE ACONDICIONADO,AIRE ACONDICIONADO,,,,,1419050000943,1419050000943,,,,2006-05-05T06:00:00.000Z,7220.54,Mobiliario y Equipo de Oficina,10,2026-03-10T04:26:04.804Z,2026-03-11T18:56:02.067Z
9cfa8f44-ba19-4e72-84ef-cb0b38cbcd20,4ab96c3b-a507-45bb-90d4-0cbea9ffdeb8,1,ACCESORIOS PARA CAMARA FOTOGRAFICA,ACCESORIOS PARA CAMARA FOTOGRAFICA,,,,,,,,,,2025-07-17T06:00:00.000Z,3860.2,Mobiliario y Equipo de Oficina,10,2026-03-10T04:26:04.561Z,2026-03-11T18:56:01.821Z
7ee684a3-17fd-4b66-b5cf-9189446dc4dd,4ab96c3b-a507-45bb-90d4-0cbea9ffdeb8,1,20 MESAS 82 SILLAS Y 2 BASUREROS,20 MESAS 82 SILLAS Y 2 BASUREROS,,,,,,,,,,2017-09-30T06:00:00.000Z,150300,Mobiliario y Equipo de Oficina,10,2026-03-10T04:26:04.318Z,2026-03-11T18:56:01.577Z
776947f4-ee35-4a68-bc7a-bdb0a9ec028a,4ab96c3b-a507-45bb-90d4-0cbea9ffdeb8,1,iPad (A16) 2025 con adaptador multipuerto USB,iPad (A16) 2025 con adaptador multipuerto USB,,,,,"Modelo MD4A4LL/A
Serie D2W3F96YM0","Modelo MD4A4LL/A
Serie D2W3F96YM0",,,,2025-09-03T06:00:00.000Z,9368.34,Equipo de Cómputo,10,2026-03-10T04:26:04.075Z,2026-03-11T18:56:01.330Z
77242b1c-4985-4d62-92ae-ab0df5f3c2f4,4ab96c3b-a507-45bb-90d4-0cbea9ffdeb8,2,TELEVISORES,TELEVISORES,,,,,,,,,,2007-11-11T06:00:00.000Z,7370,Equipo de Cómputo,10,2026-03-10T04:26:03.832Z,2026-03-11T18:56:01.085Z
26c30006-efb7-412d-b495-baea642c3820,4ab96c3b-a507-45bb-90d4-0cbea9ffdeb8,2,TELEVISORES,TELEVISORES,,,,,707200402-90463,707200402-90463,,,,2007-09-24T06:00:00.000Z,2889.6,Equipo de Cómputo,10,2026-03-10T04:26:03.588Z,2026-03-11T18:56:00.841Z
e2b7a0a6-8408-416b-b8e2-91cf2d277587,4ab96c3b-a507-45bb-90d4-0cbea9ffdeb8,4,TELEVISORES,TELEVISORES,,,,,T6A0200728-29-30-31,T6A0200728-29-30-31,,,,2007-07-30T06:00:00.000Z,3000,Equipo de Cómputo,10,2026-03-10T04:26:03.346Z,2026-03-11T18:56:00.596Z
2c8e60fd-0581-4f65-af0e-2472e8ff62db,4ab96c3b-a507-45bb-90d4-0cbea9ffdeb8,1,REPRODUCTOR DE DVD,REPRODUCTOR DE DVD,,,,,NW00643006853,NW00643006853,,,,2007-07-16T06:00:00.000Z,7834.4,Equipo de Cómputo,10,2026-03-10T04:26:03.105Z,2026-03-11T18:56:00.349Z
cbc98da6-9b20-469e-a606-a9f9b8e27a8e,4ab96c3b-a507-45bb-90d4-0cbea9ffdeb8,1,PANTALLA TRIPODE 70X70,PANTALLA TRIPODE 70X70,,,,,,,,,,2007-09-20T06:00:00.000Z,2995,Equipo de Cómputo,10,2026-03-10T04:26:02.863Z,2026-03-11T18:56:00.103Z
12d93307-64a4-4fa2-9dfe-29b0748109ca,4ab96c3b-a507-45bb-90d4-0cbea9ffdeb8,1,MUEBLE DE METAL,MUEBLE DE METAL,,,,,,,,,,2007-06-20T06:00:00.000Z,5765,Equipo de Cómputo,10,2026-03-10T04:26:02.620Z,2026-03-11T18:55:59.856Z
461d9e06-8b3a-486b-a367-2419d0f2953c,4ab96c3b-a507-45bb-90d4-0cbea9ffdeb8,1,MONITOR LG 34 PULGADAS,MONITOR LG 34 PULGADAS,,,,,WQ500 IPS,WQ500 IPS,,,,2023-02-15T06:00:00.000Z,8740,Equipo de Cómputo,10,2026-03-10T04:26:02.379Z,2026-03-11T18:55:59.610Z
936e158d-72fe-444d-8f05-f597562b5baa,4ab96c3b-a507-45bb-90d4-0cbea9ffdeb8,1,MONITOR,MONITOR,,,,,2D9K0AA,2D9K0AA,,,,2022-05-31T06:00:00.000Z,5499,Equipo de Cómputo,10,2026-03-10T04:26:02.136Z,2026-03-11T18:55:59.169Z
92cb60c5-c298-4104-8ed8-ad1726d14fe9,4ab96c3b-a507-45bb-90d4-0cbea9ffdeb8,1,LAPTOP MAC BOOK PRO 13-Inch 2.0 GHz QC / 16GB / 1TB,LAPTOP MAC BOOK PRO 13-Inch 2.0 GHz QC / 16GB / 1TB,,,,,C02D1A2MML7J,C02D1A2MML7J,,,,2023-10-26T06:00:00.000Z,20000,Equipo de Cómputo,6.66,2026-03-10T04:26:01.893Z,2026-03-11T18:55:58.919Z
b14e823f-de1b-43b7-8e95-30d4b8795cb8,4ab96c3b-a507-45bb-90d4-0cbea9ffdeb8,1,LAPTOP MAC BOOK AIR,LAPTOP MAC BOOK AIR,,,,,"A1 model A3240
Seire D07V9RH2WF","A1 model A3240
Seire D07V9RH2WF",,,,2025-08-08T06:00:00.000Z,22373.52,Equipo de Cómputo,6.66,2026-03-10T04:26:01.648Z,2026-03-11T18:55:58.675Z
22f828d4-c6db-4fe5-af96-e557a2966d07,4ab96c3b-a507-45bb-90d4-0cbea9ffdeb8,1,IPAD 64GB,IPAD 64GB,,,,,2W9DDN,2W9DDN,,,,2023-02-28T06:00:00.000Z,14831.7,Equipo de Cómputo,10,2026-03-10T04:26:01.405Z,2026-03-11T18:55:58.431Z
3dddc950-5076-4b60-ab2d-7b675db065ab,4ab96c3b-a507-45bb-90d4-0cbea9ffdeb8,1,IMPRESORA PARA ETIQUETAS TALLY,IMPRESORA PARA ETIQUETAS TALLY,,,,,Serie 904023440003,Serie 904023440003,,,,2024-09-26T06:00:00.000Z,14950,Equipo de Cómputo,10,2026-03-10T04:26:01.162Z,2026-03-11T18:55:58.187Z
7727335e-47e5-40b1-b4d4-61d9bc0d20bb,4ab96c3b-a507-45bb-90d4-0cbea9ffdeb8,1,IMPRESORA MULTIFUNCIONAL,IMPRESORA MULTIFUNCIONAL,,,,,Modelo L3250,Modelo L3250,,,,2025-09-24T06:00:00.000Z,5965,Equipo de Cómputo,10,2026-03-10T04:26:00.919Z,2026-03-11T18:55:57.930Z
52904f2f-be45-4e21-a4db-49dca7f3066f,4ab96c3b-a507-45bb-90d4-0cbea9ffdeb8,1,IMPRESORA MULTIFUNCIONAL,IMPRESORA MULTIFUNCIONAL,,,,,,,,,,2019-02-28T06:00:00.000Z,4137.71,Equipo de Cómputo,10,2026-03-10T04:26:00.677Z,2026-03-11T18:55:57.685Z
e5cdc29b-ba16-48ea-ae7d-8b1a913646da,4ab96c3b-a507-45bb-90d4-0cbea9ffdeb8,1,IMPRESORA DE CD (OFICINAS),IMPRESORA DE CD (OFICINAS),,,,,AASW02464,AASW02464,,,,2007-10-11T06:00:00.000Z,1933,Equipo de Cómputo,10,2026-03-10T04:26:00.433Z,2026-03-11T18:55:57.440Z
bf4f20f0-736f-47be-9357-085fb19f4fd6,4ab96c3b-a507-45bb-90d4-0cbea9ffdeb8,1,IMPRESORA,IMPRESORA,,,,,,,,,,2013-01-31T06:00:00.000Z,2700,Equipo de Cómputo,10,2026-03-10T04:26:00.190Z,2026-03-11T18:55:57.196Z
02ac6b10-36dd-4072-9ff8-e9b11c9bd33c,4ab96c3b-a507-45bb-90d4-0cbea9ffdeb8,1,FOTOCOPIADORA,FOTOCOPIADORA,,,,,R4V2431413,R4V2431413,,,,2023-02-21T06:00:00.000Z,29137.32,Equipo de Cómputo,10,2026-03-10T04:25:59.947Z,2026-03-11T18:55:56.951Z
a6b5052c-a299-475b-aedd-f54116e3ff0f,4ab96c3b-a507-45bb-90d4-0cbea9ffdeb8,1,ESTACION DE ESCRITORIO,ESTACION DE ESCRITORIO,,,,,,,,,,2022-11-30T06:00:00.000Z,38801.16,Equipo de Cómputo,10,2026-03-10T04:25:59.704Z,2026-03-11T18:55:56.701Z
a2acec64-40f9-4122-bacb-238aa65aa0ec,4ab96c3b-a507-45bb-90d4-0cbea9ffdeb8,1,DVD,DVD,,,,,2010088.0,2010088.0,,,,2007-09-24T06:00:00.000Z,1108.8,Equipo de Cómputo,10,2026-03-10T04:25:59.461Z,2026-03-11T18:55:56.458Z
6a27ce02-e104-49c5-9bab-8e636fed0acb,4ab96c3b-a507-45bb-90d4-0cbea9ffdeb8,1,DVD,DVD,,,,,HEX3G,HEX3G,,,,2007-07-06T06:00:00.000Z,1400,Equipo de Cómputo,10,2026-03-10T04:25:59.219Z,2026-03-11T18:55:56.210Z
ffd2aa71-8bb6-4b63-9df4-cade3da41c8a,4ab96c3b-a507-45bb-90d4-0cbea9ffdeb8,2,DATA SHOW,DATA SHOW,,,,,KRGF820646L-8206331,KRGF820646L-8206331,,,,2009-08-31T06:00:00.000Z,35982.5,Equipo de Cómputo,10,2026-03-10T04:25:58.976Z,2026-03-11T18:55:55.968Z
1bcab685-025e-4aff-a0ed-e343148804ff,4ab96c3b-a507-45bb-90d4-0cbea9ffdeb8,1,DATA SHOW,DATA SHOW,,,,,609949556.0,609949556.0,,,,2007-09-20T06:00:00.000Z,14995,Equipo de Cómputo,10,2026-03-10T04:25:58.731Z,2026-03-11T18:55:55.725Z
aa43267b-d11c-44f9-8f5f-6c1a02faef60,4ab96c3b-a507-45bb-90d4-0cbea9ffdeb8,1,CPU-RECEPCION,CPU-RECEPCION,,,,,,,,,,2015-12-31T06:00:00.000Z,2500,Equipo de Cómputo,6.66,2026-03-10T04:25:58.487Z,2026-03-11T18:55:55.480Z
56fd1c81-9ef1-4685-bbd3-3b54be93f71f,4ab96c3b-a507-45bb-90d4-0cbea9ffdeb8,1,CONSOLA DE 12 CANALES,CONSOLA DE 12 CANALES,,,,,,,,,,2008-04-12T06:00:00.000Z,6500,Equipo de Cómputo,10,2026-03-10T04:25:58.243Z,2026-03-11T18:55:55.225Z
3bd7239e-9169-4920-8ba1-08116109ccbd,4ab96c3b-a507-45bb-90d4-0cbea9ffdeb8,2,COMPUTADORAS DELL OPTIPLEX 7070 USADAS,COMPUTADORAS DELL OPTIPLEX 7070 USADAS,,,,,,,,,,2024-12-02T06:00:00.000Z,14419.08,Equipo de Cómputo,10,2026-03-10T04:25:57.999Z,2026-03-11T18:55:54.979Z
c9e3b6cd-426d-4473-b150-9514c5f80ff2,4ab96c3b-a507-45bb-90d4-0cbea9ffdeb8,1,COMPUTADORA PORTATIL USADA,COMPUTADORA PORTATIL USADA,,,,,,,,,,2012-10-31T06:00:00.000Z,10000,Equipo de Cómputo,10,2026-03-10T04:25:57.756Z,2026-03-11T18:55:54.734Z
1e3ba865-2137-43cb-b0e4-28ec33d36f67,4ab96c3b-a507-45bb-90d4-0cbea9ffdeb8,1,COMPUTADORA DELL,COMPUTADORA DELL,,,,,la computadora en piezas comprada en septiembre fue devuelta y cambiada por esta,la computadora en piezas comprada en septiembre fue devuelta y cambiada por esta,,,,2024-09-12T06:00:00.000Z,108045.92,Equipo de Cómputo,10,2026-03-10T04:25:57.512Z,2026-03-11T18:55:54.489Z
28e6b0d4-e5ea-459c-9c9e-d5cc868770d6,4ab96c3b-a507-45bb-90d4-0cbea9ffdeb8,1,COMPUTADORA DE ESCRITORIO,COMPUTADORA DE ESCRITORIO,,,,,,,,,,2019-02-28T06:00:00.000Z,23642.83,Equipo de Cómputo,10,2026-03-10T04:25:57.270Z,2026-03-11T18:55:54.243Z
a6c750dd-3188-4b7e-9d66-9fb6523a89a2,4ab96c3b-a507-45bb-90d4-0cbea9ffdeb8,1,COMPUTADORA CPU,COMPUTADORA CPU,,,,,2008080011.0,2008080011.0,,,,2008-08-20T06:00:00.000Z,14650,Equipo de Cómputo,10,2026-03-10T04:25:57.028Z,2026-03-11T18:55:53.997Z
b6405be4-2fbd-4927-b85e-7d5addc4b526,4ab96c3b-a507-45bb-90d4-0cbea9ffdeb8,1,COMPUTADORA,COMPUTADORA,,,,,,,,,,2020-12-31T06:00:00.000Z,27805.74,Equipo de Cómputo,10,2026-03-10T04:25:56.785Z,2026-03-11T18:55:53.752Z
3ba63f36-6fad-4321-adb1-929b6f2c0e8d,4ab96c3b-a507-45bb-90d4-0cbea9ffdeb8,1,COMPUTADORA,COMPUTADORA,,,,,CN-ODJ331-73616-8B3IFHH,CN-ODJ331-73616-8B3IFHH,,,,2009-02-28T06:00:00.000Z,16180,Equipo de Cómputo,10,2026-03-10T04:25:56.542Z,2026-03-11T18:55:53.506Z
e747d016-eaba-4bc8-82a8-913566862f4b,4ab96c3b-a507-45bb-90d4-0cbea9ffdeb8,1,COMPUTADORA,COMPUTADORA,,,,,,,,,,2007-08-30T06:00:00.000Z,33024,Equipo de Cómputo,10,2026-03-10T04:25:56.300Z,2026-03-11T18:55:53.262Z
8dafca39-86eb-49c4-a3c8-779831e6c22c,4ab96c3b-a507-45bb-90d4-0cbea9ffdeb8,1,COMPRA DE SMART TV,COMPRA DE SMART TV,,,,,"Modelo UN32H4303AFXZP
S/N 02W23CNG200148R","Modelo UN32H4303AFXZP
S/N 02W23CNG200148R",,,,2021-12-31T06:00:00.000Z,3500,Equipo de Cómputo,6.66,2026-03-10T04:25:56.058Z,2026-03-11T18:55:53.018Z
86bb57b0-74e9-4fa4-9a82-bb5a1aa79a96,4ab96c3b-a507-45bb-90d4-0cbea9ffdeb8,1,CAMARA,CAMARA,,,,,,,,,,2007-06-20T06:00:00.000Z,2000,Equipo de Cómputo,10,2026-03-10T04:25:55.810Z,2026-03-11T18:55:52.525Z
cc77581b-03af-4348-a428-bd7fe0bd82e4,4ab96c3b-a507-45bb-90d4-0cbea9ffdeb8,1,VEHICULO,VEHICULO,,,,,,,,,,2024-09-30T06:00:00.000Z,300000,Vehículos,3.33,2026-03-10T04:25:55.567Z,2026-03-11T18:55:52.280Z
56762796-f800-4ecb-afc5-2a52521c780e,4ab96c3b-a507-45bb-90d4-0cbea9ffdeb8,1,VEHICULO,VEHICULO,,,,,,,,,,2008-03-31T06:00:00.000Z,409144,Vehículos,5,2026-03-10T04:25:55.323Z,2026-03-11T18:55:52.035Z
afc14c5c-4f5c-433a-b9e4-a3e8c1b916fa,4ab96c3b-a507-45bb-90d4-0cbea9ffdeb8,1,EDIFICIO,EDIFICIO,,,,,,,,,,,1180719,Edificios,20,2026-03-10T04:25:55.076Z,2026-03-11T18:55:51.789Z
d9ab69bc-53e3-4978-b6c4-b9084fefee87,4ab96c3b-a507-45bb-90d4-0cbea9ffdeb8,1,TERRENO,TERRENO,,,,,,,,,,,3174200,Terrenos,,2026-03-10T04:25:54.710Z,2026-03-11T18:55:51.543Z