"ID externo","Nombre","Available to promise","Cantidad a mano","Cantidad pronosticada","Categoría de producto","Coste","Precio de venta","Referencia interna","Secuencia","Tipo de producto","Unidad de medida","Categoría de producto/Nombre a mostrar"
"__export__.product_template_816_8c8e8209","	INDEX 25-35CM","0.0","0.0","0.0","product.product_category_all","0.0","0.0","","1","Consumible","uom.product_uom_unit","COMPONENTES ELECTRONICOS"
"__export__.product_template_1039_51461f7c","0 1206","0.0","0.0","0.0","product.product_category_all","0.0","1.0","667-0 1206","1","Almacenable","uom.product_uom_unit","COMPONENTES ELECTRONICOS"
"__export__.product_template_1119_b3d5852c","0.033/20/630","0.0","0.0","0.0","product.product_category_all","0.0","1.0","789-0.033/20/630","1","Almacenable","uom.product_uom_unit","COMPONENTES ELECTRONICOS"
"__export__.product_template_517_aaa49c2a","0.15uF","0.0","0.0","0.0","product.product_category_all","0.0","1.0","456-0.1uF","1","Almacenable","uom.product_uom_unit","COMPONENTES ELECTRONICOS"
"__export__.product_template_966_5ba10fd5","0.1uF","0.0","0.0","0.0","product.product_category_all","0.0","1.0","866-0.1uF","1","Almacenable","uom.product_uom_unit","COMPONENTES ELECTRONICOS"
"__export__.product_template_888_c43ea610","0.22uF","0.0","0.0","0.0","product.product_category_all","0.0","1.0","766-0.22uF","1","Almacenable","uom.product_uom_unit","COMPONENTES ELECTRONICOS"
"__export__.product_template_894_f5936400","0.33uF","0.0","0.0","0.0","product.product_category_all","0.0","1.0","837-0.33uF","1","Almacenable","uom.product_uom_unit","COMPONENTES ELECTRONICOS"
"__export__.product_template_889_0f24948a","0.47uF","0.0","0.0","0.0","product.product_category_all","0.0","1.0","789-0.47uF","1","Almacenable","uom.product_uom_unit","COMPONENTES ELECTRONICOS"
"__export__.product_template_893_4bb921bb","0.68uF","0.0","0.0","0.0","product.product_category_all","0.0","1.0","684-0.68uF","1","Almacenable","uom.product_uom_unit","COMPONENTES ELECTRONICOS"
"__export__.product_template_570_bbbbdca8","0603 0805 1206 SMD Kit de condensadores de chip de cerámica","0.0","0.0","0.0","product.product_category_all","0.0","1.0","","1","Almacenable","uom.product_uom_unit","COMPONENTES ELECTRONICOS"
"__export__.product_template_571_97940be0","0603 SMD 10KOhm","0.0","0.0","0.0","product.product_category_all","0.0","1.0","71-0603 SMD 10KOhm","1","Almacenable","uom.product_uom_unit","COMPONENTES ELECTRONICOS"
"__export__.product_template_1127_89c16268","1.5KE15CA","0.0","0.0","0.0","product.product_category_all","0.0","1.0","334-1.5KE15CA","1","Almacenable","uom.product_uom_unit","COMPONENTES ELECTRONICOS"
"__export__.product_template_529_645d9eea","1.5nF","0.0","0.0","0.0","product.product_category_all","0.0","1.0","455-1.5nF","1","Almacenable","uom.product_uom_unit","COMPONENTES ELECTRONICOS"
"__export__.product_template_1023_8553e08b","100 1206","0.0","0.0","0.0","product.product_category_all","0.0","1.0","667-100 1206","1","Almacenable","uom.product_uom_unit","COMPONENTES ELECTRONICOS"
"__export__.product_template_1063_8ad8f49c","1003 1206","0.0","0.0","0.0","product.product_category_all","0.0","1.0","667-1003 1206","1","Almacenable","uom.product_uom_unit","COMPONENTES ELECTRONICOS"
"__export__.product_template_1069_d374c5d5","1004 1206","0.0","0.0","0.0","product.product_category_all","0.0","1.0","667-1004 1206","1","Almacenable","uom.product_uom_unit","COMPONENTES ELECTRONICOS"
"__export__.product_template_1070_02fa0681","1005 1206","0.0","0.0","0.0","product.product_category_all","0.0","1.0","667-1005 1206","1","Almacenable","uom.product_uom_unit","COMPONENTES ELECTRONICOS"
"__export__.product_template_1088_d35c51d5","100nF SMD","0.0","0.0","0.0","product.product_category_all","0.0","1.0","890-100nF SMD","1","Almacenable","uom.product_uom_unit","COMPONENTES ELECTRONICOS"
"__export__.product_template_607_776d837d","100pF","0.0","0.0","0.0","product.product_category_all","0.0","1.0","708-100pF","1","Almacenable","uom.product_uom_unit","COMPONENTES ELECTRONICOS"
"__export__.product_template_1133_4bfd766b","100uF 16V SMD E","0.0","0.0","0.0","product.product_category_all","0.0","1.0","552-100 uF 16V SMD E","1","Almacenable","uom.product_uom_unit","COMPONENTES ELECTRONICOS"
"__export__.product_template_902_058409a7","100uF 25V","0.0","0.0","0.0","product.product_category_all","0.0","1.0","110-100uF 25V","1","Almacenable","uom.product_uom_unit","COMPONENTES ELECTRONICOS"
"__export__.product_template_1053_8ca38b75","102 1206","0.0","0.0","0.0","product.product_category_all","0.0","1.0","667-102 1206","1","Almacenable","uom.product_uom_unit","COMPONENTES ELECTRONICOS"
"__export__.product_template_1035_a1ae9823","103 1206","0.0","0.0","0.0","product.product_category_all","0.0","1.0","667-103 1206","1","Almacenable","uom.product_uom_unit","COMPONENTES ELECTRONICOS"
"__export__.product_template_559_230544d8","104uF...100MIC","0.0","0.0","0.0","product.product_category_all","0.0","1.0","208-104uF...100MIC","1","Almacenable","uom.product_uom_unit","COMPONENTES ELECTRONICOS"
"__export__.product_template_1045_d6e9a205","10R0 1206","0.0","0.0","0.0","product.product_category_all","0.0","1.0","667-10R0 1206","1","Almacenable","uom.product_uom_unit","COMPONENTES ELECTRONICOS"
"__export__.product_template_531_d81ad380","10nF","0.0","0.0","0.0","product.product_category_all","0.0","1.0","455-10nF","1","Almacenable","uom.product_uom_unit","COMPONENTES ELECTRONICOS"
"__export__.product_template_1079_48208c7f","10nF SMD","0.0","0.0","0.0","product.product_category_all","0.0","1.0","890-10nF SMD","1","Almacenable","uom.product_uom_unit","COMPONENTES ELECTRONICOS"
"__export__.product_template_518_5b27a5ce","10pF","0.0","0.0","0.0","product.product_category_all","0.0","500.0","655-10pF","1","Almacenable","uom.product_uom_unit","COMPONENTES ELECTRONICOS"
"__export__.product_template_1082_8803a3d0","10pF SMD","0.0","0.0","0.0","product.product_category_all","0.0","1.0","890-10pF SMD","1","Almacenable","uom.product_uom_unit","COMPONENTES ELECTRONICOS"
"__export__.product_template_883_5386269f","10uF","0.0","0.0","0.0","product.product_category_all","0.0","1.0","551-10uF","1","Consumible","uom.product_uom_unit","COMPONENTES ELECTRONICOS"
"__export__.product_template_1132_be005eb0","10uF 16V SMD E","0.0","0.0","0.0","product.product_category_all","0.0","1.0","552-10uF 16V SMD E","1","Almacenable","uom.product_uom_unit","COMPONENTES ELECTRONICOS"
"__export__.product_template_552_49a6a658","10uF 25V","0.0","0.0","0.0","product.product_category_all","0.0","1.0","776-10uF 25V","1","Almacenable","uom.product_uom_unit","COMPONENTES ELECTRONICOS"
"__export__.product_template_901_288abe55","10uF 50V","0.0","0.0","0.0","product.product_category_all","0.0","1.0","108-10uF 50V","1","Almacenable","uom.product_uom_unit","COMPONENTES ELECTRONICOS"
"__export__.product_template_1054_9a5f8677","121 1206","0.0","0.0","0.0","product.product_category_all","0.0","1.0","667.121 1206","1","Almacenable","uom.product_uom_unit","COMPONENTES ELECTRONICOS"
"__export__.product_template_1024_eb4c4443","122 1206","0.0","0.0","0.0","product.product_category_all","0.0","1.0","667-122 1206","1","Almacenable","uom.product_uom_unit","COMPONENTES ELECTRONICOS"
"__export__.product_template_1036_c1255b90","123 1206","0.0","0.0","0.0","product.product_category_all","0.0","1.0","667-123 1206","1","Almacenable","uom.product_uom_unit","COMPONENTES ELECTRONICOS"
"__export__.product_template_1055_89e65a6a","151 1206","0.0","0.0","0.0","product.product_category_all","0.0","1.0","667-151 1206","1","Almacenable","uom.product_uom_unit","COMPONENTES ELECTRONICOS"
"__export__.product_template_1025_e2e9029d","152 1206","0.0","0.0","0.0","product.product_category_all","0.0","1.0","667-152 1206","1","Almacenable","uom.product_uom_unit","COMPONENTES ELECTRONICOS"
"__export__.product_template_1037_bffdac60","153 1206","0.0","0.0","0.0","product.product_category_all","0.0","1.0","667-153 1206","1","Almacenable","uom.product_uom_unit","COMPONENTES ELECTRONICOS"
"__export__.product_template_1046_7a4cf6ea","15R0 1206","0.0","0.0","0.0","product.product_category_all","0.0","1.0","667-15R0 1206","1","Almacenable","uom.product_uom_unit","COMPONENTES ELECTRONICOS"
"__export__.product_template_887_aa97ffcf","15pF","0.0","0.0","0.0","product.product_category_all","0.0","1.0","456-15pF","1","Almacenable","uom.product_uom_unit","COMPONENTES ELECTRONICOS"
"__export__.product_template_1011_8279f7a2","181 1206","0.0","0.0","0.0","product.product_category_all","0.0","1.0","667-18 1206","1","Almacenable","uom.product_uom_unit","COMPONENTES ELECTRONICOS"
"__export__.product_template_1033_4a240fc2","182 1206","0.0","0.0","0.0","product.product_category_all","0.0","1.0","667-182 1206","1","Almacenable","uom.product_uom_unit","COMPONENTES ELECTRONICOS"
"__export__.product_template_1038_cc369fd7","183 1206","0.0","0.0","0.0","product.product_category_all","0.0","1.0","667-183 1206","1","Almacenable","uom.product_uom_unit","COMPONENTES ELECTRONICOS"
"__export__.product_template_609_443b3f3d","1N4001","0.0","0.0","0.0","product.product_category_all","0.0","1.0","522-1N4001","1","Almacenable","uom.product_uom_unit","COMPONENTES ELECTRONICOS"
"__export__.product_template_1126_c9a0a1f6","1N4003","0.0","0.0","0.0","product.product_category_all","0.0","1.0","426-1N4003","1","Almacenable","uom.product_uom_unit","COMPONENTES ELECTRONICOS"
"__export__.product_template_611_2783dcca","1N4004","0.0","0.0","0.0","product.product_category_all","0.0","1.0","815-1N4004","1","Almacenable","uom.product_uom_unit","COMPONENTES ELECTRONICOS"
"__export__.product_template_612_416ffda6","1N4007","0.0","0.0","0.0","product.product_category_all","0.0","1.0","728-1N4007","1","Almacenable","uom.product_uom_unit","COMPONENTES ELECTRONICOS"
"__export__.product_template_950_70fccd5b","1N4148","0.0","0.0","0.0","product.product_category_all","0.0","1.0","849-1N4148","1","Almacenable","uom.product_uom_unit","COMPONENTES ELECTRONICOS"
"__export__.product_template_1221_b9caa94f","1N4747A","0.0","0.0","0.0","product.product_category_all","0.0","1.0","880-1N4747A","1","Almacenable","uom.product_uom_unit","COMPONENTES ELECTRONICOS"
"__export__.product_template_613_861f7645","1N5404","0.0","0.0","0.0","product.product_category_all","0.0","1.0","216-1N5404","1","Almacenable","uom.product_uom_unit","COMPONENTES ELECTRONICOS"
"__export__.product_template_614_8977553f","1N5406","0.0","0.0","0.0","product.product_category_all","0.0","1.0","217-1N5406","1","Almacenable","uom.product_uom_unit","COMPONENTES ELECTRONICOS"
"__export__.product_template_615_7c242ade","1N5408","0.0","0.0","0.0","product.product_category_all","0.0","1.0","218-1N5408","1","Almacenable","uom.product_uom_unit","COMPONENTES ELECTRONICOS"
"__export__.product_template_955_570d79d1","1N5817","0.0","0.0","0.0","product.product_category_all","0.0","1.0","511-1N5817","1","Almacenable","uom.product_uom_unit","COMPONENTES ELECTRONICOS"
"__export__.product_template_956_c9fcfca3","1N5819","0.0","0.0","0.0","product.product_category_all","0.0","1.0","511-1N5819","1","Almacenable","uom.product_uom_unit","COMPONENTES ELECTRONICOS"
"__export__.product_template_954_832d562f","1N5822","0.0","0.0","0.0","product.product_category_all","0.0","1.0","511-1N5822","1","Almacenable","uom.product_uom_unit","COMPONENTES ELECTRONICOS"
"__export__.product_template_1040_52801b94","1R 1206","0.0","0.0","0.0","product.product_category_all","0.0","1.0","667-1R 1206","1","Almacenable","uom.product_uom_unit","COMPONENTES ELECTRONICOS"
"__export__.product_template_528_1822e841","1nF","0.0","0.0","0.0","product.product_category_all","0.0","1.0","455-1nF","1","Almacenable","uom.product_uom_unit","COMPONENTES ELECTRONICOS"
"__export__.product_template_1095_242435ba","1nF SMD","0.0","0.0","0.0","product.product_category_all","0.0","1.0","890-1nF SMD","1","Almacenable","uom.product_uom_unit","COMPONENTES ELECTRONICOS"
"__export__.product_template_1099_a423ee4c","1pF SMD","0.0","0.0","0.0","product.product_category_all","0.0","1.0","890-1pF SMD","1","Almacenable","uom.product_uom_unit","COMPONENTES ELECTRONICOS"
"__export__.product_template_892_a96ca262","1uF","0.0","0.0","0.0","product.product_category_all","0.0","1.0","105-1uF","1","Almacenable","uom.product_uom_unit","COMPONENTES ELECTRONICOS"
"__export__.product_template_1098_d9f5d257","1uF SMD","0.0","0.0","0.0","product.product_category_all","0.0","1.0","890-1uF SMD","1","Almacenable","uom.product_uom_unit","COMPONENTES ELECTRONICOS"
"__export__.product_template_522_c452628e","2.2nF","0.0","0.0","0.0","product.product_category_all","0.0","1.0","455-2.2nF","1","Almacenable","uom.product_uom_unit","COMPONENTES ELECTRONICOS"
"__export__.product_template_1091_2602a034","2.2nF SMD","0.0","0.0","0.0","product.product_category_all","0.0","1.0","890-2.2nF SMD","1","Almacenable","uom.product_uom_unit","COMPONENTES ELECTRONICOS"
"__export__.product_template_1076_861a6795","2.2pF SMD","0.0","0.0","0.0","product.product_category_all","0.0","1.0","890-2.2pF SMD","1","Almacenable","uom.product_uom_unit","COMPONENTES ELECTRONICOS"
"__export__.product_template_891_83b90182","2.2uF","0.0","0.0","0.0","product.product_category_all","0.0","1.0","616-2.2uF","1","Almacenable","uom.product_uom_unit","COMPONENTES ELECTRONICOS"
"__export__.product_template_1056_6bd2901d","2002 1206","0.0","0.0","0.0","product.product_category_all","0.0","1.0","667-2002 1206","1","Almacenable","uom.product_uom_unit","COMPONENTES ELECTRONICOS"
"__export__.product_template_1064_59e8fd1d","2003 1206","0.0","0.0","0.0","product.product_category_all","0.0","1.0","667-2003 1206","1","Almacenable","uom.product_uom_unit","COMPONENTES ELECTRONICOS"
"__export__.product_template_1012_4d924865","201 1206","0.0","0.0","0.0","product.product_category_all","0.0","1.0","667-201 1206","1","Almacenable","uom.product_uom_unit","COMPONENTES ELECTRONICOS"
"__export__.product_template_1026_922fd731","202 1206","0.0","0.0","0.0","product.product_category_all","0.0","1.0","667-202 1206","1","Almacenable","uom.product_uom_unit","COMPONENTES ELECTRONICOS"
"__export__.product_template_912_96e42f85","20N60A4D","0.0","0.0","0.0","product.product_category_all","0.0","1.0","567-20N60A40","1","Almacenable","uom.product_uom_unit","COMPONENTES ELECTRONICOS"
"__export__.product_template_1057_bd31a387","2202  1206","0.0","0.0","0.0","product.product_category_all","0.0","1.0","667- 2202 1206","1","Almacenable","uom.product_uom_unit","COMPONENTES ELECTRONICOS"
"__export__.product_template_520_606caf39","220pF","0.0","0.0","0.0","product.product_category_all","0.0","500.0","688-220pF","1","Almacenable","uom.product_uom_unit","COMPONENTES ELECTRONICOS"
"__export__.product_template_1080_72fad305","220pF SMD","0.0","0.0","0.0","product.product_category_all","0.0","1.0","890-220pF SMD","1","Almacenable","uom.product_uom_unit","COMPONENTES ELECTRONICOS"
"__export__.product_template_916_9bcb500e","220uF 63V","0.0","0.0","0.0","product.product_category_all","0.0","1.0","105-220uF 63V","1","Almacenable","uom.product_uom_unit","COMPONENTES ELECTRONICOS"
"__export__.product_template_1013_dca03599","221 1206","0.0","0.0","0.0","product.product_category_all","0.0","1.0","667-221 1206","1","Almacenable","uom.product_uom_unit","COMPONENTES ELECTRONICOS"
"__export__.product_template_1027_23132b01","222 1206","0.0","0.0","0.0","product.product_category_all","0.0","1.0","667-222 1206","1","Almacenable","uom.product_uom_unit","COMPONENTES ELECTRONICOS"
"__export__.product_template_449_b4c0f67e","222K 1KV","0.0","0.0","0.0","product.product_category_all","0.0","1.0","Y5P 222K 1KV","1","Almacenable","uom.product_uom_unit","COMPONENTES ELECTRONICOS"
"__export__.product_template_1047_bb5024ba","22R0","0.0","0.0","0.0","product.product_category_all","0.0","1.0","667-22R0","1","Almacenable","uom.product_uom_unit","COMPONENTES ELECTRONICOS"
"__export__.product_template_525_bb763868","22nF","0.0","0.0","0.0","product.product_category_all","0.0","1.0","455-22nF","1","Almacenable","uom.product_uom_unit","COMPONENTES ELECTRONICOS"
"__export__.product_template_1077_232d6da1","22nF SMD","0.0","0.0","0.0","product.product_category_all","0.0","1.0","890-22nF SMD","1","Almacenable","uom.product_uom_unit","COMPONENTES ELECTRONICOS"
"__export__.product_template_886_f69d13f8","22pF","0.0","0.0","0.0","product.product_category_all","0.0","1.0","228-22pF","1","Almacenable","uom.product_uom_unit","COMPONENTES ELECTRONICOS"
"__export__.product_template_1096_f44d8c91","22pF SMD","0.0","0.0","0.0","product.product_category_all","0.0","1.0","890-22pF SMD","1","Almacenable","uom.product_uom_unit","COMPONENTES ELECTRONICOS"
"__export__.product_template_1130_90b22787","22uF 35V SMD E","0.0","0.0","0.0","product.product_category_all","0.0","1.0","667-22uF 35V SMD E","1","Almacenable","uom.product_uom_unit","COMPONENTES ELECTRONICOS"
"__export__.product_template_1014_1b3de63c","241 1206","0.0","0.0","0.0","product.product_category_all","0.0","1.0","667-241 1206","1","Almacenable","uom.product_uom_unit","COMPONENTES ELECTRONICOS"
"__export__.product_template_1148_a547818c","24LC512 SMD","0.0","0.0","0.0","product.product_category_all","0.0","1.0","116-24LC512 SMD","1","Almacenable","uom.product_uom_unit","COMPONENTES ELECTRONICOS"
"__export__.product_template_1015_3909e5b5","271 1206","0.0","0.0","0.0","product.product_category_all","0.0","1.0","667-271 1206","1","Almacenable","uom.product_uom_unit","COMPONENTES ELECTRONICOS"
"__export__.product_template_871_b8fe1779","27C512","0.0","0.0","0.0","product.product_category_all","0.0","1.0","508-27C512","1","Almacenable","uom.product_uom_unit","COMPONENTES ELECTRONICOS"
"__export__.product_template_1071_e48f5ed7","2A H","0.0","0.0","0.0","product.product_category_all","0.0","1.0","338-2A H","1","Almacenable","uom.product_uom_unit","COMPONENTES ELECTRONICOS"
"__export__.product_template_907_f8c652fb","2N 2222","0.0","0.0","0.0","product.product_category_all","0.0","1.0","640-2N 2222","1","Almacenable","uom.product_uom_unit","COMPONENTES ELECTRONICOS"
"__export__.product_template_428_a9205f46","2N 3904","0.0","0.0","0.0","product.product_category_all","0.0","1.0","M435","1","Almacenable","uom.product_uom_unit","COMPONENTES ELECTRONICOS"
"__export__.product_template_511_b95d0544","2N 4402","0.0","0.0","0.0","product.product_category_all","0.0","1.0","2N4402","1","Almacenable","uom.product_uom_unit","COMPONENTES ELECTRONICOS"
"__export__.product_template_1223_a56ae219","2N08","0.0","0.0","0.0","product.product_category_all","0.0","1.0","329-2N08","1","Almacenable","uom.product_uom_unit","COMPONENTES ELECTRONICOS"
"__export__.product_template_597_91aa7be9","2N2222","0.0","0.0","0.0","product.product_category_all","0.0","1.0","326-2N2222","1","Almacenable","uom.product_uom_unit","COMPONENTES ELECTRONICOS"
"__export__.product_template_555_40653c7d","2N2222A","0.0","0.0","0.0","product.product_category_all","0.0","1.0","511- 2N2222","1","Almacenable","uom.product_uom_unit","COMPONENTES ELECTRONICOS"
"__export__.product_template_1134_a73e31f6","2N2222A TO-92","0.0","0.0","0.0","product.product_category_all","0.0","1.0","558-2N2222A TO-92","1","Almacenable","uom.product_uom_unit","COMPONENTES ELECTRONICOS"
"__export__.product_template_598_c3e69cde","2N2907","0.0","0.0","0.0","product.product_category_all","0.0","1.0","511-2N2907","1","Almacenable","uom.product_uom_unit","COMPONENTES ELECTRONICOS"
"__export__.product_template_828_103fb188","2N3638A","0.0","0.0","0.0","product.product_category_all","0.0","1.0","610-2N3638A","1","Almacenable","uom.product_uom_unit","COMPONENTES ELECTRONICOS"
"__export__.product_template_1161_281c6201","2N3705","0.0","0.0","0.0","product.product_category_all","0.0","1.0","882-2N3705","1","Almacenable","uom.product_uom_unit","COMPONENTES ELECTRONICOS"
"__export__.product_template_857_ae253938","2N3707","0.0","0.0","0.0","product.product_category_all","0.0","1.0","610-2N3707","1","Almacenable","uom.product_uom_unit","COMPONENTES ELECTRONICOS"
"__export__.product_template_1169_a950bb70","2N3771G","0.0","0.0","0.0","product.product_category_all","0.0","1.0","552-2N3771G","1","Almacenable","uom.product_uom_unit","COMPONENTES ELECTRONICOS"
"__export__.product_template_599_2f2f911a","2N3904","0.0","0.0","0.0","product.product_category_all","0.0","1.0","610-2N3904","1","Almacenable","uom.product_uom_unit","COMPONENTES ELECTRONICOS"
"__export__.product_template_1168_80fd225e","2N3905","0.0","0.0","0.0","product.product_category_all","0.0","1.0","997-2N39055","1","Almacenable","uom.product_uom_unit","COMPONENTES ELECTRONICOS"
"__export__.product_template_600_5c4bb520","2N3906","0.0","0.0","0.0","product.product_category_all","0.0","1.0","512-2N3906","1","Almacenable","uom.product_uom_unit","COMPONENTES ELECTRONICOS"
"__export__.product_template_1224_f1066282","2N4400","0.0","0.0","0.0","product.product_category_all","0.0","1.0","757-2N4400","1","Almacenable","uom.product_uom_unit","COMPONENTES ELECTRONICOS"
"__export__.product_template_601_aac670d5","2N4401","0.0","0.0","0.0","product.product_category_all","0.0","1.0","205-2N4401","1","Almacenable","uom.product_uom_unit","COMPONENTES ELECTRONICOS"
"__export__.product_template_868_abc5f084","2N4403","0.0","0.0","0.0","product.product_category_all","0.0","1.0","637-2N4403","1","Almacenable","uom.product_uom_unit","COMPONENTES ELECTRONICOS"
"__export__.product_template_1120_e6fb42c4","2N5058","0.0","0.0","0.0","product.product_category_all","0.0","1.0","667-2N5058","1","Almacenable","uom.product_uom_unit","COMPONENTES ELECTRONICOS"
"__export__.product_template_602_a0957f14","2N5088","0.0","0.0","0.0","product.product_category_all","0.0","1.0","1514-2N5088","1","Almacenable","uom.product_uom_unit","COMPONENTES ELECTRONICOS"
"__export__.product_template_603_52898cf9","2N5401","0.0","0.0","0.0","product.product_category_all","0.0","1.0","208-2N5401","1","Almacenable","uom.product_uom_unit","COMPONENTES ELECTRONICOS"
"__export__.product_template_604_5b4e96a4","2N5551","0.0","0.0","0.0","product.product_category_all","0.0","1.0","645-2N5551","1","Almacenable","uom.product_uom_unit","COMPONENTES ELECTRONICOS"
"__export__.product_template_1170_68709fc7","2N6262","0.0","0.0","0.0","product.product_category_all","0.0","1.0","325-2N6262","1","Almacenable","uom.product_uom_unit","COMPONENTES ELECTRONICOS"
"__export__.product_template_503_aa5ed1c0","2N6576","0.0","0.0","0.0","product.product_category_all","0.0","1.0","335-2N6576","1","Almacenable","uom.product_uom_unit","COMPONENTES ELECTRONICOS"
"__export__.product_template_713_8e187e15","2N6661","0.0","0.0","0.0","product.product_category_all","0.0","1.0","689-2N661","1","Consumible","uom.product_uom_unit","COMPONENTES ELECTRONICOS"
"__export__.product_template_1041_019e9279","2R20 1206","0.0","0.0","0.0","product.product_category_all","0.0","1.0","667-2R20 1206","1","Almacenable","uom.product_uom_unit","COMPONENTES ELECTRONICOS"
"__export__.product_template_554_76be626e","2W10","0.0","0.0","0.0","product.product_category_all","0.0","1.0","620-2W10","1","Almacenable","uom.product_uom_unit","COMPONENTES ELECTRONICOS"
"__export__.product_template_523_19e30bff","3.3nF","0.0","0.0","0.0","product.product_category_all","0.0","1.0","455-3.3nF","1","Almacenable","uom.product_uom_unit","COMPONENTES ELECTRONICOS"
"__export__.product_template_1081_8989f995","3.3nF SMD","0.0","0.0","0.0","product.product_category_all","0.0","1.0","890-3.3nF SMD","1","Almacenable","uom.product_uom_unit","COMPONENTES ELECTRONICOS"
"__export__.product_template_1089_60392f19","3.3pF SMD","0.0","0.0","0.0","product.product_category_all","0.0","1.0","890-3.3pF SMD","1","Almacenable","uom.product_uom_unit","COMPONENTES ELECTRONICOS"
"__export__.product_template_1065_5a312242","3003 1206","0.0","0.0","0.0","product.product_category_all","0.0","1.0","667-3003 1206","1","Almacenable","uom.product_uom_unit","COMPONENTES ELECTRONICOS"
"__export__.product_template_1016_3aaef585","301 1206","0.0","0.0","0.0","product.product_category_all","0.0","1.0","667-301 1206","1","Almacenable","uom.product_uom_unit","COMPONENTES ELECTRONICOS"
"__export__.product_template_1028_a96277f6","302 1206","0.0","0.0","0.0","product.product_category_all","0.0","1.0","667-302 1206","1","Almacenable","uom.product_uom_unit","COMPONENTES ELECTRONICOS"
"__export__.product_template_852_864dcb7b","3266X-1-102","0.0","0.0","0.0","product.product_category_all","0.0","1.0","652-3266X-1-102","1","Consumible","uom.product_uom_unit","COMPONENTES ELECTRONICOS"
"__export__.product_template_853_b29c0e46","3266X-1-105","0.0","0.0","0.0","product.product_category_all","0.0","1.0","652-3266X-1-105","1","Consumible","uom.product_uom_unit","COMPONENTES ELECTRONICOS"
"__export__.product_template_851_f5179d25","3266X-1-503","0.0","0.0","0.0","product.product_category_all","0.0","1.0","652-3266X-1-503","1","Almacenable","uom.product_uom_unit","COMPONENTES ELECTRONICOS"
"__export__.product_template_1058_b62b3c1b","3302 1206","0.0","0.0","0.0","product.product_category_all","0.0","1.0","667-3302 1206","1","Almacenable","uom.product_uom_unit","COMPONENTES ELECTRONICOS"
"__export__.product_template_1097_7cae268b","330nF SMD","0.0","0.0","0.0","product.product_category_all","0.0","1.0","890-330nF SMD","1","Almacenable","uom.product_uom_unit","COMPONENTES ELECTRONICOS"
"__export__.product_template_1073_1000ca86","330pF","0.0","0.0","0.0","product.product_category_all","0.0","1.0","620-330pF","1","Almacenable","uom.product_uom_unit","COMPONENTES ELECTRONICOS"
"__export__.product_template_1017_813af56c","331 1206","0.0","0.0","0.0","product.product_category_all","0.0","1.0","667-331 1206","1","Almacenable","uom.product_uom_unit","COMPONENTES ELECTRONICOS"
"__export__.product_template_1029_4d475548","332 1206","0.0","0.0","0.0","product.product_category_all","0.0","1.0","667-382 1206","1","Almacenable","uom.product_uom_unit","COMPONENTES ELECTRONICOS"
"__export__.product_template_1048_3d4a7851","33R0","0.0","0.0","0.0","product.product_category_all","0.0","1.0","667-33R0","1","Almacenable","uom.product_uom_unit","COMPONENTES ELECTRONICOS"
"__export__.product_template_1084_4e2c31fc","33nF SMD","0.0","0.0","0.0","product.product_category_all","0.0","1.0","890-33nF SMD","1","Almacenable","uom.product_uom_unit","COMPONENTES ELECTRONICOS"
"__export__.product_template_885_2d44089b","33pF","0.0","0.0","0.0","product.product_category_all","0.0","1.0","534-33pF","1","Almacenable","uom.product_uom_unit","COMPONENTES ELECTRONICOS"
"__export__.product_template_858_7ffd9ad7","350135GS","0.0","0.0","0.0","product.product_category_all","0.0","1.0","707-350135GS","1","Almacenable","uom.product_uom_unit","COMPONENTES ELECTRONICOS"
"__export__.product_template_1092_bb15a214","38pF SMD","0.0","0.0","0.0","product.product_category_all","0.0","1.0","890-38pF SMD","1","Almacenable","uom.product_uom_unit","COMPONENTES ELECTRONICOS"
"__export__.product_template_1066_d125077f","3903 1206","0.0","0.0","0.0","product.product_category_all","0.0","1.0","667-3903 1206","1","Almacenable","uom.product_uom_unit","COMPONENTES ELECTRONICOS"
"__export__.product_template_1042_54777e2e","3R30 1206","0.0","0.0","0.0","product.product_category_all","0.0","1.0","667-3R30 1206","1","Almacenable","uom.product_uom_unit","COMPONENTES ELECTRONICOS"
"__export__.product_template_524_fe9f582e","4.7nF","0.0","0.0","0.0","product.product_category_all","0.0","1.0","455-4.7nF","1","Almacenable","uom.product_uom_unit","COMPONENTES ELECTRONICOS"
"__export__.product_template_1078_c9171110","4.7nF SMD","0.0","0.0","0.0","product.product_category_all","0.0","1.0","890-4.7nF SMD","1","Almacenable","uom.product_uom_unit","COMPONENTES ELECTRONICOS"
"__export__.product_template_1087_a8baf849","4.7pF SMD","0.0","0.0","0.0","product.product_category_all","0.0","1.0","890-4.7pF SMD","1","Almacenable","uom.product_uom_unit","COMPONENTES ELECTRONICOS"
"__export__.product_template_890_03452b6f","4.7uF","0.0","0.0","0.0","product.product_category_all","0.0","1.0","708-4.7uF","1","Almacenable","uom.product_uom_unit","COMPONENTES ELECTRONICOS"
"__export__.product_template_906_fb860a04","40TPS12A","0.0","0.0","0.0","product.product_category_all","0.0","1.0","844-40TPS12A","1","Almacenable","uom.product_uom_unit","COMPONENTES ELECTRONICOS"
"__export__.product_template_1059_e52996bf","4302 1206","0.0","0.0","0.0","product.product_category_all","0.0","1.0","667-4302 1206","1","Almacenable","uom.product_uom_unit","COMPONENTES ELECTRONICOS"
"__export__.product_template_1151_f0996d34","4435D","0.0","0.0","0.0","product.product_category_all","0.0","1.0","357-4435D","1","Almacenable","uom.product_uom_unit","COMPONENTES ELECTRONICOS"
"__export__.product_template_1060_8b112b7b","4702 1206","0.0","0.0","0.0","product.product_category_all","0.0","1.0","667-4702 1206","1","Almacenable","uom.product_uom_unit","COMPONENTES ELECTRONICOS"
"__export__.product_template_1067_b459f426","4703 1206","0.0","0.0","0.0","product.product_category_all","0.0","1.0","667-4703 1206","1","Almacenable","uom.product_uom_unit","COMPONENTES ELECTRONICOS"
"__export__.product_template_605_9f10bb87","470pF","0.0","0.0","0.0","product.product_category_all","0.0","1.0","388-470pF","1","Almacenable","uom.product_uom_unit","COMPONENTES ELECTRONICOS"
"__export__.product_template_1094_1e793559","470pF SMD","0.0","0.0","0.0","product.product_category_all","0.0","1.0","890-470pF SMD","1","Almacenable","uom.product_uom_unit","COMPONENTES ELECTRONICOS"
"__export__.product_template_1131_0c8b9ba4","470uF 25V SMD E","0.0","0.0","0.0","product.product_category_all","0.0","1.0","552-470uF 25V SMD E","1","Almacenable","uom.product_uom_unit","COMPONENTES ELECTRONICOS"
"__export__.product_template_900_b578cff2","470uF+/- 20%","0.0","0.0","0.0","product.product_category_all","0.0","1.0","266-470uF+/- 20%","1","Almacenable","uom.product_uom_unit","COMPONENTES ELECTRONICOS"
"__export__.product_template_1018_5fb01ae1","471 1206","0.0","0.0","0.0","product.product_category_all","0.0","1.0","667-471 1206","1","Almacenable","uom.product_uom_unit","COMPONENTES ELECTRONICOS"
"__export__.product_template_1030_e5526409","472 1206","0.0","0.0","0.0","product.product_category_all","0.0","1.0","667-472 1206","1","Almacenable","uom.product_uom_unit","COMPONENTES ELECTRONICOS"
"__export__.product_template_1049_58ac935a","47R0 1206","0.0","0.0","0.0","product.product_category_all","0.0","1.0","667-47R0 1206","1","Almacenable","uom.product_uom_unit","COMPONENTES ELECTRONICOS"
"__export__.product_template_526_cbbd2c72","47nF","0.0","0.0","0.0","product.product_category_all","0.0","1.0","455-47nF","1","Almacenable","uom.product_uom_unit","COMPONENTES ELECTRONICOS"
"__export__.product_template_884_9aee34e0","47pF","0.0","0.0","0.0","product.product_category_all","0.0","1.0","358-47pF","1","Almacenable","uom.product_uom_unit","COMPONENTES ELECTRONICOS"
"__export__.product_template_1086_db3db83e","47pF SMD","0.0","0.0","0.0","product.product_category_all","0.0","1.0","890-47pF SMD","1","Almacenable","uom.product_uom_unit","COMPONENTES ELECTRONICOS"
"__export__.product_template_903_cb7abbac","47uF 16V","0.0","0.0","0.0","product.product_category_all","0.0","1.0","208-47uF 16V","1","Almacenable","uom.product_uom_unit","COMPONENTES ELECTRONICOS"
"__export__.product_template_376_689b8f30","4C-D Transductor G.E","0.0","0.0","0.0","product.product_category_all","0.0","125000.0","5145045","1","Almacenable","uom.product_uom_unit","COMPONENTES ELECTRONICOS"
"__export__.product_template_870_c66d2d84","4N35","0.0","0.0","0.0","product.product_category_all","0.0","1.0","227-4N35","1","Almacenable","uom.product_uom_unit","COMPONENTES ELECTRONICOS"
"__export__.product_template_1043_dc79de26","4R70 1206","0.0","0.0","0.0","product.product_category_all","0.0","1.0","667-4R70 1206","1","Almacenable","uom.product_uom_unit","COMPONENTES ELECTRONICOS"
"__export__.product_template_1061_00b0faab","5101 1206","0.0","0.0","0.0","product.product_category_all","0.0","1.0","667-5101 1206","1","Almacenable","uom.product_uom_unit","COMPONENTES ELECTRONICOS"
"__export__.product_template_1019_f7b7da6d","511 1206","0.0","0.0","0.0","product.product_category_all","0.0","1.0","667-511 1206","1","Almacenable","uom.product_uom_unit","COMPONENTES ELECTRONICOS"
"__export__.product_template_1031_5905aa97","512 1206","0.0","0.0","0.0","product.product_category_all","0.0","1.0","667-512 1206","1","Almacenable","uom.product_uom_unit","COMPONENTES ELECTRONICOS"
"__export__.product_template_1050_f465e697","51R0 1206","0.0","0.0","0.0","product.product_category_all","0.0","1.0","667-51R0 1206","1","Almacenable","uom.product_uom_unit","COMPONENTES ELECTRONICOS"
"__export__.product_template_1020_43e15b86","561 1206","0.0","0.0","0.0","product.product_category_all","0.0","1.0","667-561 1206","1","Almacenable","uom.product_uom_unit","COMPONENTES ELECTRONICOS"
"__export__.product_template_1032_2233d056","562 1206","0.0","0.0","0.0","product.product_category_all","0.0","1.0","667-562 1206","1","Almacenable","uom.product_uom_unit","COMPONENTES ELECTRONICOS"
"__export__.product_template_1044_3982019c","5R10 1206","0.0","0.0","0.0","product.product_category_all","0.0","1.0","667-5R10 1206","1","Almacenable","uom.product_uom_unit","COMPONENTES ELECTRONICOS"
"__export__.product_template_530_6ef0578a","6.8nF","0.0","0.0","0.0","product.product_category_all","0.0","1.0","455-6.8nF","1","Almacenable","uom.product_uom_unit","COMPONENTES ELECTRONICOS"
"__export__.product_template_1085_41d16213","6.8nF SMD","0.0","0.0","0.0","product.product_category_all","0.0","1.0","890-6.8nF SMD","1","Almacenable","uom.product_uom_unit","COMPONENTES ELECTRONICOS"
"__export__.product_template_1090_04808b66","6.8pF SMD","0.0","0.0","0.0","product.product_category_all","0.0","1.0","890-6.8pF SMD","1","Almacenable","uom.product_uom_unit","COMPONENTES ELECTRONICOS"
"__export__.product_template_1051_5e56d208","62R0 1206","0.0","0.0","0.0","product.product_category_all","0.0","1.0","667-62R0 1206","1","Almacenable","uom.product_uom_unit","COMPONENTES ELECTRONICOS"
"__export__.product_template_606_fe325aa5","68 pF","0.0","0.0","0.0","product.product_category_all","0.0","1.0","789-68pF","1","Almacenable","uom.product_uom_unit","COMPONENTES ELECTRONICOS"
"__export__.product_template_1068_edb8cfd0","6803 1206","0.0","0.0","0.0","product.product_category_all","0.0","1.0","667-6803 1206","1","Almacenable","uom.product_uom_unit","COMPONENTES ELECTRONICOS"
"__export__.product_template_1100_bc1b3007","680nF SMD","0.0","0.0","0.0","product.product_category_all","0.0","1.0","890-680nF SMD","1","Almacenable","uom.product_uom_unit","COMPONENTES ELECTRONICOS"
"__export__.product_template_521_efdb1d98","680pF","0.0","0.0","0.0","product.product_category_all","0.0","1.0","408-680pF","1","Almacenable","uom.product_uom_unit","COMPONENTES ELECTRONICOS"
"__export__.product_template_1093_020a88ef","680pF SMD","0.0","0.0","0.0","product.product_category_all","0.0","1.0","890-680pF SMD","1","Almacenable","uom.product_uom_unit","COMPONENTES ELECTRONICOS"
"__export__.product_template_1021_23bdcd35","681 1206","0.0","0.0","0.0","product.product_category_all","0.0","1.0","667-681 1206","1","Almacenable","uom.product_uom_unit","COMPONENTES ELECTRONICOS"
"__export__.product_template_527_193b23dc","68nF","0.0","0.0","0.0","product.product_category_all","0.0","1.0","455-68nF","1","Almacenable","uom.product_uom_unit","COMPONENTES ELECTRONICOS"
"__export__.product_template_1075_4007894a","68nF SMD","0.0","0.0","0.0","product.product_category_all","0.0","1.0","890-68nF SMD","1","Almacenable","uom.product_uom_unit","COMPONENTES ELECTRONICOS"
"__export__.product_template_1083_9d426ca0","68pF SMD","0.0","0.0","0.0","product.product_category_all","0.0","1.0","890-68pF SMD","1","Almacenable","uom.product_uom_unit","COMPONENTES ELECTRONICOS"
"__export__.product_template_1128_a289091e","74HC02D","0.0","0.0","0.0","product.product_category_all","0.0","1.0","990-74HC02D","1","Almacenable","uom.product_uom_unit","COMPONENTES ELECTRONICOS"
"__export__.product_template_436_2b353ea5","74HC08D-T","0.0","0.0","0.0","product.product_category_all","0.0","1.0","771-74HC08D-T","1","Almacenable","uom.product_uom_unit","COMPONENTES ELECTRONICOS"
"__export__.product_template_1143_f045f7c0","74HC123D","0.0","0.0","0.0","product.product_category_all","0.0","1.0","859-74HC123D","1","Almacenable","uom.product_uom_unit","COMPONENTES ELECTRONICOS"
"__export__.product_template_1150_fd8737a4","74HC14D SMD","0.0","0.0","0.0","product.product_category_all","0.0","1.0","992-74HC14D","1","Almacenable","uom.product_uom_unit","COMPONENTES ELECTRONICOS"
"__export__.product_template_430_eae10fa2","74HC365N","0.0","0.0","0.0","product.product_category_all","0.0","1.0","771-74HC365N","1","Almacenable","uom.product_uom_unit","COMPONENTES ELECTRONICOS"
"__export__.product_template_429_0522640b","74HC4075N","0.0","0.0","0.0","product.product_category_all","0.0","1.0","771-74HC4075N","1","Almacenable","uom.product_uom_unit","COMPONENTES ELECTRONICOS"
"__export__.product_template_431_c212e96f","74HCT08N","0.0","0.0","0.0","product.product_category_all","0.0","1.0","74HCT08N","1","Almacenable","uom.product_uom_unit","COMPONENTES ELECTRONICOS"
"__export__.product_template_1062_18b85666","7502 1206","0.0","0.0","0.0","product.product_category_all","0.0","1.0","667-7502 1206","1","Almacenable","uom.product_uom_unit","COMPONENTES ELECTRONICOS"
"__export__.product_template_1034_9d67f2ae","752 1206","0.0","0.0","0.0","product.product_category_all","0.0","1.0","667-752 1206","1","Almacenable","uom.product_uom_unit","COMPONENTES ELECTRONICOS"
"__export__.product_template_1022_004f6ed4","821 1206","0.0","0.0","0.0","product.product_category_all","0.0","1.0","667-821 1206","1","Almacenable","uom.product_uom_unit","COMPONENTES ELECTRONICOS"
"__export__.product_template_1052_68467862","82R0 1206","0.0","0.0","0.0","product.product_category_all","0.0","1.0","667-82R0 1206","1","Almacenable","uom.product_uom_unit","COMPONENTES ELECTRONICOS"
"__export__.product_template_594_5fd15574","A1015","0.0","0.0","0.0","product.product_category_all","0.0","1.0","620-A1015","1","Almacenable","uom.product_uom_unit","COMPONENTES ELECTRONICOS"
"__export__.product_template_547_5a236f04","A477J","0.0","0.0","0.0","product.product_category_all","0.0","1.0","257-A477J","1","Almacenable","uom.product_uom_unit","COMPONENTES ELECTRONICOS"
"__export__.product_template_420_5dcfcbb3","ABRAZADERA METALICA DE 1 PULGADA","0.0","0.0","0.0","product.product_category_all","0.0","9.0","M-1","1","Almacenable","uom.product_uom_unit","COMPONENTES ELECTRONICOS"
"__export__.product_template_572_571a6313","ADAPTADOR DE SEVOFLURANE","0.0","0.0","0.0","product.product_category_all","0.0","3970.0","ADAPTADOR DE SEVOFLURANE","1","Almacenable","uom.product_uom_unit","COMPONENTES ELECTRONICOS"
"__export__.product_template_224_0a04fcff","ADAPTADOR DE VÍAS AÉREAS ADULTOS DE CO2","0.0","0.0","0.0","product.product_category_all","0.0","1500.0","412341-001","1","Almacenable","uom.product_uom_unit","COMPONENTES ELECTRONICOS"
"__export__.product_template_797_71552eaa","AIRE ACONDICIONADO INVERTER PISO TECHO PANASONIC 34,100 BTU","0.0","0.0","0.0","__export__.product_category_40_b07d5e5b","0.0","76000.0","S34PT2Q6","1","Almacenable","uom.product_uom_unit","COMPONENTES ELECTRONICOS / AIRES ACONDICIONADO"
"__export__.product_template_361_5e61310f","ALCOHOLIMETRO BACTRACK","0.0","0.0","0.0","product.product_category_all","0.0","1.0","G6K-2073,G75-1348,G6K-2072,G7R-2948","1","Almacenable","uom.product_uom_unit","COMPONENTES ELECTRONICOS"
"__export__.product_template_742_d7d7df7c","AM02-LED3+4","0.0","0.0","0.0","product.product_category_all","0.0","0.0","","1","Consumible","uom.product_uom_unit","COMPONENTES ELECTRONICOS"
"__export__.product_template_830_8bedf8e9","AP1506-50K5G-13","0.0","0.0","0.0","product.product_category_all","0.0","1.0","621-AP1506-50K5G-13","1","Almacenable","uom.product_uom_unit","COMPONENTES ELECTRONICOS"
"__export__.product_template_1104_151bb385","APT802R4KN","0.0","0.0","0.0","product.product_category_all","0.0","1.0","768-APT802R4KN","1","Almacenable","uom.product_uom_unit","COMPONENTES ELECTRONICOS"
"__export__.product_template_247_02cf1f61","ARCO EN C","0.0","0.0","0.0","product.product_category_all","0.0","70000.0","OEC 9900","1","Almacenable","uom.product_uom_unit","COMPONENTES ELECTRONICOS"
"__export__.product_template_507_4ebaccfd","ATXS203SAZ","0.0","0.0","0.0","product.product_category_all","0.0","1.0","ATXS201SA","1","Almacenable","uom.product_uom_unit","COMPONENTES ELECTRONICOS"
"__export__.product_template_824_8b043a68","AUIRF3205Z","0.0","0.0","0.0","product.product_category_all","0.0","1.0","942-AUIRF3205Z","1","Almacenable","uom.product_uom_unit","COMPONENTES ELECTRONICOS"
"__export__.product_template_353_5b50284c","AUTOCLAVE","0.0","0.0","0.0","product.product_category_all","0.0","1.0","NV-210","1","Almacenable","uom.product_uom_unit","COMPONENTES ELECTRONICOS"
"__export__.product_template_813_91d48a39","AUTOCLAVE MARCA STERIS MODELO AMSCO RENAISSANCE 3043 CAPACIDAD DE 679 LITROS","0.0","0.0","0.0","product.product_category_all","0.0","500000.0","AMSCO RENAISSANCE 3043","1","Almacenable","uom.product_uom_unit","COMPONENTES ELECTRONICOS"
"__export__.product_template_252_33445c07","AUTOCLAVE PARA ESTERILIZAR","0.0","0.0","0.0","product.product_category_all","0.0","1200.0","ATCLV","1","Almacenable","uom.product_uom_unit","COMPONENTES ELECTRONICOS"
"__export__.product_template_139_cb24a8dc","AWM E101344-C","10.0","10.0","10.0","__export__.product_category_13_34b08912","0.0","800.0","E101344-C","1","Almacenable","uom.product_uom_unit","COMPONENTES ELECTRONICOS / Accesorios por tipo / Cables y conductores de ECG"
"__export__.product_template_1155_a7f54bf4","AZ1085S-1.8E1","0.0","0.0","0.0","product.product_category_all","0.0","1.0","845-AZ1085S-1.8E1","1","Almacenable","uom.product_uom_unit","COMPONENTES ELECTRONICOS"
"__export__.product_template_179_da5c8d87","Adaptador Sevoflurane","3.0","3.0","3.0","__export__.product_category_18_b1b22fd8","0.0","3191.3","0.2","1","Almacenable","uom.product_uom_unit","COMPONENTES ELECTRONICOS / Accesorios y piezas por categoría"
"__export__.product_template_195_d78de406","Adaptador de sonda DISS","5.0","5.0","5.0","__export__.product_category_10_cd64bdf9","0.0","950.0","GP-DISS","1","Almacenable","uom.product_uom_unit","COMPONENTES ELECTRONICOS / Accesorios por tipo"
"__export__.product_template_197_a3863e31","Adaptador de sonda rapida DISS","20.0","20.0","20.0","__export__.product_category_10_cd64bdf9","0.0","950.0","GP-DISS.","1","Almacenable","uom.product_uom_unit","COMPONENTES ELECTRONICOS / Accesorios por tipo"
"__export__.product_template_59_ec833193","Adaptador nasal","2.0","2.0","2.0","__export__.product_category_34_b86db3cc","0.0","3400.0","3827","1","Almacenable","uom.product_uom_unit","All / Canula Nasal"
"__export__.product_template_737_6446d0c7","Adult 12] Brazalete P.A CardinalHealth","0.0","0.0","0.0","product.product_category_all","0.0","0.0","","1","Consumible","uom.product_uom_unit","COMPONENTES ELECTRONICOS"
"__export__.product_template_738_e88a4108","Adult 12] Brazalete P.A CardinalHealth Cantidad Pedida	 1.00Unidad(es)","0.0","0.0","0.0","product.product_category_all","0.0","0.0","","1","Consumible","uom.product_uom_unit","COMPONENTES ELECTRONICOS"
"__export__.product_template_344_cab784f5","Angulos de soporte Condensador","0.0","0.0","0.0","product.product_category_all","0.0","670.0","Ang-5","1","Almacenable","uom.product_uom_unit","COMPONENTES ELECTRONICOS"
"__export__.product_template_117_89791c89","Asas internas de PHYSIO CONTROL","4.0","4.0","4.0","product.product_category_all","0.0","9500.0","3006569-005","1","Almacenable","uom.product_uom_unit","COMPONENTES ELECTRONICOS"
"__export__.product_template_330_f3102a6d","Autoclave CRISTOFOLI Vitale class CD 54 L","0.0","0.0","0.0","product.product_category_all","0.0","187750.0","CD-54L","1","Almacenable","uom.product_uom_unit","COMPONENTES ELECTRONICOS"
"__export__.product_template_728_e86a8e75","Autoclave CRISTOFOLI automático Vitale Class CD 12 Litros","0.0","0.0","0.0","product.product_category_all","0.0","43721.0","CD-12 LITROS","1","Almacenable","uom.product_uom_unit","COMPONENTES ELECTRONICOS"
"__export__.product_template_726_ec6d3132","Autoclave médico CRISTOFOLI  semiautomático Vitale Class 12 L","0.0","0.0","0.0","product.product_category_all","0.0","37500.0","VITALE CLASS 12 LITROS","1","Almacenable","uom.product_uom_unit","COMPONENTES ELECTRONICOS"
"__export__.product_template_727_011ea483","Autoclave médico CRISTOFOLI automático Vitale Class CD 21 L","0.0","0.0","0.0","product.product_category_all","0.0","48700.0","CD-21 LITROS","1","Almacenable","uom.product_uom_unit","COMPONENTES ELECTRONICOS"
"__export__.product_template_725_393b1957","Autoclave médico CRISTOFOLI semiautomático Vitale Class 21L","0.0","0.0","0.0","product.product_category_all","0.0","43750.0","vitale class 21 litros","1","Almacenable","uom.product_uom_unit","COMPONENTES ELECTRONICOS"
"__export__.product_template_1163_a7f82d4a","B1K","0.0","0.0","0.0","product.product_category_all","0.0","1.0","550-B1K","1","Almacenable","uom.product_uom_unit","COMPONENTES ELECTRONICOS"
"__export__.product_template_254_e797201a","BALANZA CON TALLIMETRO","0.0","0.0","0.0","product.product_category_all","0.0","1.0","SECA","1","Almacenable","uom.product_uom_unit","COMPONENTES ELECTRONICOS"
"__export__.product_template_256_f1a451af","BALANZA CON TALLIMETRO NIÑO","0.0","0.0","0.0","product.product_category_all","0.0","1.0","SECANIÑO","1","Almacenable","uom.product_uom_unit","COMPONENTES ELECTRONICOS"
"__export__.product_template_357_2b740401","BALANZA SECA 7031321997","0.0","0.0","0.0","product.product_category_all","0.0","1.0","10000000261465","1","Almacenable","uom.product_uom_unit","COMPONENTES ELECTRONICOS"
"__export__.product_template_411_2c5c032c","BALINERAS","0.0","0.0","0.0","product.product_category_all","0.0","1.0","6201ZC3","1","Almacenable","uom.product_uom_unit","COMPONENTES ELECTRONICOS"
"__export__.product_template_360_cd0992eb","BASCULA MECANICA PELSTAR","0.0","0.0","0.0","product.product_category_all","0.0","1.0","4500009673","1","Almacenable","uom.product_uom_unit","COMPONENTES ELECTRONICOS"
"__export__.product_template_622_60f1d3cf","BATERIA 3V","0.0","0.0","0.0","product.product_category_all","0.0","650.0","3V","1","Almacenable","uom.product_uom_unit","COMPONENTES ELECTRONICOS"
"__export__.product_template_674_6029d448","BATERIA 7.4V RECARGABLE DE LITIO WELCH ALLYN","0.0","0.0","0.0","product.product_category_all","0.0","21700.0","008-0857-00","1","Almacenable","uom.product_uom_unit","COMPONENTES ELECTRONICOS"
"__export__.product_template_377_37279105","BATERÍA 12 V.","0.0","0.0","0.0","product.product_category_all","0.0","4180.0","12V","1","Almacenable","uom.product_uom_unit","COMPONENTES ELECTRONICOS"
"__export__.product_template_574_1ca55cb5","BC NPN PNP","0.0","0.0","0.0","product.product_category_all","0.0","1.0","NPN Y PNP","1","Almacenable","uom.product_uom_unit","COMPONENTES ELECTRONICOS"
"__export__.product_template_583_df5a330e","BC327 PNP","0.0","0.0","0.0","product.product_category_all","0.0","1.0","BC327 PNP","1","Almacenable","uom.product_uom_unit","COMPONENTES ELECTRONICOS"
"__export__.product_template_1227_44a66c37","BC336","0.0","0.0","0.0","product.product_category_all","0.0","1.0","856-BC336","1","Almacenable","uom.product_uom_unit","COMPONENTES ELECTRONICOS"
"__export__.product_template_584_79cbbb3d","BC337 NPN","0.0","0.0","0.0","product.product_category_all","0.0","1.0","BC337 NPN","1","Almacenable","uom.product_uom_unit","COMPONENTES ELECTRONICOS"
"__export__.product_template_856_381f39d5","BC373C19","0.0","0.0","0.0","product.product_category_all","0.0","1.0","863-BC373C19","1","Almacenable","uom.product_uom_unit","COMPONENTES ELECTRONICOS"
"__export__.product_template_579_1684042e","BC546 NPN","0.0","0.0","0.0","product.product_category_all","0.0","1.0","BC546 NPN","1","Almacenable","uom.product_uom_unit","COMPONENTES ELECTRONICOS"
"__export__.product_template_580_c63b3575","BC547 NPN","0.0","0.0","0.0","product.product_category_all","0.0","1.0","BC547 NPN","1","Almacenable","uom.product_uom_unit","COMPONENTES ELECTRONICOS"
"__export__.product_template_581_bc19e553","BC548 NPN","0.0","0.0","0.0","product.product_category_all","0.0","1.0","BC548 NPN","1","Almacenable","uom.product_uom_unit","COMPONENTES ELECTRONICOS"
"__export__.product_template_582_d40bcd0c","BC549 NPN","0.0","0.0","0.0","product.product_category_all","0.0","1.0","BC549 NPN","1","Almacenable","uom.product_uom_unit","COMPONENTES ELECTRONICOS"
"__export__.product_template_575_6da6abe5","BC556 PNP","0.0","0.0","0.0","product.product_category_all","0.0","1.0","BC556 NPN","1","Almacenable","uom.product_uom_unit","COMPONENTES ELECTRONICOS"
"__export__.product_template_576_1303922c","BC557 PNP","0.0","0.0","0.0","product.product_category_all","0.0","1.0","BC557 PNP","1","Almacenable","uom.product_uom_unit","COMPONENTES ELECTRONICOS"
"__export__.product_template_577_f10ca109","BC558 PNP","0.0","0.0","0.0","product.product_category_all","0.0","1.0","BC558 PNP","1","Almacenable","uom.product_uom_unit","COMPONENTES ELECTRONICOS"
"__export__.product_template_578_ffe93360","BC559 PNP","0.0","0.0","0.0","product.product_category_all","0.0","1.0","BC559 PNP","1","Almacenable","uom.product_uom_unit","COMPONENTES ELECTRONICOS"
"__export__.product_template_544_39609d24","BC847","0.0","0.0","0.0","product.product_category_all","0.0","350.0","314-BC847","1","Almacenable","uom.product_uom_unit","COMPONENTES ELECTRONICOS"
"__export__.product_template_829_6ffe730e","BDX54B","0.0","0.0","0.0","product.product_category_all","0.0","1.0","511-BDX54B","1","Almacenable","uom.product_uom_unit","COMPONENTES ELECTRONICOS"
"__export__.product_template_960_d961892b","BDX54C","0.0","0.0","0.0","product.product_category_all","0.0","1.0","863-BDX54C","1","Almacenable","uom.product_uom_unit","COMPONENTES ELECTRONICOS"
"__export__.product_template_1009_c73465b3","BJ-W10","0.0","0.0","0.0","product.product_category_all","0.0","1.0","210-BJ-W10","1","Almacenable","uom.product_uom_unit","COMPONENTES ELECTRONICOS"
"__export__.product_template_398_4d42f1b1","BK/MDA-10-R","0.0","0.0","0.0","product.product_category_all","0.0","1.0","FUSIBLE BK/MDA-10-R","1","Almacenable","uom.product_uom_unit","COMPONENTES ELECTRONICOS"
"__export__.product_template_667_71d03c2d","BOMBA DE INFUSION ZBN-XB-Y1000","0.0","0.0","0.0","product.product_category_all","0.0","23500.0","ZNB-XB-Y1000","1","Almacenable","uom.product_uom_unit","COMPONENTES ELECTRONICOS"
"__export__.product_template_668_ed4c77af","BOMBA DE INFUSION ZBN-XB-Y1200","0.0","0.0","0.0","product.product_category_all","0.0","48500.0","ZNB-XB-Y1200","1","Almacenable","uom.product_uom_unit","COMPONENTES ELECTRONICOS"
"__export__.product_template_682_5f187029","BOMBA DE VACIO MEDICA","0.0","0.0","0.0","product.product_category_all","0.0","334782.61","VOF01D-300H, VOF02D-300H, VOF02T-300H","1","Almacenable","uom.product_uom_unit","COMPONENTES ELECTRONICOS"
"__export__.product_template_537_37834bda","BOMBA NIBP DATASCOPE PASSPORT 2","0.0","0.0","0.0","product.product_category_all","0.0","7200.0","M26B11370","1","Almacenable","uom.product_uom_unit","COMPONENTES ELECTRONICOS"
"__export__.product_template_673_fdab89d0","BOMBILLO 03000 WELCH ALLYN","0.0","0.0","0.0","product.product_category_all","0.0","1950.0","03000 (020612)","1","Almacenable","uom.product_uom_unit","COMPONENTES ELECTRONICOS"
"__export__.product_template_213_d72119b6","BOMBILLO HALOGENO","1.0","1.0","1.0","product.product_category_all","0.0","950.0","64640 FCS","1","Almacenable","uom.product_uom_unit","COMPONENTES ELECTRONICOS"
"__export__.product_template_672_4587cecc","BOMBILLO WELCH ALLYN 3.5V","0.0","0.0","0.0","product.product_category_all","0.0","1950.0","06500-U6","1","Almacenable","uom.product_uom_unit","COMPONENTES ELECTRONICOS"
"__export__.product_template_374_b64ea8e9","BOVIE IDS-300","0.0","0.0","0.0","product.product_category_all","0.0","142000.0","IDS-300","1","Almacenable","uom.product_uom_unit","COMPONENTES ELECTRONICOS"
"__export__.product_template_735_22d44a2d","BRAZALETE CardinalHealth NEONATE (no.5)","0.0","0.0","0.0","product.product_category_all","0.0","1.0","NEONATE 5 RANGE 8.2-15.3 CM","1","Almacenable","uom.product_uom_unit","COMPONENTES ELECTRONICOS"
"__export__.product_template_42_306b8a89","BRAZALETE P.A TRIMLINE","46.0","46.0","46.0","__export__.product_category_17_a1c19e2e","0.0","1200.0","39092","1","Almacenable","uom.product_uom_unit","COMPONENTES ELECTRONICOS / Accesorios por tipo / Mangueras NIBP"
"__export__.product_template_41_40cb5def","BRAZALETE P.A ULTRACHECK","2.0","2.0","2.0","__export__.product_category_10_cd64bdf9","0.0","1600.0","2635","1","Almacenable","uom.product_uom_unit","COMPONENTES ELECTRONICOS / Accesorios por tipo"
"__export__.product_template_43_3b6bee77","BRAZALETE P.A WELCH ALLYN","5.0","5.0","5.0","__export__.product_category_10_cd64bdf9","0.0","2300.0","Adult 12","1","Almacenable","uom.product_uom_unit","COMPONENTES ELECTRONICOS / Accesorios por tipo"
"__export__.product_template_821_9c1ecca4","BRAZO","0.0","0.0","0.0","product.product_category_all","0.0","0.0","","1","Consumible","uom.product_uom_unit","COMPONENTES ELECTRONICOS"
"__export__.product_template_508_01cacf20","BS-H2","0.0","0.0","0.0","product.product_category_all","0.0","1.0","BS-H2","1","Almacenable","uom.product_uom_unit","COMPONENTES ELECTRONICOS"
"__export__.product_template_502_ca492045","BS-LB1","0.0","0.0","0.0","product.product_category_all","0.0","1.0","BS-LB1","1","Almacenable","uom.product_uom_unit","COMPONENTES ELECTRONICOS"
"__export__.product_template_957_165a9af4","BT155W 1200T","0.0","0.0","0.0","product.product_category_all","0.0","1.0","771-BT155W 1200T","1","Almacenable","uom.product_uom_unit","COMPONENTES ELECTRONICOS"
"__export__.product_template_827_63f91770","BTA08-600SW","0.0","0.0","0.0","product.product_category_all","0.0","1.0","863-BTA08-600SW","1","Almacenable","uom.product_uom_unit","COMPONENTES ELECTRONICOS"
"__export__.product_template_435_c1b3e85d","BTA08-600WS1A","0.0","0.0","0.0","product.product_category_all","0.0","1.0","BTA08-600WS","1","Almacenable","uom.product_uom_unit","COMPONENTES ELECTRONICOS"
"__export__.product_template_362_84d08dfc","BTL-08 SPIRO PRO","0.0","0.0","0.0","product.product_category_all","0.0","1.0","00300035232","1","Almacenable","uom.product_uom_unit","COMPONENTES ELECTRONICOS"
"__export__.product_template_971_8e861f5b","BUK9635-55A","0.0","0.0","0.0","product.product_category_all","0.0","1.0","771-BUK9635-55A","1","Almacenable","uom.product_uom_unit","COMPONENTES ELECTRONICOS"
"__export__.product_template_670_1a9f8fc3","BUSCADOR DE VENAS","0.0","0.0","0.0","product.product_category_all","0.0","76500.0","QV-600","1","Almacenable","uom.product_uom_unit","COMPONENTES ELECTRONICOS"
"__export__.product_template_1166_36e3037a","BYQ28X-200","0.0","0.0","0.0","product.product_category_all","0.0","1.0","994-BYQ28X-200","1","Almacenable","uom.product_uom_unit","COMPONENTES ELECTRONICOS"
"__export__.product_template_959_625cc60f","BZX55C12V","0.0","0.0","0.0","product.product_category_all","0.0","1.0","98-BZX55C12V","1","Almacenable","uom.product_uom_unit","COMPONENTES ELECTRONICOS"
"__export__.product_template_958_928ce61e","BZX55C5V1","0.0","0.0","0.0","product.product_category_all","0.0","1.0","78-BZX55C5V1","1","Almacenable","uom.product_uom_unit","COMPONENTES ELECTRONICOS"
"__export__.product_template_854_29939939","BZX84C12-G3-08","0.0","0.0","0.0","product.product_category_all","0.0","1.0","78-BZX84C12-G3-08","1","Almacenable","uom.product_uom_unit","COMPONENTES ELECTRONICOS"
"__export__.product_template_95_1723e3fc","Balanza neonatal Seca","1.0","1.0","1.0","product.product_category_all","0.0","5500.0","734","1","Almacenable","uom.product_uom_unit","COMPONENTES ELECTRONICOS"
"__export__.product_template_490_97e7aae7","Base con fuelle Datex Ohmeda","0.0","0.0","0.0","product.product_category_all","0.0","15000.0","","1","Almacenable","uom.product_uom_unit","COMPONENTES ELECTRONICOS"
"__export__.product_template_669_600a0b4c","Bateria 12v 2300 mah","0.0","0.0","0.0","product.product_category_all","0.0","3800.0","HT-00826","1","Almacenable","uom.product_uom_unit","COMPONENTES ELECTRONICOS"
"__export__.product_template_812_1bacae07","Bateria CSB 12V 5.1 AMP","0.0","0.0","0.0","product.product_category_all","0.0","625.0","HR1221WF2","1","Almacenable","uom.product_uom_unit","COMPONENTES ELECTRONICOS"
"__export__.product_template_62_49bac5ed","Bateria de Desfribilador Lifepak","2.0","2.0","2.0","product.product_category_all","0.0","4100.0","5027FP","1","Almacenable","uom.product_uom_unit","COMPONENTES ELECTRONICOS"
"__export__.product_template_767_47d98811","Bateria must 12V 33AH","0.0","0.0","0.0","__export__.product_category_37_9129b434","0.0","1.0","FC12-33ZT","1","Almacenable","uom.product_uom_unit","COMPONENTES ELECTRONICOS / UPS"
"__export__.product_template_799_ae6cd9a3","Batería de 12 voltios 26 amperios marca CSB","0.0","0.0","0.0","product.product_category_all","2096.0","2640.0","GP12260","1","Consumible","uom.product_uom_unit","COMPONENTES ELECTRONICOS"
"__export__.product_template_63_f0d69c18","Batería de Desfibrilador Unipower","2.0","2.0","2.0","product.product_category_all","0.0","3700.0","B11329","1","Almacenable","uom.product_uom_unit","COMPONENTES ELECTRONICOS"
"__export__.product_template_299_3972d496","Bomba de Agua Calpeda","0.0","0.0","0.0","product.product_category_all","0.0","1.0","","1","Almacenable","uom.product_uom_unit","COMPONENTES ELECTRONICOS"
"__export__.product_template_207_f7f1b84b","Bomba de succion","0.0","0.0","0.0","product.product_category_all","0.0","10000.0","jb0112-016","1","Almacenable","uom.product_uom_unit","COMPONENTES ELECTRONICOS"
"__export__.product_template_341_c0607624","Bomba para drenaje de 220 VCA","0.0","0.0","0.0","product.product_category_all","0.0","3875.0","220-VCA","1","Almacenable","uom.product_uom_unit","COMPONENTES ELECTRONICOS"
"__export__.product_template_426_dd2638a8","Bombillo 24V 50W","0.0","0.0","0.0","product.product_category_all","0.0","900.0","24v50w","1","Almacenable","uom.product_uom_unit","COMPONENTES ELECTRONICOS"
"__export__.product_template_34_de2761bc","Bombillo Qty6 3.5v","16.0","16.0","16.0","product.product_category_all","0.0","1750.0","04900-U6","1","Almacenable","uom.product_uom_unit","COMPONENTES ELECTRONICOS"
"__export__.product_template_620_9c2ad24d","Bombillo para Lámpara parabólica de cuerpo cerámico de xenón","0.0","0.0","0.0","product.product_category_all","0.0","1.0","PE300BFA","1","Almacenable","uom.product_uom_unit","COMPONENTES ELECTRONICOS"
"__export__.product_template_200_6b9233a0","Boquilla giratoria de medidor de flujo","20.0","20.0","20.0","__export__.product_category_10_cd64bdf9","0.0","55.0","AM-FS","1","Almacenable","uom.product_uom_unit","COMPONENTES ELECTRONICOS / Accesorios por tipo"
"__export__.product_template_787_efa3f898","Brazalete 22-32 cm marca:OMRON","0.0","0.0","0.0","product.product_category_all","0.0","1600.0","IDEX 22-32cm OMRON","1","Consumible","uom.product_uom_unit","COMPONENTES ELECTRONICOS"
"__export__.product_template_44_dea12ab0","Brazalete P.A CardinalHealth","7.0","7.0","7.0","__export__.product_category_10_cd64bdf9","0.0","2300.0","Adult 12","1","Almacenable","uom.product_uom_unit","COMPONENTES ELECTRONICOS / Accesorios por tipo"
"__export__.product_template_90_01e8b67d","Brazalete P.A WelchAllyn","2.0","2.0","2.0","__export__.product_category_18_b1b22fd8","0.0","1600.0","Adult 11","1","Almacenable","uom.product_uom_unit","COMPONENTES ELECTRONICOS / Accesorios y piezas por categoría"
"__export__.product_template_784_c80c11d4","Brazalete adult long 23-33 cm Suntech","0.0","0.0","0.0","product.product_category_all","0.0","2300.0","adult long 23-33","1","Almacenable","uom.product_uom_unit","COMPONENTES ELECTRONICOS"
"__export__.product_template_785_b36eb3c6","Brazalete adulto 25-35 marca : INDEX","0.0","0.0","0.0","product.product_category_all","0.0","1600.0","","1","Almacenable","uom.product_uom_unit","COMPONENTES ELECTRONICOS"
"__export__.product_template_114_4fd2a24c","Brazalete de P.A PHILIPS","1.0","1.0","1.0","product.product_category_all","0.0","1600.0","M4555B","1","Almacenable","uom.product_uom_unit","COMPONENTES ELECTRONICOS"
"__export__.product_template_788_20ca85e6","Brazalete numero 11 marca: Hillrom","0.0","0.0","0.0","product.product_category_all","0.0","1600.0","hillrom 25-34cm","1","Almacenable","uom.product_uom_unit","COMPONENTES ELECTRONICOS"
"__export__.product_template_811_9cd6d1cf","Brazalete reutilizable 23-33 cm CRITIKON doble guía","0.0","0.0","0.0","product.product_category_all","0.0","2300.0","","1","Consumible","uom.product_uom_unit","COMPONENTES ELECTRONICOS"
"__export__.product_template_786_4c047872","Brazalete reutilizable 25-35 cm color Gris  marca:INDEX","0.0","0.0","0.0","product.product_category_all","0.0","1600.0","INDEX 25-35CM","1","Almacenable","uom.product_uom_unit","COMPONENTES ELECTRONICOS"
"__export__.product_template_783_3e326209","Brazalete reutilizable 27-35 cm color café","0.0","0.0","0.0","product.product_category_all","0.0","1460.0","CUFF 27-35 café","1","Almacenable","uom.product_uom_unit","COMPONENTES ELECTRONICOS"
"__export__.product_template_810_87cef073","Brazalete reutilizable OMRON 42-50cm","0.0","0.0","0.0","product.product_category_all","0.0","1800.0","HEM-CX19","1","Almacenable","uom.product_uom_unit","COMPONENTES ELECTRONICOS"
"__export__.product_template_345_ab7d97d3","Breaker Doble G.E","0.0","0.0","0.0","product.product_category_all","0.0","960.0","G.E-2","1","Almacenable","uom.product_uom_unit","COMPONENTES ELECTRONICOS"
"__export__.product_template_695_36a3318f","Bucky de pared con regia y cassette de 17 x 17 vertical","0.0","0.0","0.0","product.product_category_all","0.0","93750.0","C","1","Consumible","uom.product_uom_unit","COMPONENTES ELECTRONICOS"
"__export__.product_template_729_05674493","Bucky manual","0.0","0.0","0.0","product.product_category_all","0.0","34708.0","bucky manual sencillo","1","Almacenable","uom.product_uom_unit","COMPONENTES ELECTRONICOS"
"__export__.product_template_723_a2f8cbc9","Bucky manual 17""X17""  modelo B","0.0","0.0","0.0","product.product_category_all","0.0","80500.0","Modelo B ( NK17SY)","1","Almacenable","uom.product_uom_unit","COMPONENTES ELECTRONICOS"
"__export__.product_template_596_447e511b","C1815","0.0","0.0","0.0","product.product_category_all","0.0","1.0","620-C1815","1","Almacenable","uom.product_uom_unit","COMPONENTES ELECTRONICOS"
"__export__.product_template_1216_d8c2c63c","C82M","0.0","0.0","0.0","product.product_category_all","0.0","1.0","669-C82M","1","Almacenable","uom.product_uom_unit","COMPONENTES ELECTRONICOS"
"__export__.product_template_595_51d79d74","C945","0.0","0.0","0.0","product.product_category_all","0.0","1.0","620-C945","1","Almacenable","uom.product_uom_unit","COMPONENTES ELECTRONICOS"
"__export__.product_template_439_2fa3ef2c","CA3082","0.0","0.0","0.0","product.product_category_all","0.0","1.0","2156-CA3082-ND","1","Almacenable","uom.product_uom_unit","COMPONENTES ELECTRONICOS"
"__export__.product_template_399_e002825a","CA3096AE","0.0","0.0","0.0","product.product_category_all","0.0","1.0","CA3096AE","1","Almacenable","uom.product_uom_unit","COMPONENTES ELECTRONICOS"
"__export__.product_template_1146_bbad7741","CA3140EZ","0.0","0.0","0.0","product.product_category_all","0.0","1.0","664-CA3140EZ","1","Almacenable","uom.product_uom_unit","COMPONENTES ELECTRONICOS"
"__export__.product_template_538_39196272","CABLE DE DISPARADOR RAYOS X","0.0","0.0","0.0","product.product_category_all","0.0","1350.0","8588-0084","1","Almacenable","uom.product_uom_unit","COMPONENTES ELECTRONICOS"
"__export__.product_template_380_c321ca5f","CABLE DE PODER GRADO MEDICO","0.0","0.0","0.0","product.product_category_all","0.0","685.0","110V","1","Almacenable","uom.product_uom_unit","COMPONENTES ELECTRONICOS"
"__export__.product_template_819_f8b37526","CABLE EKG DE 10 DERIVACIONES BANANA COMPATIBLE CON: BURDICK EK10, ELITE, E350, E350I, E550, E560, ECLIPSE LE , LE I, ELITE II. 11 PIES DE LARGO","0.0","0.0","0.0","__export__.product_category_13_34b08912","0.0","8478.26","E10-BK1-B","1","Almacenable","uom.product_uom_unit","COMPONENTES ELECTRONICOS / Accesorios por tipo / Cables y conductores de ECG"
"__export__.product_template_573_69acac60","CABLE PARA EKG","0.0","0.0","0.0","product.product_category_all","0.0","1.0","EKG CABLE","1","Almacenable","uom.product_uom_unit","COMPONENTES ELECTRONICOS"
"__export__.product_template_249_f8d6849a","CAJA PARA CIRUGIA GENERAL Y ORTOPEDIA","0.0","0.0","0.0","product.product_category_all","0.0","6000.0","ORTOPGENE","1","Almacenable","uom.product_uom_unit","COMPONENTES ELECTRONICOS"
"__export__.product_template_293_2dec8d0f","CALENTADOR ELÉCTRICO","0.0","0.0","0.0","product.product_category_all","0.0","1.0","KTYESA","1","Almacenable","uom.product_uom_unit","COMPONENTES ELECTRONICOS"
"__export__.product_template_653_f92c7cb9","CALENTAOR RADIANTE INFANTIL","0.0","0.0","0.0","product.product_category_all","0.0","475000.0","HKN-2200B","1","Almacenable","uom.product_uom_unit","COMPONENTES ELECTRONICOS"
"__export__.product_template_637_9d730dc2","CAMA DE HOSPITAL","0.0","0.0","0.0","product.product_category_all","0.0","48875.0","DA-3A1","1","Almacenable","uom.product_uom_unit","COMPONENTES ELECTRONICOS"
"__export__.product_template_318_13d2a7c6","CAMA ELÉCTRICA STRYKER","0.0","0.0","0.0","product.product_category_all","0.0","120000.0","FL28EX","1","Almacenable","uom.product_uom_unit","COMPONENTES ELECTRONICOS"
"__export__.product_template_665_f45d2581","CAMA INFANTIL","0.0","0.0","0.0","product.product_category_all","0.0","40800.0","YC-200A/YC-200B","1","Almacenable","uom.product_uom_unit","COMPONENTES ELECTRONICOS"
"__export__.product_template_636_2972b8af","CAMA MEDICA ELECTRICA","0.0","0.0","0.0","product.product_category_all","0.0","85312.0","DA-2-A","1","Almacenable","uom.product_uom_unit","COMPONENTES ELECTRONICOS"
"__export__.product_template_235_e9c58dcd","CAMAS  ELECTRICAS","0.0","0.0","0.0","product.product_category_all","0.0","6200.0","CHE1","1","Almacenable","uom.product_uom_unit","COMPONENTES ELECTRONICOS"
"__export__.product_template_631_d8a528b8","CAMILLA  HYDRAULICA","0.0","0.0","0.0","product.product_category_all","0.0","72850.0","E-8","1","Almacenable","uom.product_uom_unit","COMPONENTES ELECTRONICOS"
"__export__.product_template_236_bbdf37e0","CAMILLAS DE EMERGENCIAS","0.0","0.0","0.0","product.product_category_all","0.0","175000.0","CDE","1","Almacenable","uom.product_uom_unit","COMPONENTES ELECTRONICOS"
"__export__.product_template_300_d6e5c30b","CANDELA ELECTRICA","0.0","0.0","0.0","product.product_category_all","0.0","75.25","AL573016","1","Almacenable","uom.product_uom_unit","COMPONENTES ELECTRONICOS"
"__export__.product_template_301_5fbe848f","CANDELA ELECTRICA 9W","0.0","0.0","0.0","product.product_category_all","0.0","62.56","AL573015F","1","Almacenable","uom.product_uom_unit","COMPONENTES ELECTRONICOS"
"__export__.product_template_563_ac436514","CAPACITOR 10uF 25V","0.0","0.0","0.0","product.product_category_all","0.0","1.0","CAPACITOR 10uF 25 v","1","Almacenable","uom.product_uom_unit","COMPONENTES ELECTRONICOS"
"__export__.product_template_516_d45bc32c","CAPACITOR 471","0.0","0.0","0.0","product.product_category_all","0.0","1.0","470pF-0.47nF-0.00047uF","1","Almacenable","uom.product_uom_unit","COMPONENTES ELECTRONICOS"
"__export__.product_template_519_99c90f8b","CAPACITOR DE CERAMICA 150","0.0","0.0","0.0","product.product_category_all","0.0","500.0","15pF-0.015nF-0.000015uF","1","Almacenable","uom.product_uom_unit","COMPONENTES ELECTRONICOS"
"__export__.product_template_608_22f91813","CAPACITOR DE CERAMICA 221 220pF","0.0","0.0","0.0","product.product_category_all","0.0","1.0","220pF 0.22nF 0.00022uF","1","Almacenable","uom.product_uom_unit","COMPONENTES ELECTRONICOS"
"__export__.product_template_532_4fd839fc","CAPACITOR DE CERAMICA 330","0.0","0.0","0.0","product.product_category_all","0.0","1.0","33pF-0.033nF-0.000033uF","1","Almacenable","uom.product_uom_unit","COMPONENTES ELECTRONICOS"
"__export__.product_template_568_fd03ea3f","CAPACITORES DE CERAMICA DESDE 100pF A 10000pF","0.0","0.0","0.0","product.product_category_all","0.0","1.0","CAPACITORES DE CERAMICA","1","Almacenable","uom.product_uom_unit","COMPONENTES ELECTRONICOS"
"__export__.product_template_550_2ef1a85c","CAPACITORES DE TANTALIO","0.0","0.0","0.0","product.product_category_all","0.0","1.0","X0019JGED9","1","Almacenable","uom.product_uom_unit","COMPONENTES ELECTRONICOS"
"__export__.product_template_633_cc88b3b9","CARRETILLA DE INFANTE","0.0","0.0","0.0","product.product_category_all","0.0","12500.0","B-46","1","Almacenable","uom.product_uom_unit","COMPONENTES ELECTRONICOS"
"__export__.product_template_634_3a879b15","CARRETILLA PARA NEONATO","0.0","0.0","0.0","product.product_category_all","0.0","13750.0","B-38","1","Almacenable","uom.product_uom_unit","COMPONENTES ELECTRONICOS"
"__export__.product_template_641_30535d28","CARRITO MEDICO","0.0","0.0","0.0","product.product_category_all","0.0","23800.0","F-45-2","1","Almacenable","uom.product_uom_unit","COMPONENTES ELECTRONICOS"
"__export__.product_template_640_f619ac2f","CARRO DE ABS PARA TRATAMIENTO","0.0","0.0","0.0","product.product_category_all","0.0","6350.0","F-49-2","1","Almacenable","uom.product_uom_unit","COMPONENTES ELECTRONICOS"
"__export__.product_template_317_1fe63e0e","CARRO DE PROCEDIMIENTOS","0.0","0.0","0.0","product.product_category_all","0.0","28500.0","MX-34PRO","1","Almacenable","uom.product_uom_unit","COMPONENTES ELECTRONICOS"
"__export__.product_template_639_5831727c","CARRO DE TRATAMIENTO DE ACERO INOXIDABLE","0.0","0.0","0.0","product.product_category_all","0.0","9650.0","F-16","1","Almacenable","uom.product_uom_unit","COMPONENTES ELECTRONICOS"
"__export__.product_template_410_fecdb78c","CD4001BE","0.0","0.0","0.0","product.product_category_all","0.0","1.0","595-CD4001BE","1","Almacenable","uom.product_uom_unit","COMPONENTES ELECTRONICOS"
"__export__.product_template_404_fb8b78d6","CD4011BE","0.0","0.0","0.0","product.product_category_all","0.0","1.0","595-CD4011BE","1","Almacenable","uom.product_uom_unit","COMPONENTES ELECTRONICOS"
"__export__.product_template_408_d40b18d2","CD4013BE","0.0","0.0","0.0","product.product_category_all","0.0","1.0","595-CD4013BE","1","Almacenable","uom.product_uom_unit","COMPONENTES ELECTRONICOS"
"__export__.product_template_967_dc2633e3","CD40161BE","0.0","0.0","0.0","product.product_category_all","0.0","1.0","595-CD40161BE","1","Almacenable","uom.product_uom_unit","COMPONENTES ELECTRONICOS"
"__export__.product_template_945_9f66094e","CD4016BCN","0.0","0.0","0.0","product.product_category_all","0.0","1.0","755-CD4016BCN","1","Almacenable","uom.product_uom_unit","COMPONENTES ELECTRONICOS"
"__export__.product_template_407_a0592fa7","CD4016BE","0.0","0.0","0.0","product.product_category_all","0.0","1.0","595-CD4016BE","1","Almacenable","uom.product_uom_unit","COMPONENTES ELECTRONICOS"
"__export__.product_template_405_aee22b1e","CD4023BE","0.0","0.0","0.0","product.product_category_all","0.0","1.0","595-CD4023BE","1","Almacenable","uom.product_uom_unit","COMPONENTES ELECTRONICOS"
"__export__.product_template_406_df57bdfd","CD4025BE","0.0","0.0","0.0","product.product_category_all","0.0","1.0","595-CD4025","1","Almacenable","uom.product_uom_unit","COMPONENTES ELECTRONICOS"
"__export__.product_template_917_a67d88c4","CD4053BE","0.0","0.0","0.0","product.product_category_all","0.0","1.0","165-CD4053BE","1","Almacenable","uom.product_uom_unit","COMPONENTES ELECTRONICOS"
"__export__.product_template_939_a76d7822","CD4066BCN","0.0","0.0","0.0","product.product_category_all","0.0","1.0","512-CD4066BE","1","Almacenable","uom.product_uom_unit","COMPONENTES ELECTRONICOS"
"__export__.product_template_409_4a05a72f","CD4070BE","0.0","0.0","0.0","product.product_category_all","0.0","1.0","595-CD4070BE","1","Almacenable","uom.product_uom_unit","COMPONENTES ELECTRONICOS"
"__export__.product_template_438_1fbdf6c8","CD4075BE","0.0","0.0","0.0","product.product_category_all","0.0","1.0","595-CD4075BE","1","Almacenable","uom.product_uom_unit","COMPONENTES ELECTRONICOS"
"__export__.product_template_1167_d49a0ab1","CD4081BE","0.0","0.0","0.0","product.product_category_all","0.0","1.0","884-CD4081BE","1","Almacenable","uom.product_uom_unit","COMPONENTES ELECTRONICOS"
"__export__.product_template_464_109f3974","CD4093BE","0.0","0.0","0.0","product.product_category_all","0.0","1.0","744-CD4093BE","1","Almacenable","uom.product_uom_unit","COMPONENTES ELECTRONICOS"
"__export__.product_template_625_6e9aa048","CERTIFICADO DE PARAMETROS EN FRECUENCIA DEL TRANSDUCTOR  Z5 VET","0.0","0.0","0.0","product.product_category_all","0.0","0.0","","1","Consumible","uom.product_uom_unit","COMPONENTES ELECTRONICOS"
"__export__.product_template_700_164f0124","CHALECO DE PLOMO ( DELANTAL)","0.0","0.0","0.0","__export__.product_category_36_6b99e283","0.0","7851.0","FA03","1","Consumible","uom.product_uom_unit","COMPONENTES ELECTRONICOS / Implementos de plomo"
"__export__.product_template_58_2b8b074c","CIRCUITO DE PACIENTE","22.0","22.0","22.0","product.product_category_1","0.0","6800.0","620B0070-A0","1","Almacenable","uom.product_uom_unit","Producto"
"__export__.product_template_225_28f0f4c0","CISCO GLC-SX-MMD","0.0","0.0","0.0","product.product_category_all","0.0","1.0","10-2626-01","1","Almacenable","uom.product_uom_unit","COMPONENTES ELECTRONICOS"
"__export__.product_template_282_a7b9e350","COMPRESOR DE AE-10-W","0.0","0.0","0.0","product.product_category_all","0.0","8000.0","ZGK500P1-110/2-11A","1","Almacenable","uom.product_uom_unit","COMPONENTES ELECTRONICOS"
"__export__.product_template_320_99a97398","CONDENSADOR DE A/C","0.0","0.0","0.0","product.product_category_all","0.0","36660.0","410-a","1","Almacenable","uom.product_uom_unit","COMPONENTES ELECTRONICOS"
"__export__.product_template_281_56f6ca1e","CONECTOR CHEMATROM","0.0","0.0","0.0","product.product_category_all","0.0","650.0","S-AD-CHOU-M2","1","Almacenable","uom.product_uom_unit","COMPONENTES ELECTRONICOS"
"__export__.product_template_379_7d5bf35d","CONECTOR PARA CABLE DE PODER","0.0","0.0","0.0","product.product_category_all","0.0","950.0","0202","1","Almacenable","uom.product_uom_unit","COMPONENTES ELECTRONICOS"
"__export__.product_template_378_5b9beeb4","CONTROL PRINCIPAL SHAMPAINE","0.0","0.0","0.0","product.product_category_all","0.0","9650.0","5100B","1","Almacenable","uom.product_uom_unit","COMPONENTES ELECTRONICOS"
"__export__.product_template_536_b38daa5f","COOLANT REFRIGERANTE.","0.0","0.0","0.0","product.product_category_all","0.0","2370.0","FREZEE COLANT","1","Almacenable","uom.product_uom_unit","COMPONENTES ELECTRONICOS"
"__export__.product_template_478_a917380e","COVIDIEN PLANCHA","0.0","0.0","0.0","product.product_category_all","0.0","560.0","E7507","1","Almacenable","uom.product_uom_unit","COMPONENTES ELECTRONICOS"
"__export__.product_template_479_660326b1","COVIDIEN PLANCHA E7506","0.0","0.0","0.0","product.product_category_all","0.0","490.0","E7506","1","Almacenable","uom.product_uom_unit","COMPONENTES ELECTRONICOS"
"__export__.product_template_755_e2aebfac","CPAP REMSTAR PLUS RESPIRONICS PHILIPS","0.0","0.0","0.0","product.product_category_all","0.0","15652.17","REMSTAR PLUS RESPIRONICS","1","Almacenable","uom.product_uom_unit","COMPONENTES ELECTRONICOS"
"__export__.product_template_782_38670024","CPU USADO DE LA MARCA SUM MICROSYSTEMS. EL CUAL SE ENCUENTRA DANADO EL SOFWARE. CPU PARA MAMOGRAFO ","0.0","0.0","0.0","product.product_category_all","0.0","0.0","","1","Consumible","uom.product_uom_unit","COMPONENTES ELECTRONICOS"
"__export__.product_template_513_8f28694d","CQ4LF-0.5","0.0","0.0","0.0","product.product_category_all","0.0","1.0","CQ4LF-0.5","1","Almacenable","uom.product_uom_unit","COMPONENTES ELECTRONICOS"
"__export__.product_template_514_94958a4a","CQ4LF-1.0","0.0","0.0","0.0","product.product_category_all","0.0","1.0","CQ4LF-1.0","1","Almacenable","uom.product_uom_unit","COMPONENTES ELECTRONICOS"
"__export__.product_template_501_5ba15463","CS-C3S","0.0","0.0","0.0","product.product_category_all","0.0","1.0","CS-C3S","1","Almacenable","uom.product_uom_unit","COMPONENTES ELECTRONICOS"
"__export__.product_template_403_c609f73d","CUOTA PAGO","0.0","0.0","0.0","product.product_category_all","0.0","1.0","VALOR 20%","1","Almacenable","uom.product_uom_unit","COMPONENTES ELECTRONICOS"
"__export__.product_template_896_4ab5c081","C] SERVICIO TÉCNICO","0.0","0.0","0.0","product.product_category_all","0.0","0.0","","1","Consumible","uom.product_uom_unit","COMPONENTES ELECTRONICOS"
"__export__.product_template_183_12f88260","Cable Bipolar CX9400","1.0","1.0","1.0","__export__.product_category_10_cd64bdf9","0.0","4200.0","cx9400","1","Almacenable","uom.product_uom_unit","COMPONENTES ELECTRONICOS / Accesorios por tipo"
"__export__.product_template_138_4622f156","Cable DVI- AWM","1.0","1.0","1.0","__export__.product_category_13_34b08912","0.0","1200.0","e101344","1","Almacenable","uom.product_uom_unit","COMPONENTES ELECTRONICOS / Accesorios por tipo / Cables y conductores de ECG"
"__export__.product_template_154_ec97e5bc","Cable ECG Colin","1.0","1.0","1.0","product.product_category_all","0.0","4200.0","MCO39-55","1","Almacenable","uom.product_uom_unit","COMPONENTES ELECTRONICOS"
"__export__.product_template_93_79743e25","Cable ECG para Lifepak 12","1.0","1.0","1.0","__export__.product_category_21_b8ef4706","0.0","6000.0","11110 – 000040","1","Almacenable","uom.product_uom_unit","COMPONENTES ELECTRONICOS / Accesorios y piezas por categoría / Desfibriladores"
"__export__.product_template_144_5e22ab63","Cable Electroquirúrgico","2.0","2.0","2.0","__export__.product_category_30_4c7ad97e","0.0","2500.0","21174","1","Almacenable","uom.product_uom_unit","COMPONENTES ELECTRONICOS / Accesorios y piezas por categoría / Ventiladores"
"__export__.product_template_122_f66ebc46","Cable GE QWIK Connect Plus","1.0","1.0","1.0","__export__.product_category_13_34b08912","0.0","26000.0","1590AA0","1","Almacenable","uom.product_uom_unit","COMPONENTES ELECTRONICOS / Accesorios por tipo / Cables y conductores de ECG"
"__export__.product_template_103_60a39101","Cable PA invasivo","2.0","2.0","2.0","product.product_category_all","0.0","3400.0","2005772-001","1","Almacenable","uom.product_uom_unit","COMPONENTES ELECTRONICOS"
"__export__.product_template_149_64981c43","Cable Sensor RD SPO2","21.0","21.0","21.0","product.product_category_all","0.0","4000.0","PS-10153 Dash 4000/5000","1","Almacenable","uom.product_uom_unit","COMPONENTES ELECTRONICOS"
"__export__.product_template_155_8fccb84b","Cable Troncal ECG, 3 derivadas","19.0","19.0","19.0","__export__.product_category_13_34b08912","0.0","1300.0","MC018B3","1","Almacenable","uom.product_uom_unit","COMPONENTES ELECTRONICOS / Accesorios por tipo / Cables y conductores de ECG"
"__export__.product_template_40_468e7d88","Cable adaptador D-sub Philips","8.0","8.0","8.0","__export__.product_category_32_34659fcb","0.0","2700.0","M1941AL","1","Almacenable","uom.product_uom_unit","COMPONENTES ELECTRONICOS / Accesorios por tipo / Sensores y cables de SpO2"
"__export__.product_template_53_3a8b5d8c","Cable adaptador Philips","4.0","4.0","4.0","__export__.product_category_32_34659fcb","0.0","2700.0","M1900B","1","Almacenable","uom.product_uom_unit","COMPONENTES ELECTRONICOS / Accesorios por tipo / Sensores y cables de SpO2"
"__export__.product_template_145_f4807b84","Cable adaptador SpO2","9.0","9.0","9.0","product.product_category_all","0.0","3200.0","E708M-15P0","1","Almacenable","uom.product_uom_unit","COMPONENTES ELECTRONICOS"
"__export__.product_template_148_09910531","Cable adaptador de SpO2 compatible","1.0","1.0","1.0","__export__.product_category_32_34659fcb","0.0","1600.0","E9004DE","1","Almacenable","uom.product_uom_unit","COMPONENTES ELECTRONICOS / Accesorios por tipo / Sensores y cables de SpO2"
"__export__.product_template_273_4ca8b7b1","Cable de 3 Snap para ECG/EKG","0.0","0.0","0.0","product.product_category_all","0.0","950.0","3snap","1","Almacenable","uom.product_uom_unit","COMPONENTES ELECTRONICOS"
"__export__.product_template_343_10df0b9f","Cable de Alimentación","0.0","0.0","0.0","product.product_category_all","0.0","28.0","TSJ-10","1","Almacenable","uom.product_uom_unit","COMPONENTES ELECTRONICOS"
"__export__.product_template_418_d82f7a27","Cable de Alimentación TSJ","0.0","0.0","0.0","product.product_category_all","0.0","28.0","4X14","1","Almacenable","uom.product_uom_unit","COMPONENTES ELECTRONICOS"
"__export__.product_template_419_164ae930","Cable de Alimentación TSJ 3X12","0.0","0.0","0.0","product.product_category_all","0.0","28.0","3X12","1","Almacenable","uom.product_uom_unit","COMPONENTES ELECTRONICOS"
"__export__.product_template_142_52700bdf","Cable de Presión Invasivo","1.0","1.0","1.0","__export__.product_category_13_34b08912","0.0","6000.0","2021196-004","1","Almacenable","uom.product_uom_unit","COMPONENTES ELECTRONICOS / Accesorios por tipo / Cables y conductores de ECG"
"__export__.product_template_121_0854444c","Cable de extensión de P0210S","4.0","4.0","4.0","__export__.product_category_11_74b95fca","0.0","3600.0","2017002-002","1","Almacenable","uom.product_uom_unit","COMPONENTES ELECTRONICOS / Accesorios por tipo / Sensores y cables de CO2"
"__export__.product_template_671_dc6c74b1","Cable de extensión para sensor de oximetría SpO2 Marca: Nellcor","0.0","0.0","0.0","product.product_category_all","0.0","1200.0","15053","1","Almacenable","uom.product_uom_unit","COMPONENTES ELECTRONICOS"
"__export__.product_template_60_fc1d3c1b","Cable de interconexion de Presión","58.0","58.0","58.0","__export__.product_category_17_a1c19e2e","0.0","2300.0","M1599B","1","Almacenable","uom.product_uom_unit","COMPONENTES ELECTRONICOS / Accesorios por tipo / Mangueras NIBP"
"__export__.product_template_342_74349347","Cable de interconexión TSJ","0.0","0.0","0.0","product.product_category_all","0.0","19.0","TSj-3","1","Almacenable","uom.product_uom_unit","COMPONENTES ELECTRONICOS"
"__export__.product_template_94_aeed1311","Cable de sensor de flujo Dräger Babylog 8000","1.0","1.0","1.0","__export__.product_category_10_cd64bdf9","0.0","8000.0","8409626","1","Almacenable","uom.product_uom_unit","COMPONENTES ELECTRONICOS / Accesorios por tipo"
"__export__.product_template_119_a582a1e4","Cable para Intellivue MP2 X2","3.0","3.0","3.0","__export__.product_category_10_cd64bdf9","0.0","1300.0","M3081-61602","1","Almacenable","uom.product_uom_unit","COMPONENTES ELECTRONICOS / Accesorios por tipo"
"__export__.product_template_160_57a709c6","Cable para monitoreo de ECG lifepack 20/12","3.0","3.0","3.0","__export__.product_category_13_34b08912","0.0","6000.0","3006218-02","1","Almacenable","uom.product_uom_unit","COMPONENTES ELECTRONICOS / Accesorios por tipo / Cables y conductores de ECG"
"__export__.product_template_147_e25de960","Cable transductor Philips PX1800 Baxter","1.0","1.0","1.0","__export__.product_category_10_cd64bdf9","0.0","1200.0","PX1800","1","Almacenable","uom.product_uom_unit","COMPONENTES ELECTRONICOS / Accesorios por tipo"
"__export__.product_template_184_f28b124a","Cable troncal 3 vias","18.0","18.0","18.0","__export__.product_category_13_34b08912","0.0","3400.0","M1669A","1","Almacenable","uom.product_uom_unit","COMPONENTES ELECTRONICOS / Accesorios por tipo / Cables y conductores de ECG"
"__export__.product_template_115_eadc896d","Cables conductores de ECG Philips/HP","7.0","7.0","7.0","product.product_category_all","0.0","3000.0","HP3-90S","1","Almacenable","uom.product_uom_unit","COMPONENTES ELECTRONICOS"
"__export__.product_template_692_2599429b","Cal soda Medisorb","0.0","0.0","0.0","product.product_category_all","0.0","1766.0","42700100","1","Consumible","uom.product_uom_unit","COMPONENTES ELECTRONICOS"
"__export__.product_template_635_d22158e2","Cama eléctrica de obstetricia de labor y parto","0.0","0.0","0.0","product.product_category_all","0.0","217500.0","B-48","1","Almacenable","uom.product_uom_unit","COMPONENTES ELECTRONICOS"
"__export__.product_template_630_51d8ab91","Camilla de transferencia de paciente a quirófano","0.0","0.0","0.0","product.product_category_all","0.0","95988.0","E-4","1","Almacenable","uom.product_uom_unit","COMPONENTES ELECTRONICOS"
"__export__.product_template_632_7664be9a","Camilla de transporte","0.0","0.0","0.0","product.product_category_all","0.0","97850.0","E-9","1","Almacenable","uom.product_uom_unit","COMPONENTES ELECTRONICOS"
"__export__.product_template_629_511832a3","Camilla hospitalaria manual","0.0","0.0","0.0","product.product_category_all","0.0","29500.0","E-3","1","Almacenable","uom.product_uom_unit","COMPONENTES ELECTRONICOS"
"__export__.product_template_488_733f7dff","Canister, para máquinas de anestesia Marca: GE Datex Ohmeda","0.0","0.0","0.0","product.product_category_all","0.0","85800.0","GE-CA-DATEX","1","Almacenable","uom.product_uom_unit","COMPONENTES ELECTRONICOS"
"__export__.product_template_65_fa9f6783","Canula nasal","264.0","264.0","264.0","__export__.product_category_34_b86db3cc","0.0","80.0","0197","1","Almacenable","uom.product_uom_unit","All / Canula Nasal"
"__export__.product_template_74_cfb7c77d","CapnoFlex LF CO2","2.0","2.0","2.0","__export__.product_category_18_b1b22fd8","0.0","14000.0","2013427-001","1","Almacenable","uom.product_uom_unit","COMPONENTES ELECTRONICOS / Accesorios y piezas por categoría"
"__export__.product_template_182_5a68cf91","Capnostat CO2","1.0","1.0","1.0","__export__.product_category_10_cd64bdf9","0.0","38000.0","412340-002","1","Almacenable","uom.product_uom_unit","COMPONENTES ELECTRONICOS / Accesorios por tipo"
"__export__.product_template_31_ac633d83","CareFusion Sonda Oral, Axilar","1.0","1.0","1.0","__export__.product_category_15_390d88ab","0.0","4600.0","2008774-001","1","Almacenable","uom.product_uom_unit","COMPONENTES ELECTRONICOS / Accesorios por tipo / Sondas y transductores"
"__export__.product_template_764_814167d8","Carro de emergencia AG-ET001A1-850mm","0.0","0.0","0.0","product.product_category_all","0.0","14782.61","AG-ET001A1-850MM","1","Almacenable","uom.product_uom_unit","COMPONENTES ELECTRONICOS"
"__export__.product_template_699_1eaa3ff4","Chaleco de plomo","0.0","0.0","0.0","__export__.product_category_36_6b99e283","0.0","9625.0","FA01","1","Consumible","uom.product_uom_unit","COMPONENTES ELECTRONICOS / Implementos de plomo"
"__export__.product_template_206_95bbdb7c","Cilindro de Oxigeno","'-1.0","0.0","'-1.0","product.product_category_all","0.0","15000.0","","1","Consumible","uom.product_uom_unit","COMPONENTES ELECTRONICOS"
"__export__.product_template_721_d068abdd","Circuito de paciente con sistema cascada  Drager","0.0","0.0","0.0","product.product_category_all","0.0","3875.0","RT380","1","Almacenable","uom.product_uom_unit","COMPONENTES ELECTRONICOS"
"__export__.product_template_722_69f6f37a","Circuito de paciente generico para ventilador mecanico Drager adulto","0.0","0.0","0.0","product.product_category_all","0.0","3870.0","MP02607","1","Almacenable","uom.product_uom_unit","COMPONENTES ELECTRONICOS"
"__export__.product_template_153_aa4d196c","Circuito de respiración de la válvula de exhalación","1.0","1.0","1.0","__export__.product_category_19_43a331ff","0.0","4800.0","1503-3583-000","1","Almacenable","uom.product_uom_unit","COMPONENTES ELECTRONICOS / Accesorios y piezas por categoría / Máquinas de anestesia"
"__export__.product_template_756_45c0f6a5","Clips adaptador Mactrode ECG (Pinza de cocodrilo)","0.0","0.0","0.0","product.product_category_all","0.0","6828.0","2066867-014","1","Almacenable","uom.product_uom_unit","COMPONENTES ELECTRONICOS"
"__export__.product_template_779_25871268","Colchón para cama médica","0.0","0.0","0.0","product.product_category_all","0.0","6257.8","H-12 14 CM","1","Almacenable","uom.product_uom_unit","COMPONENTES ELECTRONICOS"
"__export__.product_template_781_d4582b5d","Colchón para cama médica 12CM","0.0","0.0","0.0","product.product_category_all","0.0","4985.0","H12 12CM","1","Almacenable","uom.product_uom_unit","COMPONENTES ELECTRONICOS"
"__export__.product_template_704_5bb09375","Colgador para chalecos de plomo","0.0","0.0","0.0","__export__.product_category_36_6b99e283","0.0","35124.23","LB01","1","Consumible","uom.product_uom_unit","COMPONENTES ELECTRONICOS / Implementos de plomo"
"__export__.product_template_703_2785f066","Collar de plomo con protección","0.0","0.0","0.0","__export__.product_category_36_6b99e283","0.0","2874.0","FA09-3","1","Consumible","uom.product_uom_unit","COMPONENTES ELECTRONICOS / Implementos de plomo"
"__export__.product_template_701_07c48162","Collar protector de plomo","0.0","0.0","0.0","__export__.product_category_36_6b99e283","0.0","1978.5","FA09-2","1","Consumible","uom.product_uom_unit","COMPONENTES ELECTRONICOS / Implementos de plomo"
"__export__.product_template_168_0306e994","ConMed R314II electrocardiograma","2.0","2.0","2.0","__export__.product_category_13_34b08912","0.0","1600.0","R314ll","1","Almacenable","uom.product_uom_unit","COMPONENTES ELECTRONICOS / Accesorios por tipo / Cables y conductores de ECG"
"__export__.product_template_296_aeb58330","Concentrador Aerti de 60 Litros","0.0","0.0","0.0","product.product_category_all","0.0","207400.0","AHG-060","1","Almacenable","uom.product_uom_unit","COMPONENTES ELECTRONICOS"
"__export__.product_template_278_9a37b0ac","Concentrador De Oxigeno de Alto Flujo","0.0","0.0","0.0","product.product_category_all","0.0","212500.0","AE-60-W","1","Almacenable","uom.product_uom_unit","COMPONENTES ELECTRONICOS"
"__export__.product_template_295_cbe64e62","Concentrador Simply GO","0.0","0.0","0.0","product.product_category_all","0.0","25500.0","simplyGo","1","Almacenable","uom.product_uom_unit","COMPONENTES ELECTRONICOS"
"__export__.product_template_108_0b1e0cec","Concentrador de Oxigeno AR-5 (O2) SpO2","5.0","5.0","5.0","__export__.product_category_7_68c0e866","0.0","28500.0","AR-5   SpO2","1","Almacenable","uom.product_uom_unit","COMPONENTES ELECTRONICOS / Concentradores de oxigeno"
"__export__.product_template_111_2b673036","Concentrador de oxigeno AE-10-W  (O2).","8.0","9.0","8.0","__export__.product_category_7_68c0e866","0.0","53125.0","AE-10-W","1","Almacenable","uom.product_uom_unit","COMPONENTES ELECTRONICOS / Concentradores de oxigeno"
"__export__.product_template_109_e71baee4","Concentrador de oxigeno AE-10-W (O2) SpO2","1.0","1.0","1.0","__export__.product_category_7_68c0e866","0.0","54375.0","AE-10-W   SpO2","1","Almacenable","uom.product_uom_unit","COMPONENTES ELECTRONICOS / Concentradores de oxigeno"
"__export__.product_template_112_3c383bd1","Concentrador de oxigeno AE-5-W (O2)","21.0","21.0","21.0","__export__.product_category_7_68c0e866","10321.23","27717.39","AE-5-W","1","Almacenable","uom.product_uom_unit","COMPONENTES ELECTRONICOS / Concentradores de oxigeno"
"__export__.product_template_110_575aeb86","Concentrador de oxigeno AE-5-W (O2) SpO2","15.0","15.0","15.0","__export__.product_category_7_68c0e866","23043.48","28804.34","AE-5-W     SpO2","1","Almacenable","uom.product_uom_unit","COMPONENTES ELECTRONICOS / Concentradores de oxigeno"
"__export__.product_template_691_7fefde9c","Concentrador de oxigeno Portatil","0.0","0.0","0.0","__export__.product_category_7_68c0e866","25825.23","52173.91","APOC-5","1","Almacenable","uom.product_uom_unit","COMPONENTES ELECTRONICOS / Concentradores de oxigeno"
"__export__.product_template_558_843a377e","Condensadores electrolíticos de aluminio","0.0","0.0","0.0","product.product_category_all","0.0","1.0","CAPACITORES ELECTROLITICOS","1","Almacenable","uom.product_uom_unit","COMPONENTES ELECTRONICOS"
"__export__.product_template_158_935787e5","Conexión directa de ECG compatible con Welch Allyn","4.0","4.0","4.0","__export__.product_category_23_2f4246d1","0.0","3200.0","008-0315-00","1","Almacenable","uom.product_uom_unit","COMPONENTES ELECTRONICOS / Accesorios y piezas por categoría / Máquinas de EKG / ECG"
"__export__.product_template_1106_17f78db1","Conjunto de módulo de retorno Marca: Covidien Valleylab Force 2","0.0","0.0","0.0","product.product_category_1","0.0","8500.0","","1","Almacenable","uom.product_uom_unit","Producto"
"__export__.product_template_165_f5db1123","Control para rayos x panoramico Ortopantomógrafo","1.0","1.0","1.0","__export__.product_category_18_b1b22fd8","0.0","9500.0","OP100","1","Almacenable","uom.product_uom_unit","COMPONENTES ELECTRONICOS / Accesorios y piezas por categoría"
"__export__.product_template_1233_6c33aaf8","Cuchillas de repuesto de acero inoxidable","0.0","0.0","0.0","product.product_category_1","0.0","1.0","72033-14","1","Almacenable","uom.product_uom_unit","Producto"
"__export__.product_template_849_8b112186","D44C11","0.0","0.0","0.0","product.product_category_all","0.0","1.0","448-D44C11","1","Almacenable","uom.product_uom_unit","COMPONENTES ELECTRONICOS"
"__export__.product_template_437_40b4f670","D45C11","0.0","0.0","0.0","product.product_category_all","0.0","1.0","512-D45C11","1","Almacenable","uom.product_uom_unit","COMPONENTES ELECTRONICOS"
"__export__.product_template_961_81e979de","D45H11","0.0","0.0","0.0","product.product_category_all","0.0","1.0","668-D45H11","1","Almacenable","uom.product_uom_unit","COMPONENTES ELECTRONICOS"
"__export__.product_template_277_34381134","DASH 5000","0.0","0.0","0.0","product.product_category_all","0.0","1.0","","1","Almacenable","uom.product_uom_unit","COMPONENTES ELECTRONICOS"
"__export__.product_template_91_4e5e39e9","DCI-dc3","4.0","4.0","4.0","__export__.product_category_10_cd64bdf9","0.0","5100.0","2201","1","Almacenable","uom.product_uom_unit","COMPONENTES ELECTRONICOS / Accesorios por tipo"
"__export__.product_template_127_52fa5e6e","DERMATOMO INTEGRA","2.0","2.0","2.0","product.product_category_all","0.0","40000.0","NS012122","1","Almacenable","uom.product_uom_unit","COMPONENTES ELECTRONICOS"
"__export__.product_template_349_8b007091","DESFRIBILADOR PHILLIPS HEARTSTAR","0.0","0.0","0.0","product.product_category_all","0.0","1.0","A17K-07498, A19H-07279","1","Almacenable","uom.product_uom_unit","COMPONENTES ELECTRONICOS"
"__export__.product_template_363_1f94a50c","DESFRIBILADOR ZOLL M SERIES","0.0","0.0","0.0","product.product_category_all","0.0","1.0","2011","1","Almacenable","uom.product_uom_unit","COMPONENTES ELECTRONICOS"
"__export__.product_template_621_c2b6cec1","DESHUMIDIFICADOR HISENSE","0.0","0.0","0.0","product.product_category_all","0.0","8500.0","DH7021KP1G","1","Almacenable","uom.product_uom_unit","COMPONENTES ELECTRONICOS"
"__export__.product_template_453_5887e9a0","DHT ELECTRONICS","0.0","0.0","0.0","product.product_category_all","0.0","1.0","","1","Almacenable","uom.product_uom_unit","COMPONENTES ELECTRONICOS"
"__export__.product_template_319_a25b0dac","DIGITALIZADOR FUJIFILM CARBON","0.0","0.0","0.0","product.product_category_all","0.0","1000000.0","Carbon XL1","1","Almacenable","uom.product_uom_unit","COMPONENTES ELECTRONICOS"
"__export__.product_template_549_f4d30b1c","DIODOS ZENER SMD","0.0","0.0","0.0","product.product_category_all","0.0","1.0","SMD ZENER","1","Almacenable","uom.product_uom_unit","COMPONENTES ELECTRONICOS"
"__export__.product_template_177_ec4a2d0d","DL adaptador 11 pines KENDALL","5.0","5.0","5.0","__export__.product_category_10_cd64bdf9","0.0","1200.0","33506","1","Almacenable","uom.product_uom_unit","COMPONENTES ELECTRONICOS / Accesorios por tipo"
"__export__.product_template_393_96e5cf38","DS1220AB-200","0.0","0.0","0.0","product.product_category_all","0.0","1.0","700-DS1220AB-200","1","Almacenable","uom.product_uom_unit","COMPONENTES ELECTRONICOS"
"__export__.product_template_388_acc89c4f","DS1231-35","0.0","0.0","0.0","product.product_category_all","0.0","1.0","700-DS1231-35","1","Almacenable","uom.product_uom_unit","COMPONENTES ELECTRONICOS"
"__export__.product_template_915_2f1a0189","DS1244Y-120","0.0","0.0","0.0","product.product_category_all","0.0","1.0","728-DS1244Y-120","1","Almacenable","uom.product_uom_unit","COMPONENTES ELECTRONICOS"
"__export__.product_template_441_4d25eeca","DS14C88N","0.0","0.0","0.0","product.product_category_all","0.0","1.0","926-DS14C88N","1","Almacenable","uom.product_uom_unit","COMPONENTES ELECTRONICOS"
"__export__.product_template_442_b07f521d","DS14C89AN","0.0","0.0","0.0","product.product_category_all","0.0","1.0","926-DS14C89AN","1","Almacenable","uom.product_uom_unit","COMPONENTES ELECTRONICOS"
"__export__.product_template_711_0cc59d68","DS2E-S-DC12V","0.0","0.0","0.0","product.product_category_all","0.0","1.0","255-DS2E-S-DC12V","1","Consumible","uom.product_uom_unit","COMPONENTES ELECTRONICOS"
"__export__.product_template_123_46a88781","Datascope Passport 2","4.0","4.0","4.0","__export__.product_category_26_07f9dbcf","0.0","35000.0","DSPP2SP","1","Almacenable","uom.product_uom_unit","COMPONENTES ELECTRONICOS / Accesorios y piezas por categoría / Monitores de pacientes"
"__export__.product_template_802_011da901","Desfibrilador Marca:Mindray Modelo:BeneHeart D3","0.0","0.0","0.0","product.product_category_all","0.0","136735.0","D3","1","Almacenable","uom.product_uom_unit","COMPONENTES ELECTRONICOS"
"__export__.product_template_800_53383388","Detector de venas Accuvein Av400","0.0","0.0","0.0","product.product_category_all","0.0","30434.76","Av400","1","Almacenable","uom.product_uom_unit","COMPONENTES ELECTRONICOS"
"__export__.product_template_693_d22687b4","Detector plano para digitalizador Rayos X Marca LG","0.0","0.0","0.0","product.product_category_all","0.0","345700.0","YSFPD4343Z ( cassette 17x17)","1","Consumible","uom.product_uom_unit","COMPONENTES ELECTRONICOS"
"__export__.product_template_27_023e5bcb","Dinamap Pro 400 V2","5.0","5.0","5.0","__export__.product_category_26_07f9dbcf","0.0","20000.0","UQGE2140-V","1","Almacenable","uom.product_uom_unit","COMPONENTES ELECTRONICOS / Accesorios y piezas por categoría / Monitores de pacientes"
"__export__.product_template_1117_7cf275b1","ECSR143DUX","0.0","0.0","0.0","product.product_category_all","0.0","1.0","780-ECSR143DUX","1","Almacenable","uom.product_uom_unit","COMPONENTES ELECTRONICOS"
"__export__.product_template_329_3a29589a","EEG ELECTRODOS","0.0","0.0","0.0","product.product_category_all","0.0","3870.0","DYMEDIX GOLD","1","Almacenable","uom.product_uom_unit","COMPONENTES ELECTRONICOS"
"__export__.product_template_239_22e4b9b6","ELECTROCARDIOGRAFO","0.0","0.0","0.0","product.product_category_all","0.0","520000.0","MARQUETTE MAC 5,500","1","Almacenable","uom.product_uom_unit","COMPONENTES ELECTRONICOS"
"__export__.product_template_359_b7eee2b8","ELECTROCARDIOGRAFO DIGITAL","0.0","0.0","0.0","product.product_category_all","0.0","1.0","ECG80A","1","Almacenable","uom.product_uom_unit","COMPONENTES ELECTRONICOS"
"__export__.product_template_818_eb11043f","ELECTROCARDIOGRAFO GENERAL ELECTRIC MODELO: MAC 1200","0.0","0.0","0.0","product.product_category_all","0.0","60000.0","","1","Almacenable","uom.product_uom_unit","COMPONENTES ELECTRONICOS"
"__export__.product_template_238_e64ae5cd","ELECTROCAUTERIO","0.0","0.0","0.0","product.product_category_all","0.0","6500.0","ELECTRO","1","Almacenable","uom.product_uom_unit","COMPONENTES ELECTRONICOS"
"__export__.product_template_372_da18e881","ELECTROCAUTERIO CONMED SABRE 2400","0.0","0.0","0.0","product.product_category_all","0.0","85000.0","SABRE2400","1","Almacenable","uom.product_uom_unit","COMPONENTES ELECTRONICOS"
"__export__.product_template_283_786e3aaf","ELECTROVALVULA AE-W","0.0","0.0","0.0","product.product_category_all","0.0","500.0","2v025-08/DC12V/4.8W","1","Almacenable","uom.product_uom_unit","COMPONENTES ELECTRONICOS"
"__export__.product_template_666_2b894e99","EMPAQUE CALPEDA","0.0","0.0","0.0","product.product_category_all","0.0","800.0","EBC-MXH20","1","Almacenable","uom.product_uom_unit","COMPONENTES ELECTRONICOS"
"__export__.product_template_234_59d820c9","ENDOCAVITORIO","0.0","0.0","0.0","product.product_category_all","0.0","17800.0","ENDO","1","Almacenable","uom.product_uom_unit","COMPONENTES ELECTRONICOS"
"__export__.product_template_654_ca03540f","EQUIPO DE FOTOTERAPIA DE BILIRRUBINA NEONATAL","0.0","0.0","0.0","product.product_category_all","0.0","84375.0","XHZ-90Q","1","Almacenable","uom.product_uom_unit","COMPONENTES ELECTRONICOS"
"__export__.product_template_644_03648a04","ESCALON DE AYUDA DE 1 PELDAÑO","0.0","0.0","0.0","product.product_category_all","0.0","1300.0","F-36-2","1","Almacenable","uom.product_uom_unit","COMPONENTES ELECTRONICOS"
"__export__.product_template_217_242e4cad","ESFIGMOMANÓMETRO","0.0","0.0","0.0","product.product_category_all","0.0","6250.0","5091-38","1","Almacenable","uom.product_uom_unit","COMPONENTES ELECTRONICOS"
"__export__.product_template_638_1e4312b8","ESTANTE DE ACERO INOXIDABLE","0.0","0.0","0.0","product.product_category_all","0.0","8700.0","F-21","1","Almacenable","uom.product_uom_unit","COMPONENTES ELECTRONICOS"
"__export__.product_template_687_fabf1237","EXTRACTOR DE AIRE Q2","0.0","0.0","0.0","product.product_category_all","0.0","9600.0","10863","1","Almacenable","uom.product_uom_unit","COMPONENTES ELECTRONICOS"
"__export__.product_template_688_25ad4f0a","Electrocardiógrafo para diagnóstico BIOCARE","0.0","0.0","0.0","product.product_category_all","0.0","28000.0","IE300 (90130140)","1","Consumible","uom.product_uom_unit","COMPONENTES ELECTRONICOS"
"__export__.product_template_689_97e5c5f1","Electrocardiógrafo para diagnóstico BIOCARE EI3","0.0","0.0","0.0","product.product_category_all","0.0","37200.0","EI3 (90130136)","1","Consumible","uom.product_uom_unit","COMPONENTES ELECTRONICOS"
"__export__.product_template_137_cd84fa0a","Electrodo - THERMOGARD Plus","17.0","17.0","17.0","product.product_category_all","0.0","420.0","7-382","1","Almacenable","uom.product_uom_unit","COMPONENTES ELECTRONICOS"
"__export__.product_template_982_74922812","Electrodo Dual (Placa de Retorno )SureFit ConMed 410-2000","0.0","0.0","0.0","product.product_category_all","0.0","486.95","410-2000","1","Almacenable","uom.product_uom_unit","COMPONENTES ELECTRONICOS"
"__export__.product_template_757_8981a92d","Electrodos Adhesivo MEDGEL","0.0","0.0","0.0","product.product_category_all","0.0","800.0","MDSM611950","1","Almacenable","uom.product_uom_unit","COMPONENTES ELECTRONICOS"
"__export__.product_template_70_3a6bb0d7","Electrodos de Neuroestimulacion Qty1","5.0","5.0","5.0","__export__.product_category_18_b1b22fd8","0.0","80.0","7775","1","Almacenable","uom.product_uom_unit","COMPONENTES ELECTRONICOS / Accesorios y piezas por categoría"
"__export__.product_template_71_35d8393d","Electrodos de Neuroestimulacion Qty4","81.0","81.0","81.0","product.product_category_all","0.0","90.0","Q120","1","Almacenable","uom.product_uom_unit","COMPONENTES ELECTRONICOS"
"__export__.product_template_38_c8252e2f","Electrodos de desfribilador","12.0","12.0","12.0","product.product_category_all","0.0","2700.0","22550R","1","Almacenable","uom.product_uom_unit","COMPONENTES ELECTRONICOS"
"__export__.product_template_39_9d25dc70","Electrodos de desfribilador pedriatico","3.0","3.0","3.0","product.product_category_all","0.0","1800.0","22550P","1","Almacenable","uom.product_uom_unit","COMPONENTES ELECTRONICOS"
"__export__.product_template_719_b53b55ac","Elevador de paciente electrico","0.0","0.0","0.0","product.product_category_all","0.0","50950.0","DE-1","1","Almacenable","uom.product_uom_unit","COMPONENTES ELECTRONICOS"
"__export__.product_template_78_b7c5a132","Empaque Drager","17.0","17.0","17.0","product.product_category_all","0.0","1300.0","8408204","1","Almacenable","uom.product_uom_unit","COMPONENTES ELECTRONICOS"
"__export__.product_template_327_b40394ca","Empaque para compuerta/ Esterilizador Cristofoli","0.0","0.0","0.0","product.product_category_all","0.0","8725.32","","1","Almacenable","uom.product_uom_unit","COMPONENTES ELECTRONICOS"
"__export__.product_template_128_c7ceeb29","Endoscopio stryker","1.0","1.0","1.0","product.product_category_all","0.0","22000.0","240-020-305","1","Almacenable","uom.product_uom_unit","COMPONENTES ELECTRONICOS"
"__export__.product_template_126_12623cc0","Especulo Dispensador","1.0","1.0","1.0","product.product_category_all","0.0","3800.0","90100","1","Almacenable","uom.product_uom_unit","COMPONENTES ELECTRONICOS"
"__export__.product_template_21_dc1c2383","Ext LNC Masimo","11.0","11.0","11.0","__export__.product_category_32_34659fcb","0.0","5000.0","LNC MP10","1","Almacenable","uom.product_uom_unit","COMPONENTES ELECTRONICOS / Accesorios por tipo / Sensores y cables de SpO2"
"__export__.product_template_790_44e2d1df","Extension para sensor de oximetría marca: Nellcor de 10 pies","0.0","0.0","0.0","product.product_category_all","0.0","4875.0","DOC10","1","Almacenable","uom.product_uom_unit","COMPONENTES ELECTRONICOS"
"__export__.product_template_739_25dafe91","Extesion de oximetria para datascope","0.0","0.0","0.0","product.product_category_all","0.0","1870.0","extesion de spo2 datascope passport xg","1","Almacenable","uom.product_uom_unit","COMPONENTES ELECTRONICOS"
"__export__.product_template_1105_478d45c7","F2A","0.0","0.0","0.0","product.product_category_all","0.0","1.0","643-F2A","1","Almacenable","uom.product_uom_unit","COMPONENTES ELECTRONICOS"
"__export__.product_template_1111_f878e060","FCT2245A","0.0","0.0","0.0","product.product_category_all","0.0","1.0","628-FCT2245A","1","Almacenable","uom.product_uom_unit","COMPONENTES ELECTRONICOS"
"__export__.product_template_450_2b1596cb","FGA50N100BNTD","0.0","0.0","0.0","product.product_category_all","0.0","1.0","443-FGA50N100BNTD","1","Almacenable","uom.product_uom_unit","COMPONENTES ELECTRONICOS"
"__export__.product_template_1102_7cd889a3","FGA60N65SMD","0.0","0.0","0.0","product.product_category_all","0.0","1.0","646-FGA60N65SMD","1","Almacenable","uom.product_uom_unit","COMPONENTES ELECTRONICOS"
"__export__.product_template_227_2d902313","FILTER PAD FILTERMATTE","0.0","0.0","0.0","product.product_category_all","0.0","1.0","8419758","1","Almacenable","uom.product_uom_unit","COMPONENTES ELECTRONICOS"
"__export__.product_template_543_c0229dd0","FILTRO BACTERIOLOGICO PARA SUCCIONADOR","0.0","0.0","0.0","product.product_category_all","0.0","560.0","Q-4","1","Almacenable","uom.product_uom_unit","COMPONENTES ELECTRONICOS"
"__export__.product_template_265_8e63fee4","FILTRO CONCENTRADOR  HIDROFÓBICA","0.0","0.0","0.0","product.product_category_all","0.0","450.0","CDG","1","Almacenable","uom.product_uom_unit","COMPONENTES ELECTRONICOS"
"__export__.product_template_369_a0a7cb6d","FILTRO DE ACERO INOXIDABLE DE 3/4","0.0","0.0","0.0","product.product_category_all","0.0","3400.0","3/4 FILTRO","1","Almacenable","uom.product_uom_unit","COMPONENTES ELECTRONICOS"
"__export__.product_template_481_49be556b","FILTRO DE CARTUCHO","0.0","0.0","0.0","product.product_category_all","0.0","5000.0","90951200000","1","Almacenable","uom.product_uom_unit","COMPONENTES ELECTRONICOS"
"__export__.product_template_483_6300e580","FILTRO DE CARTUCHO.","0.0","0.0","0.0","product.product_category_all","0.0","1.0","90951000000","1","Almacenable","uom.product_uom_unit","COMPONENTES ELECTRONICOS"
"__export__.product_template_163_6816183a","FILTRO RESPIRACIÓN BACTERIANA","3.0","3.0","3.0","__export__.product_category_30_4c7ad97e","0.0","950.0","001851","1","Almacenable","uom.product_uom_unit","COMPONENTES ELECTRONICOS / Accesorios y piezas por categoría / Ventiladores"
"__export__.product_template_512_79927231","FLUJO LIQUIDO-CQALF","0.0","0.0","0.0","product.product_category_all","0.0","1.0","FLUJO LIQUIDO-CQALF","1","Almacenable","uom.product_uom_unit","COMPONENTES ELECTRONICOS"
"__export__.product_template_229_f170c375","FLUJOMETRO PARA CONCENTRADOR DEVILBISS 5L.","0.0","0.0","0.0","product.product_category_all","0.0","1300.0","DEVILBISS 5L","1","Almacenable","uom.product_uom_unit","COMPONENTES ELECTRONICOS"
"__export__.product_template_460_d62020f0","FOCO PARA QUIROFANO","0.0","0.0","0.0","product.product_category_all","0.0","1.0","HG-150W-HALOG-SB","1","Almacenable","uom.product_uom_unit","COMPONENTES ELECTRONICOS"
"__export__.product_template_1124_34f7c747","FR107","0.0","0.0","0.0","product.product_category_all","0.0","1.0","668-FR107","1","Almacenable","uom.product_uom_unit","COMPONENTES ELECTRONICOS"
"__export__.product_template_1219_5a7a7872","FR207","0.0","0.0","0.0","product.product_category_all","0.0","1.0","899-FR207","1","Almacenable","uom.product_uom_unit","COMPONENTES ELECTRONICOS"
"__export__.product_template_1220_7c4c8621","FR605","0.0","0.0","0.0","product.product_category_all","0.0","1.0","775-FR605","1","Almacenable","uom.product_uom_unit","COMPONENTES ELECTRONICOS"
"__export__.product_template_210_da9f659a","FUENTE DE LUZ KARL STORZ","0.0","0.0","0.0","product.product_category_all","0.0","25000.0","20133120","1","Almacenable","uom.product_uom_unit","COMPONENTES ELECTRONICOS"
"__export__.product_template_396_9802c780","FUSIBLE 15A 250V","0.0","0.0","0.0","product.product_category_all","0.0","1.0","BK/MDA-15-R","1","Almacenable","uom.product_uom_unit","COMPONENTES ELECTRONICOS"
"__export__.product_template_427_d80fd409","FUSIBLE F5A 250V","0.0","0.0","0.0","product.product_category_all","0.0","70.0","5A-250V","1","Almacenable","uom.product_uom_unit","COMPONENTES ELECTRONICOS"
"__export__.product_template_106_d2986db2","Facoemulsificador","1.0","1.0","1.0","product.product_category_all","0.0","9000.0","CX7050","1","Almacenable","uom.product_uom_unit","COMPONENTES ELECTRONICOS"
"__export__.product_template_66_d9bf32aa","Filtro de concentrador EPA","250.0","250.0","250.0","__export__.product_category_10_cd64bdf9","0.0","350.0","AE-10-W /AE-5-W","1","Almacenable","uom.product_uom_unit","COMPONENTES ELECTRONICOS / Accesorios por tipo"
"__export__.product_template_102_e887976c","Frasco Succion MADA","2.0","2.0","2.0","__export__.product_category_18_b1b22fd8","0.0","350.0","178B","1","Almacenable","uom.product_uom_unit","COMPONENTES ELECTRONICOS / Accesorios y piezas por categoría"
"__export__.product_template_194_6a6b7c96","Frasco de Succión","5.0","5.0","5.0","__export__.product_category_33_60f244e2","0.0","1.0","SJ-1L","1","Almacenable","uom.product_uom_unit","COMPONENTES ELECTRONICOS / Accesorios por tipo / Reguladores de presión"
"__export__.product_template_1198_0a0c0a3a","Fuse 0.25A 250V","0.0","0.0","0.0","product.product_category_all","0.0","1.0","943-Fuse 0.25A 250V","1","Almacenable","uom.product_uom_unit","COMPONENTES ELECTRONICOS"
"__export__.product_template_1184_a83b1dc6","Fuse 1A 250V","0.0","0.0","0.0","product.product_category_all","0.0","1.0","443-Fuse 1A 250V","1","Almacenable","uom.product_uom_unit","COMPONENTES ELECTRONICOS"
"__export__.product_template_1191_8cadcf57","Fuse 250V 2A","0.0","0.0","0.0","product.product_category_all","0.0","1.0","336-Fuse 250V 2A","1","Almacenable","uom.product_uom_unit","COMPONENTES ELECTRONICOS"
"__export__.product_template_1194_74e14f7c","Fuse 3.15A 250V","0.0","0.0","0.0","product.product_category_all","0.0","1.0","663-Fuse 3.15A 250V","1","Almacenable","uom.product_uom_unit","COMPONENTES ELECTRONICOS"
"__export__.product_template_1185_4223e2d0","Fuse 4L 250V","0.0","0.0","0.0","product.product_category_all","0.0","1.0","268-Fuse 4L 250V","1","Almacenable","uom.product_uom_unit","COMPONENTES ELECTRONICOS"
"__export__.product_template_1195_8a381952","Fuse de 3.2A 250V","0.0","0.0","0.0","product.product_category_all","0.0","1.0","331-Fuse de 3.2A 250V","1","Almacenable","uom.product_uom_unit","COMPONENTES ELECTRONICOS"
"__export__.product_template_1197_9b904a9e","Fuse de 300mA Y 250V","0.0","0.0","0.0","product.product_category_all","0.0","1.0","662-Fuse de 300mA y 250V","1","Almacenable","uom.product_uom_unit","COMPONENTES ELECTRONICOS"
"__export__.product_template_1196_610a1f7b","Fuse de 6A 250v","0.0","0.0","0.0","product.product_category_all","0.0","1.0","665-Fuse de 6A 250V","1","Almacenable","uom.product_uom_unit","COMPONENTES ELECTRONICOS"
"__export__.product_template_1159_58377bdb","Fusible 10A","0.0","0.0","0.0","product.product_category_all","0.0","1.0","334-Fusible 10A","1","Almacenable","uom.product_uom_unit","COMPONENTES ELECTRONICOS"
"__export__.product_template_1178_fdaf4abd","Fusible 11A 1000V AC/DC","0.0","0.0","0.0","product.product_category_all","0.0","1.0","421-Fusible 11A 1000V AC/DC","1","Almacenable","uom.product_uom_unit","COMPONENTES ELECTRONICOS"
"__export__.product_template_848_b177509f","Fusible 2A","0.0","0.0","0.0","product.product_category_all","0.0","1.0","","1","Consumible","uom.product_uom_unit","COMPONENTES ELECTRONICOS"
"__export__.product_template_1177_b3ed1ff0","Fusible 30A","0.0","0.0","0.0","product.product_category_all","0.0","1.0","338-Fusible 30A","1","Almacenable","uom.product_uom_unit","COMPONENTES ELECTRONICOS"
"__export__.product_template_1180_d1fcb385","Fusible 6.3A 500VAC","0.0","0.0","0.0","product.product_category_all","0.0","1.0","343-Fusible de 6.3A 500VAC","1","Almacenable","uom.product_uom_unit","COMPONENTES ELECTRONICOS"
"__export__.product_template_1182_d698a1fe","Fusible 600V 1KA","0.0","0.0","0.0","product.product_category_all","0.0","1.0","331-Fusible 600V 1KA","1","Almacenable","uom.product_uom_unit","COMPONENTES ELECTRONICOS"
"__export__.product_template_548_7962de0d","Fusible SMD 3A","0.0","0.0","0.0","product.product_category_all","0.0","1.0","228-Fusible SMD 3A","1","Almacenable","uom.product_uom_unit","COMPONENTES ELECTRONICOS"
"__export__.product_template_1192_19fbe2f6","Fusible SMD de 10A","0.0","0.0","0.0","product.product_category_all","0.0","1.0","278-Fusible SMD de 10A","1","Almacenable","uom.product_uom_unit","COMPONENTES ELECTRONICOS"
"__export__.product_template_1193_a1fe5a69","Fusible SMD de 1A","0.0","0.0","0.0","product.product_category_all","0.0","1.0","557-Fusible SMD de 1A","1","Almacenable","uom.product_uom_unit","COMPONENTES ELECTRONICOS"
"__export__.product_template_1188_60a15cee","Fusible de 10A y 250V","0.0","0.0","0.0","product.product_category_all","0.0","1.0","993-Fusible de 10A y 250V","1","Almacenable","uom.product_uom_unit","COMPONENTES ELECTRONICOS"
"__export__.product_template_1189_613d876c","Fusible de 15A 250V","0.0","0.0","0.0","product.product_category_all","0.0","1.0","445-Fusible de 15A 250V","1","Almacenable","uom.product_uom_unit","COMPONENTES ELECTRONICOS"
"__export__.product_template_1186_884ccaa2","Fusible de 15A 32V","0.0","0.0","0.0","product.product_category_all","0.0","1.0","778-Fusible de 15A 32V","1","Almacenable","uom.product_uom_unit","COMPONENTES ELECTRONICOS"
"__export__.product_template_1179_57edde81","Fusible de 15A/250V","0.0","0.0","0.0","product.product_category_all","0.0","1.0","329-Fusible de 15A/250V","1","Almacenable","uom.product_uom_unit","COMPONENTES ELECTRONICOS"
"__export__.product_template_1190_096c60b5","Fusible de 200A y 250V AC","0.0","0.0","0.0","product.product_category_all","0.0","1.0","667-Fusible de 200A y 250V AC","1","Almacenable","uom.product_uom_unit","COMPONENTES ELECTRONICOS"
"__export__.product_template_1187_7b86e8e6","Fusible de 250V y 1.5A","0.0","0.0","0.0","product.product_category_all","0.0","1.0","663-Fusible de 250V y 1.5A","1","Almacenable","uom.product_uom_unit","COMPONENTES ELECTRONICOS"
"__export__.product_template_1181_606e16a4","Fusible de 600V/4A","0.0","0.0","0.0","product.product_category_all","0.0","1.0","267-Fusible de 600V/4A","1","Almacenable","uom.product_uom_unit","COMPONENTES ELECTRONICOS"
"__export__.product_template_1183_ac9cd8fc","Fusible de 6A 250V","0.0","0.0","0.0","product.product_category_all","0.0","1.0","884-Fusible de 6A 250V","1","Almacenable","uom.product_uom_unit","COMPONENTES ELECTRONICOS"
"__export__.product_template_303_6bfe9baa","Fusibles 250V","0.0","0.0","0.0","product.product_category_all","0.0","1.0","bk/mda-6-r","1","Almacenable","uom.product_uom_unit","COMPONENTES ELECTRONICOS"
"__export__.product_template_484_b8fa47f1","GB-LUBRICANTE 15/2","0.0","0.0","0.0","product.product_category_all","0.0","1.0","74330500000","1","Almacenable","uom.product_uom_unit","COMPONENTES ELECTRONICOS"
"__export__.product_template_180_cfede7b2","GE Cable Multi-Link ECG","8.0","8.0","8.0","__export__.product_category_13_34b08912","0.0","3400.0","2017004-001","1","Almacenable","uom.product_uom_unit","COMPONENTES ELECTRONICOS / Accesorios por tipo / Cables y conductores de ECG"
"__export__.product_template_150_9405bee4","GE Datex Ohmeda GE Aestiva 1406-3300-000","1.0","1.0","1.0","__export__.product_category_19_43a331ff","0.0","8000.0","1406-3301-000","1","Almacenable","uom.product_uom_unit","COMPONENTES ELECTRONICOS / Accesorios y piezas por categoría / Máquinas de anestesia"
"__export__.product_template_159_fd32a48b","GE LATIGUILLOS ECG, 3 derivaciones","1.0","1.0","1.0","__export__.product_category_13_34b08912","0.0","2600.0","2106390-001","1","Almacenable","uom.product_uom_unit","COMPONENTES ELECTRONICOS / Accesorios por tipo / Cables y conductores de ECG"
"__export__.product_template_15_3d3d2433","GE Multi-Link ECG Leadwire dash 3000","1.0","1.0","1.0","__export__.product_category_13_34b08912","0.0","3500.0","412681-005","1","Almacenable","uom.product_uom_unit","COMPONENTES ELECTRONICOS / Accesorios por tipo / Cables y conductores de ECG"
"__export__.product_template_627_ffa8e3db","GENERADOR DE OXIGENO AIRSEP 5L.","0.0","0.0","0.0","product.product_category_all","0.0","13000.0","NEW LIFE","1","Almacenable","uom.product_uom_unit","COMPONENTES ELECTRONICOS"
"__export__.product_template_557_98b1740d","GL5537-1","0.0","0.0","0.0","product.product_category_all","0.0","1.0","451-GL5537-1","1","Almacenable","uom.product_uom_unit","COMPONENTES ELECTRONICOS"
"__export__.product_template_686_cb2382cb","GRABADOR POE","0.0","0.0","0.0","product.product_category_all","0.0","59565.22","POE","1","Consumible","uom.product_uom_unit","COMPONENTES ELECTRONICOS"
"__export__.product_template_493_90825579","GUBIA","0.0","0.0","0.0","product.product_category_all","0.0","359.73","33260-24","1","Almacenable","uom.product_uom_unit","COMPONENTES ELECTRONICOS"
"__export__.product_template_567_e7fe5cdb","GW30NC60VD","0.0","0.0","0.0","product.product_category_all","0.0","1.0","120-GW30NC60VD","1","Almacenable","uom.product_uom_unit","COMPONENTES ELECTRONICOS"
"__export__.product_template_766_2795e204","Gabinete modular","0.0","0.0","0.0","__export__.product_category_37_9129b434","0.0","1.0","GABMODULAR Serie EH9500","1","Almacenable","uom.product_uom_unit","COMPONENTES ELECTRONICOS / UPS"
"__export__.product_template_768_846d00cd","Gabinete para 64 piezas de 12V 33AH","0.0","0.0","0.0","__export__.product_category_37_9129b434","0.0","1.0","C-32","1","Almacenable","uom.product_uom_unit","COMPONENTES ELECTRONICOS / UPS"
"__export__.product_template_79_2a82ec00","Grabador Philips M1116B","1.0","1.0","1.0","__export__.product_category_18_b1b22fd8","0.0","4200.0","M1116B","1","Almacenable","uom.product_uom_unit","COMPONENTES ELECTRONICOS / Accesorios y piezas por categoría"
"__export__.product_template_386_1a000813","H11 A1 C639","0.0","0.0","0.0","product.product_category_all","0.0","1.0","C639","1","Almacenable","uom.product_uom_unit","COMPONENTES ELECTRONICOS"
"__export__.product_template_834_65025c22","H11A1","0.0","0.0","0.0","product.product_category_all","0.0","1.0","782-H11A1","1","Almacenable","uom.product_uom_unit","COMPONENTES ELECTRONICOS"
"__export__.product_template_452_9ece8a5c","HAL 2420UT-A","0.0","0.0","0.0","product.product_category_all","0.0","1.0","","1","Almacenable","uom.product_uom_unit","COMPONENTES ELECTRONICOS"
"__export__.product_template_454_09ae2ff3","HAL1002UT-A","0.0","0.0","0.0","product.product_category_all","0.0","1.0","486-HAL1002UT-A","1","Almacenable","uom.product_uom_unit","COMPONENTES ELECTRONICOS"
"__export__.product_template_940_e176150f","HCPL- 3120","0.0","0.0","0.0","product.product_category_all","0.0","1.0","880- HCPL 3120","1","Almacenable","uom.product_uom_unit","COMPONENTES ELECTRONICOS"
"__export__.product_template_833_5ee5a736","HCPL-2731","0.0","0.0","0.0","product.product_category_all","0.0","1.0","512-HCPL-2731","1","Almacenable","uom.product_uom_unit","COMPONENTES ELECTRONICOS"
"__export__.product_template_565_07a4370b","HCPL-3700","0.0","0.0","0.0","product.product_category_all","0.0","1.0","512-HCPL3700","1","Almacenable","uom.product_uom_unit","COMPONENTES ELECTRONICOS"
"__export__.product_template_456_90c6e7e9","HEF40106BTD-T","0.0","0.0","0.0","product.product_category_all","0.0","1.0","771-HEF40106BTD-T","1","Almacenable","uom.product_uom_unit","COMPONENTES ELECTRONICOS"
"__export__.product_template_1129_c7b69bf3","HEF4043BT","0.0","0.0","0.0","product.product_category_all","0.0","1.0","556-HEF4043BT","1","Almacenable","uom.product_uom_unit","COMPONENTES ELECTRONICOS"
"__export__.product_template_1157_e73f598c","HFBR-2412TZ","0.0","0.0","0.0","product.product_category_all","0.0","1.0","776-HFBR-2412TZ","1","Almacenable","uom.product_uom_unit","COMPONENTES ELECTRONICOS"
"__export__.product_template_965_0225ee25","HJR1-2C-L-24V.","0.0","0.0","0.0","product.product_category_all","0.0","1.0","893-HJR1-2C-L-24V.","1","Almacenable","uom.product_uom_unit","COMPONENTES ELECTRONICOS"
"__export__.product_template_383_7ba24fa8","HLMP-2450","0.0","0.0","0.0","product.product_category_all","0.0","1.0","630-HLMP-2450","1","Almacenable","uom.product_uom_unit","COMPONENTES ELECTRONICOS"
"__export__.product_template_874_ec382f4a","HN27C101AP","0.0","0.0","0.0","product.product_category_all","0.0","1.0","275-27C101AP","1","Almacenable","uom.product_uom_unit","COMPONENTES ELECTRONICOS"
"__export__.product_template_942_902705ff","HP 2731","0.0","0.0","0.0","product.product_category_all","0.0","1.0","778-HP 2731","1","Almacenable","uom.product_uom_unit","COMPONENTES ELECTRONICOS"
"__export__.product_template_1234_f63bc22c","Hoja de sierra fundida de acero inoxidable de repuesto","0.0","0.0","0.0","product.product_category_1","0.0","1.0","STB045SPLP","1","Almacenable","uom.product_uom_unit","Producto"
"__export__.product_template_99_13971726","Humidificador Activo Fisher & paykel","2.0","2.0","2.0","product.product_category_all","0.0","38000.0","MR850","1","Almacenable","uom.product_uom_unit","COMPONENTES ELECTRONICOS"
"__export__.product_template_68_085e29cd","Humidificador Bubble","301.0","301.0","301.0","product.product_category_all","0.0","250.0","64377","1","Almacenable","uom.product_uom_unit","COMPONENTES ELECTRONICOS"
"__export__.product_template_67_577d6c52","Humidificador MADA","'-3.0","'-3.0","'-3.0","product.product_category_all","0.0","240.0","1304B","1","Almacenable","uom.product_uom_unit","COMPONENTES ELECTRONICOS"
"__export__.product_template_1176_664aec3c","ILD615-3","0.0","0.0","0.0","product.product_category_all","0.0","1.0","778-ILD615-3","1","Almacenable","uom.product_uom_unit","COMPONENTES ELECTRONICOS"
"__export__.product_template_129_ad71ee96","IMAGEN ACÚSTICA 14 TCLA Transductor de ultrasonido","1.0","1.0","1.0","__export__.product_category_15_390d88ab","0.0","3500.0","14 TCLA","1","Almacenable","uom.product_uom_unit","COMPONENTES ELECTRONICOS / Accesorios por tipo / Sondas y transductores"
"__export__.product_template_231_563b1e0d","IMPRESORA DIGITAL","0.0","0.0","0.0","product.product_category_all","0.0","10500.0","IDFJFM","1","Almacenable","uom.product_uom_unit","COMPONENTES ELECTRONICOS"
"__export__.product_template_232_44b56437","IMPRESORA LASER DE PLACA","0.0","0.0","0.0","product.product_category_all","0.0","325000.0","AGFA DRYSTAR AXYS 5367/100","1","Almacenable","uom.product_uom_unit","COMPONENTES ELECTRONICOS"
"__export__.product_template_652_594f2493","INCUBADORA PARA INFANTE","0.0","0.0","0.0","product.product_category_all","0.0","437500.0","YP-2800B","1","Almacenable","uom.product_uom_unit","COMPONENTES ELECTRONICOS"
"__export__.product_template_685_008f8ca4","INFUSIÓN RACK","0.0","0.0","0.0","product.product_category_all","0.0","2513.04","AM-IR","1","Almacenable","uom.product_uom_unit","COMPONENTES ELECTRONICOS"
"__export__.product_template_663_d7eee4a9","INSUFLADOR MANUAL  NEO-I","0.0","0.0","0.0","product.product_category_all","0.0","38500.0","NEO-I","1","Almacenable","uom.product_uom_unit","COMPONENTES ELECTRONICOS"
"__export__.product_template_662_0d71f8c0","INSUFLADOR MANUAL  NEO-II","0.0","0.0","0.0","product.product_category_all","0.0","113000.0","NEO-II","1","Almacenable","uom.product_uom_unit","COMPONENTES ELECTRONICOS"
"__export__.product_template_618_c52347b7","INTERRUPTOR CON LUZ DE ENCENDIDO","0.0","0.0","0.0","product.product_category_all","0.0","1.0","12V20A","1","Almacenable","uom.product_uom_unit","COMPONENTES ELECTRONICOS"
"__export__.product_template_424_da09f049","INTERRUPTOR DE LLAVE ENCENDIDO/ APAGADO","0.0","0.0","0.0","product.product_category_all","0.0","6800.0","KEY-AMX 4","1","Almacenable","uom.product_uom_unit","COMPONENTES ELECTRONICOS"
"__export__.product_template_333_b3e7e6a9","INTERRUPTOR DE PALANCA","0.0","0.0","0.0","product.product_category_all","0.0","950.0","200-500","1","Almacenable","uom.product_uom_unit","COMPONENTES ELECTRONICOS"
"__export__.product_template_412_b15b7ae2","INTERUPTOR MANUAL DE RAYOS X","0.0","0.0","0.0","product.product_category_all","0.0","10500.0","AMX-4-LO","1","Almacenable","uom.product_uom_unit","COMPONENTES ELECTRONICOS"
"__export__.product_template_458_952b5186","IR2121","0.0","0.0","0.0","product.product_category_all","0.0","1.0","762-IR2121","1","Almacenable","uom.product_uom_unit","COMPONENTES ELECTRONICOS"
"__export__.product_template_566_42c2cf9d","IR2121PBF","0.0","0.0","0.0","product.product_category_all","0.0","1.0","IR2121PBF","1","Almacenable","uom.product_uom_unit","COMPONENTES ELECTRONICOS"
"__export__.product_template_1171_f2b871ac","IRF131","0.0","0.0","0.0","product.product_category_all","0.0","1.0","773-IRF131","1","Almacenable","uom.product_uom_unit","COMPONENTES ELECTRONICOS"
"__export__.product_template_1175_abe9ad5a","IRF332","0.0","0.0","0.0","product.product_category_all","0.0","1.0","834-IRF332","1","Almacenable","uom.product_uom_unit","COMPONENTES ELECTRONICOS"
"__export__.product_template_708_e32c1987","IRF350","0.0","0.0","0.0","product.product_category_all","0.0","1.0","443-IRF350","1","Almacenable","uom.product_uom_unit","COMPONENTES ELECTRONICOS"
"__export__.product_template_1107_5a6fccfe","IRF530PBF","0.0","0.0","0.0","product.product_category_all","0.0","1.0","962-IRF530PBF","1","Almacenable","uom.product_uom_unit","COMPONENTES ELECTRONICOS"
"__export__.product_template_1101_1e3fff86","IRF540N","0.0","0.0","0.0","product.product_category_all","0.0","1.0","650-IRF540N","1","Almacenable","uom.product_uom_unit","COMPONENTES ELECTRONICOS"
"__export__.product_template_515_816fe945","IRF641","0.0","0.0","0.0","product.product_category_all","0.0","1.0","778-IRF641","1","Almacenable","uom.product_uom_unit","COMPONENTES ELECTRONICOS"
"__export__.product_template_496_1087c0b5","IRF840","0.0","0.0","0.0","product.product_category_all","0.0","1.0","640-IRF840","1","Almacenable","uom.product_uom_unit","COMPONENTES ELECTRONICOS"
"__export__.product_template_1115_6015c7c5","IRF840AL","0.0","0.0","0.0","product.product_category_all","0.0","1.0","684-IRF840AL","1","Almacenable","uom.product_uom_unit","COMPONENTES ELECTRONICOS"
"__export__.product_template_970_902f783c","IRF840S","0.0","0.0","0.0","product.product_category_all","0.0","1.0","844-IRF840S","1","Almacenable","uom.product_uom_unit","COMPONENTES ELECTRONICOS"
"__export__.product_template_497_440b9729","IRF9530","0.0","0.0","0.0","product.product_category_all","0.0","1.0","776-IRF9530","1","Almacenable","uom.product_uom_unit","COMPONENTES ELECTRONICOS"
"__export__.product_template_1217_03995cee","IRFR9010","0.0","0.0","0.0","product.product_category_all","0.0","1.0","667-FR9010","1","Almacenable","uom.product_uom_unit","COMPONENTES ELECTRONICOS"
"__export__.product_template_911_e17deace","IRGP4063D","0.0","0.0","0.0","product.product_category_all","0.0","1.0","824-GP4063D","1","Almacenable","uom.product_uom_unit","COMPONENTES ELECTRONICOS"
"__export__.product_template_534_d2178905","ITEM","0.0","0.0","0.0","product.product_category_all","0.0","1.0","0000","1","Almacenable","uom.product_uom_unit","COMPONENTES ELECTRONICOS"
"__export__.product_template_1205_3be90ae6","IXFK32N100P","0.0","0.0","0.0","product.product_category_all","0.0","1.0","747-IXFK32N100P","1","Almacenable","uom.product_uom_unit","COMPONENTES ELECTRONICOS"
"__export__.product_template_1231_bbbccf10","IXFN32N120P","0.0","0.0","0.0","product.product_category_all","0.0","1.0","IXFN32N120P-ND","1","Consumible","uom.product_uom_unit","COMPONENTES ELECTRONICOS"
"__export__.product_template_1200_986657f6","IXFN40N90P-ND","0.0","0.0","0.0","product.product_category_all","0.0","1.0","238-IXFN40N90P-ND / 238-IFN40N90P-ND","1","Almacenable","uom.product_uom_unit","COMPONENTES ELECTRONICOS"
"__export__.product_template_1206_24c34ee3","IXFN56N90P-ND","0.0","0.0","0.0","product.product_category_all","0.0","1.0","629-IXFN56N90P / IXFN56N90P-ND","1","Almacenable","uom.product_uom_unit","COMPONENTES ELECTRONICOS"
"__export__.product_template_269_496188b3","Impresora DRYSTAR Axys","0.0","0.0","0.0","product.product_category_all","0.0","230000.0","5367/100","1","Almacenable","uom.product_uom_unit","COMPONENTES ELECTRONICOS"
"__export__.product_template_822_85b397a8","Impresora DRYSTAR AxysDescripción 5367/100","0.0","0.0","0.0","product.product_category_all","0.0","0.0","","1","Consumible","uom.product_uom_unit","COMPONENTES ELECTRONICOS"
"__export__.product_template_775_3a07dc5d","Impresora grafica digital Sony","0.0","0.0","0.0","product.product_category_all","0.0","30434.78","UP-D897","1","Consumible","uom.product_uom_unit","COMPONENTES ELECTRONICOS"
"__export__.product_template_717_7f343a46","Impresora lifepak 12 horizontal","0.0","0.0","0.0","product.product_category_all","0.0","38500.0","","1","Almacenable","uom.product_uom_unit","COMPONENTES ELECTRONICOS"
"__export__.product_template_733_680357b7","Impresora térmica HQ-430DY","0.0","0.0","0.0","product.product_category_all","0.0","195000.0","HQ-430DY","1","Almacenable","uom.product_uom_unit","COMPONENTES ELECTRONICOS"
"__export__.product_template_1072_68b2279d","Interruptor AC","0.0","0.0","0.0","product.product_category_all","0.0","1.0","872-Interruptor AC","1","Almacenable","uom.product_uom_unit","COMPONENTES ELECTRONICOS"
"__export__.product_template_1010_53bc8192","Interruptores","0.0","0.0","0.0","__export__.product_category_13_34b08912","0.0","1.0","775","1","Almacenable","uom.product_uom_unit","COMPONENTES ELECTRONICOS / Accesorios por tipo / Cables y conductores de ECG"
"__export__.product_template_275_46771868","Isotemp Fisher Scientific","0.0","0.0","0.0","product.product_category_all","0.0","0.0","2050FS","1","Almacenable","uom.product_uom_unit","COMPONENTES ELECTRONICOS"
"__export__.product_template_968_f28ab396","J3Y","0.0","0.0","0.0","product.product_category_all","0.0","1.0","633-J3Y","1","Almacenable","uom.product_uom_unit","COMPONENTES ELECTRONICOS"
"__export__.product_template_1160_b5160005","JC24V20WG4","0.0","0.0","0.0","product.product_category_all","0.0","1.0","899-JC24V20WG4","1","Almacenable","uom.product_uom_unit","COMPONENTES ELECTRONICOS"
"__export__.product_template_964_fbd0e5d2","JQC-3FF012-1ZS","0.0","0.0","0.0","product.product_category_all","0.0","1.0","272-JQC-3FF012-1ZS","1","Almacenable","uom.product_uom_unit","COMPONENTES ELECTRONICOS"
"__export__.product_template_485_f732e756","JUEGO DE PALETAS DE CARBONO","0.0","0.0","0.0","product.product_category_all","0.0","1.0","90136701005","1","Almacenable","uom.product_uom_unit","COMPONENTES ELECTRONICOS"
"__export__.product_template_175_cf14e759","Juego de Cables Covidien","4.0","4.0","4.0","product.product_category_all","0.0","1700.0","33135T","1","Almacenable","uom.product_uom_unit","COMPONENTES ELECTRONICOS"
"__export__.product_template_564_3a2e58fc","K25T120","0.0","0.0","0.0","product.product_category_all","0.0","1.0","220-K25T120","1","Almacenable","uom.product_uom_unit","COMPONENTES ELECTRONICOS"
"__export__.product_template_913_418e0944","K50EH5","0.0","0.0","0.0","product.product_category_all","0.0","1.0","371-K50EH5","1","Almacenable","uom.product_uom_unit","COMPONENTES ELECTRONICOS"
"__export__.product_template_1114_74717118","K75EEH5","0.0","0.0","0.0","product.product_category_all","0.0","1.0","247-K75EEH5","1","Almacenable","uom.product_uom_unit","COMPONENTES ELECTRONICOS"
"__export__.product_template_1116_9bd53604","KBPC1504","0.0","0.0","0.0","product.product_category_all","0.0","1.0","845-KBPC1504","1","Almacenable","uom.product_uom_unit","COMPONENTES ELECTRONICOS"
"__export__.product_template_1211_f58d56ff","KBPC305","0.0","0.0","0.0","product.product_category_all","0.0","1.0","667-KBPC305","1","Almacenable","uom.product_uom_unit","COMPONENTES ELECTRONICOS"
"__export__.product_template_332_60f57de6","KEYPAD ELECTROCAUTERIO VALLEYLAB FORCE 2","0.0","0.0","0.0","product.product_category_all","0.0","8700.0","207-500-667","1","Almacenable","uom.product_uom_unit","COMPONENTES ELECTRONICOS"
"__export__.product_template_395_d19d6824","KHAU-17A16-120","0.0","0.0","0.0","product.product_category_all","0.0","1.0","RELAY","1","Almacenable","uom.product_uom_unit","COMPONENTES ELECTRONICOS"
"__export__.product_template_270_e514ae64","KIT PARA AIRVO2","0.0","0.0","0.0","product.product_category_all","0.0","9500.0","KIT AIRVO2","1","Almacenable","uom.product_uom_unit","COMPONENTES ELECTRONICOS"
"__export__.product_template_556_26d1c53f","Kit surtido de condensadores electrolíticos","0.0","0.0","0.0","product.product_category_all","0.0","1.0","","1","Almacenable","uom.product_uom_unit","COMPONENTES ELECTRONICOS"
"__export__.product_template_288_e968901b","L7812CV","0.0","0.0","0.0","product.product_category_all","0.0","1.0","511-L7812CV","1","Almacenable","uom.product_uom_unit","COMPONENTES ELECTRONICOS"
"__export__.product_template_855_d782229f","L7815CV","0.0","0.0","0.0","product.product_category_all","0.0","1.0","511-L7815CV","1","Almacenable","uom.product_uom_unit","COMPONENTES ELECTRONICOS"
"__export__.product_template_331_96b89399","LAMPARA AMSCO STERIS","0.0","0.0","0.0","product.product_category_all","0.0","138500.0","SQ240","1","Almacenable","uom.product_uom_unit","COMPONENTES ELECTRONICOS"
"__export__.product_template_246_ec3f01e1","LAMPARA CIELITICA","0.0","0.0","0.0","product.product_category_all","0.0","5500.0","","1","Almacenable","uom.product_uom_unit","COMPONENTES ELECTRONICOS"
"__export__.product_template_679_31c3e312","LAMPARA DE CABEZAL PARA DORMITORIO HORIZOTAL","0.0","0.0","0.0","product.product_category_all","0.0","21195.66","NTC800","1","Almacenable","uom.product_uom_unit","COMPONENTES ELECTRONICOS"
"__export__.product_template_258_e35f696f","LAMPARAS DE EXAMINACION","0.0","0.0","0.0","product.product_category_all","0.0","1.0","WELCHALLYN LAMP","1","Almacenable","uom.product_uom_unit","COMPONENTES ELECTRONICOS"
"__export__.product_template_476_f5198f9e","LAPIZ MONOPOLAR SYMMETRY OLSEN","0.0","0.0","0.0","product.product_category_all","0.0","600.0","LP-50-102","1","Almacenable","uom.product_uom_unit","COMPONENTES ELECTRONICOS"
"__export__.product_template_475_a122ccb3","LAPIZ QUIRURGICO DeRoyal","0.0","0.0","0.0","product.product_category_all","0.0","1.0","88-000001","1","Almacenable","uom.product_uom_unit","COMPONENTES ELECTRONICOS"
"__export__.product_template_846_b72a4d4f","LF347M","0.0","0.0","0.0","product.product_category_all","0.0","1.0","926-LF347M","1","Almacenable","uom.product_uom_unit","COMPONENTES ELECTRONICOS"
"__export__.product_template_860_be20fa9d","LF356H","0.0","0.0","0.0","product.product_category_all","0.0","1.0","926-LF356H","1","Almacenable","uom.product_uom_unit","COMPONENTES ELECTRONICOS"
"__export__.product_template_192_102fef7a","LIFEPAK 12","0.0","0.0","0.0","product.product_category_all","0.0","155000.0","VLP12-02-003147","1","Almacenable","uom.product_uom_unit","COMPONENTES ELECTRONICOS"
"__export__.product_template_52_ddf511a6","LIFEPAK 20","1.0","1.0","1.0","__export__.product_category_21_b8ef4706","0.0","120000.0","3202487","1","Almacenable","uom.product_uom_unit","COMPONENTES ELECTRONICOS / Accesorios y piezas por categoría / Desfibriladores"
"__export__.product_template_933_54752f00","LL4148","0.0","0.0","0.0","product.product_category_all","0.0","1.0","728-LL4148","1","Almacenable","uom.product_uom_unit","COMPONENTES ELECTRONICOS"
"__export__.product_template_284_60642191","LM 317T","0.0","0.0","0.0","product.product_category_all","0.0","1.0","317T","1","Almacenable","uom.product_uom_unit","COMPONENTES ELECTRONICOS"
"__export__.product_template_498_6a72e297","LM1458N","0.0","0.0","0.0","product.product_category_all","0.0","1.0","926-LM1458N","1","Almacenable","uom.product_uom_unit","COMPONENTES ELECTRONICOS"
"__export__.product_template_1152_e9f0ad2a","LM217-N","0.0","0.0","0.0","product.product_category_all","0.0","1.0","558-LM217-N","1","Almacenable","uom.product_uom_unit","COMPONENTES ELECTRONICOS"
"__export__.product_template_1108_9cd3e9fc","LM2902N","0.0","0.0","0.0","product.product_category_all","0.0","1.0","996-LM2902N","1","Almacenable","uom.product_uom_unit","COMPONENTES ELECTRONICOS"
"__export__.product_template_448_357e2f09","LM2904DT","0.0","0.0","0.0","product.product_category_all","0.0","1.0","511-LM2904DT","1","Almacenable","uom.product_uom_unit","COMPONENTES ELECTRONICOS"
"__export__.product_template_1122_179d3301","LM2917N","0.0","0.0","0.0","product.product_category_all","0.0","1.0","567-LM2917N","1","Almacenable","uom.product_uom_unit","COMPONENTES ELECTRONICOS"
"__export__.product_template_861_32cb305f","LM2940CT","0.0","0.0","0.0","product.product_category_all","0.0","1.0","268-LM2940CT","1","Almacenable","uom.product_uom_unit","COMPONENTES ELECTRONICOS"
"__export__.product_template_1201_464e77c4","LM306P","0.0","0.0","0.0","product.product_category_all","0.0","1.0","296-LM306P / 296-138-5-ND","1","Almacenable","uom.product_uom_unit","COMPONENTES ELECTRONICOS"
"__export__.product_template_390_22d25462","LM308N","0.0","0.0","0.0","product.product_category_all","0.0","1.0","LM308M","1","Almacenable","uom.product_uom_unit","COMPONENTES ELECTRONICOS"
"__export__.product_template_832_64265064","LM311P","0.0","0.0","0.0","product.product_category_all","0.0","1.0","595-LM311P","1","Almacenable","uom.product_uom_unit","COMPONENTES ELECTRONICOS"
"__export__.product_template_457_b22e0bdf","LM317T","0.0","0.0","0.0","product.product_category_all","0.0","1.0","511-317T","1","Almacenable","uom.product_uom_unit","COMPONENTES ELECTRONICOS"
"__export__.product_template_947_3304d805","LM318","0.0","0.0","0.0","product.product_category_all","0.0","1.0","842-LM318","1","Almacenable","uom.product_uom_unit","COMPONENTES ELECTRONICOS"
"__export__.product_template_1209_b0080443","LM318N","0.0","0.0","0.0","product.product_category_all","0.0","1.0","667-LM318N","1","Almacenable","uom.product_uom_unit","COMPONENTES ELECTRONICOS"
"__export__.product_template_1145_3f2dc389","LM319","0.0","0.0","0.0","product.product_category_all","0.0","1.0","332-LM319","1","Almacenable","uom.product_uom_unit","COMPONENTES ELECTRONICOS"
"__export__.product_template_389_a40dff71","LM324N","0.0","0.0","0.0","product.product_category_all","0.0","1.0","595-LM324N","1","Almacenable","uom.product_uom_unit","COMPONENTES ELECTRONICOS"
"__export__.product_template_845_84678831","LM336LPR-2.5","0.0","0.0","0.0","product.product_category_all","0.0","1.0","595-LM336LPR-2.5","1","Almacenable","uom.product_uom_unit","COMPONENTES ELECTRONICOS"
"__export__.product_template_731_66dd2b8a","LM336MX","0.0","0.0","0.0","product.product_category_all","0.0","1.0","LM336MX-2.5","1","Almacenable","uom.product_uom_unit","COMPONENTES ELECTRONICOS"
"__export__.product_template_732_cf18cc9b","LM336MX 5.0","0.0","0.0","0.0","product.product_category_all","0.0","1.0","LM336MX 5.0","1","Almacenable","uom.product_uom_unit","COMPONENTES ELECTRONICOS"
"__export__.product_template_843_398a4288","LM336Z-2.5","0.0","0.0","0.0","product.product_category_all","0.0","1.0","926-LM336Z-2.5","1","Almacenable","uom.product_uom_unit","COMPONENTES ELECTRONICOS"
"__export__.product_template_1138_70fe768d","LM339","0.0","0.0","0.0","product.product_category_all","0.0","1.0","894-LM339","1","Almacenable","uom.product_uom_unit","COMPONENTES ELECTRONICOS"
"__export__.product_template_1228_b21cd01b","LM339DR","0.0","0.0","0.0","product.product_category_all","0.0","1.0","296-1013-1-ND","1","Almacenable","uom.product_uom_unit","COMPONENTES ELECTRONICOS"
"__export__.product_template_1230_e07c85e0","LM339N","0.0","0.0","0.0","product.product_category_all","0.0","1.0","296-1393-5-ND","1","Consumible","uom.product_uom_unit","COMPONENTES ELECTRONICOS"
"__export__.product_template_879_4d0d8b1d","LM348N","0.0","0.0","0.0","product.product_category_all","0.0","1.0","595-LM348N","1","Almacenable","uom.product_uom_unit","COMPONENTES ELECTRONICOS"
"__export__.product_template_873_c9bccfe8","LM358AN","0.0","0.0","0.0","product.product_category_all","0.0","1.0","926-LM358AN","1","Almacenable","uom.product_uom_unit","COMPONENTES ELECTRONICOS"
"__export__.product_template_872_8951b334","LM393N","0.0","0.0","0.0","product.product_category_all","0.0","1.0","926-LM393N / LM393NNS/NOPB-ND","1","Almacenable","uom.product_uom_unit","COMPONENTES ELECTRONICOS"
"__export__.product_template_391_d682abd5","LM556CN","0.0","0.0","0.0","product.product_category_all","0.0","1.0","926-LM556CN","1","Almacenable","uom.product_uom_unit","COMPONENTES ELECTRONICOS"
"__export__.product_template_392_2e27a476","LM741CN","0.0","0.0","0.0","product.product_category_all","0.0","1.0","926-LM741CN","1","Almacenable","uom.product_uom_unit","COMPONENTES ELECTRONICOS"
"__export__.product_template_401_2865b4ef","LM7905C","0.0","0.0","0.0","product.product_category_all","0.0","1.0","512-LM7905C","1","Almacenable","uom.product_uom_unit","COMPONENTES ELECTRONICOS"
"__export__.product_template_9_08c4d6a7","LNC Ext","1.0","1.0","1.0","__export__.product_category_32_34659fcb","0.0","2400.0","11171-000027","1","Almacenable","uom.product_uom_unit","COMPONENTES ELECTRONICOS / Accesorios por tipo / Sensores y cables de SpO2"
"__export__.product_template_30_93c90345","LNC GE EXT","7.0","7.0","7.0","__export__.product_category_32_34659fcb","0.0","4200.0","LNC GE  2430","1","Almacenable","uom.product_uom_unit","COMPONENTES ELECTRONICOS / Accesorios por tipo / Sensores y cables de SpO2"
"__export__.product_template_16_6bc5e09c","LNC-04 Ext Masimo","6.0","6.0","6.0","__export__.product_category_11_74b95fca","0.0","5600.0","2523 M- LNCS","1","Almacenable","uom.product_uom_unit","COMPONENTES ELECTRONICOS / Accesorios por tipo / Sensores y cables de CO2"
"__export__.product_template_5_22de8606","LNCS Neo-3","20.0","20.0","20.0","__export__.product_category_5_dfcef8d2","0.0","1600.0","LNCS Neo-3","1","Almacenable","uom.product_uom_unit","COMPONENTES ELECTRONICOS / Sensores"
"__export__.product_template_10_8256a8f4","LNCS NeoPt-3","23.0","23.0","23.0","__export__.product_category_5_dfcef8d2","0.0","1800.0","FME-37129","1","Almacenable","uom.product_uom_unit","COMPONENTES ELECTRONICOS / Sensores"
"__export__.product_template_11_8e7f500b","LNOP Neo-L","2.0","2.0","2.0","__export__.product_category_5_dfcef8d2","0.0","1600.0","MASIMO 1798","1","Almacenable","uom.product_uom_unit","COMPONENTES ELECTRONICOS / Sensores"
"__export__.product_template_1136_16177a25","LT1078","0.0","0.0","0.0","product.product_category_all","0.0","1.0","236-LT1078","1","Almacenable","uom.product_uom_unit","COMPONENTES ELECTRONICOS"
"__export__.product_template_1204_ea6e25ac","LTC1044CN8","0.0","0.0","0.0","product.product_category_all","0.0","1.0","505-LTC1044CN8 / 505-LTC1044CN8#PBF-ND","1","Almacenable","uom.product_uom_unit","COMPONENTES ELECTRONICOS"
"__export__.product_template_434_81aa1f49","Lamina de plomo 1.0mm","0.0","0.0","0.0","product.product_category_all","0.0","12787.5","1.10X 5 Mts Grosor 1.0mm","1","Almacenable","uom.product_uom_unit","COMPONENTES ELECTRONICOS"
"__export__.product_template_696_771d2a6e","Lamina de plomo 1.5mm","0.0","0.0","0.0","product.product_category_all","0.0","19181.25","1.10x5mts Grosor 1.5mm","1","Consumible","uom.product_uom_unit","COMPONENTES ELECTRONICOS"
"__export__.product_template_35_8a9efad8","Lampara Halogena","4.0","4.0","4.0","product.product_category_all","0.0","400.0","8711500430823","1","Almacenable","uom.product_uom_unit","COMPONENTES ELECTRONICOS"
"__export__.product_template_809_ecc70544","Lampara cialítica de techo AM-700/500LED AMCAREMED","0.0","0.0","0.0","product.product_category_all","0.0","160869.56","AM-700/500LED","1","Almacenable","uom.product_uom_unit","COMPONENTES ELECTRONICOS"
"__export__.product_template_151_6b041972","Lampara de XENÓN","1.0","1.0","1.0","product.product_category_1","0.0","8500.0","PE300BF","1","Almacenable","uom.product_uom_unit","Producto"
"__export__.product_template_683_04604e93","Lampara para quirófano led de dos cabezales","0.0","0.0","0.0","product.product_category_all","0.0","186522.0","AM02-3+4","1","Almacenable","uom.product_uom_unit","COMPONENTES ELECTRONICOS"
"__export__.product_template_741_d1ff2d51","Lampara para quirófano led de un cabezal","0.0","0.0","0.0","__export__.product_category_28_78f849c6","0.0","117826.09","AM02-LED4","1","Almacenable","uom.product_uom_unit","COMPONENTES ELECTRONICOS / Accesorios y piezas por categoría / Mesas Quirúrgicas"
"__export__.product_template_414_ee06e992","Lance de Aislante térmico (Armaflex) 1/2","0.0","0.0","0.0","product.product_category_all","0.0","48.0","1/2","1","Almacenable","uom.product_uom_unit","COMPONENTES ELECTRONICOS"
"__export__.product_template_415_a47c00a4","Lance de Aislante térmico (Armaflex) 1/4","0.0","0.0","0.0","product.product_category_all","0.0","48.0","1/4","1","Almacenable","uom.product_uom_unit","COMPONENTES ELECTRONICOS"
"__export__.product_template_339_8c7018c0","Lance de Aislante térmico (Armaflex) 3/8","0.0","0.0","0.0","product.product_category_all","0.0","48.0","3/8-Arm","1","Almacenable","uom.product_uom_unit","COMPONENTES ELECTRONICOS"
"__export__.product_template_338_941a0ab4","Lance de Aislante térmico (Armaflex) 5/8","0.0","0.0","0.0","product.product_category_all","0.0","67.0","5/8-Arm","1","Almacenable","uom.product_uom_unit","COMPONENTES ELECTRONICOS"
"__export__.product_template_340_198d2047","Lance de PVC 1/2","0.0","0.0","0.0","product.product_category_all","0.0","135.0","","1","Almacenable","uom.product_uom_unit","COMPONENTES ELECTRONICOS"
"__export__.product_template_323_1f207a58","Latiguillos Fibra Óptica Monomodo Amarillos","0.0","0.0","0.0","product.product_category_all","0.0","1.0","9/125 LC/UPC","1","Almacenable","uom.product_uom_unit","COMPONENTES ELECTRONICOS"
"__export__.product_template_322_c79304fe","Latiguillos/ dúplex multimodo LC a LC, 3M","0.0","0.0","0.0","product.product_category_all","0.0","1.0","17-8170z0-003MO","1","Almacenable","uom.product_uom_unit","COMPONENTES ELECTRONICOS"
"__export__.product_template_96_1f787921","Lentes Nikon","4.0","4.0","4.0","product.product_category_all","0.0","8000.0","","1","Almacenable","uom.product_uom_unit","COMPONENTES ELECTRONICOS"
"__export__.product_template_321_f02f2211","LÁPIZ ELECTROQUIRÚRGICO","0.0","0.0","0.0","product.product_category_all","0.0","250.0","E2516","1","Almacenable","uom.product_uom_unit","COMPONENTES ELECTRONICOS"
"__export__.product_template_199_be28f91b","Lámpara de funcionamiento","1.0","1.0","1.0","product.product_category_1","0.0","280000.0","AM02-LED","1","Almacenable","uom.product_uom_unit","Producto"
"__export__.product_template_25_f4376ce7","Lámpara halógena Welch Allyn","14.0","14.0","14.0","__export__.product_category_18_b1b22fd8","0.0","1159.0","901000","1","Almacenable","uom.product_uom_unit","COMPONENTES ELECTRONICOS / Accesorios y piezas por categoría"
"__export__.product_template_898_26043055","Lámpara quirugica de un solo cabezal de techo Marca: Amcaremed Model:AM-700LED","0.0","0.0","0.0","product.product_category_1","0.0","95000.0","AM700LED","1","Almacenable","uom.product_uom_unit","Producto"
"__export__.product_template_773_b626b0d6","Lámpara quirúrgica de dos cabezales Modelo:AM500","0.0","0.0","0.0","product.product_category_all","0.0","159800.0","AM500","1","Almacenable","uom.product_uom_unit","COMPONENTES ELECTRONICOS"
"__export__.product_template_772_2215eea3","Lámpara quirúrgica de dos cabezales modelo  AM700","0.0","0.0","0.0","product.product_category_all","0.0","178125.0","AM700","1","Almacenable","uom.product_uom_unit","COMPONENTES ELECTRONICOS"
"__export__.product_template_897_db05344f","Lámpara quirúrgica un solo cabezal  Marca:Amcaremed Modelo: AM-500LED","0.0","0.0","0.0","product.product_category_1","0.0","90000.0","AM-500LED","1","Almacenable","uom.product_uom_unit","Producto"
"__export__.product_template_312_e197df58","Línea de muestreo de gas Hudson Macho/Macho","0.0","0.0","0.0","product.product_category_all","0.0","1500.0","M1658A-010","1","Almacenable","uom.product_uom_unit","COMPONENTES ELECTRONICOS"
"__export__.product_template_919_79ac6eb0","M1","0.0","0.0","0.0","product.product_category_all","0.0","1.0","520-M1","1","Almacenable","uom.product_uom_unit","COMPONENTES ELECTRONICOS"
"__export__.product_template_920_639a526e","M4","0.0","0.0","0.0","product.product_category_all","0.0","1.0","521-M4","1","Almacenable","uom.product_uom_unit","COMPONENTES ELECTRONICOS"
"__export__.product_template_381_8f662b8b","M48Z02-200PC1","0.0","0.0","0.0","product.product_category_all","0.0","1.0","511-M48Z02-200PC1","1","Almacenable","uom.product_uom_unit","COMPONENTES ELECTRONICOS"
"__export__.product_template_914_cdc94ca6","M48Z02-70PC1","0.0","0.0","0.0","product.product_category_all","0.0","1.0","660-M48Z02-70PC1","1","Almacenable","uom.product_uom_unit","COMPONENTES ELECTRONICOS"
"__export__.product_template_1158_618d3b25","M4T28-BR12SH1","0.0","0.0","0.0","product.product_category_all","0.0","1.0","883-M4T28-BR12SHT","1","Almacenable","uom.product_uom_unit","COMPONENTES ELECTRONICOS"
"__export__.product_template_921_2ee9ef18","M7","0.0","0.0","0.0","product.product_category_all","0.0","1.0","528-M7","1","Almacenable","uom.product_uom_unit","COMPONENTES ELECTRONICOS"
"__export__.product_template_211_8ecbc972","MANOMETRO 0-15","'-2.0","'-2.0","'-2.0","__export__.product_category_10_cd64bdf9","0.0","1200.0","18302GN","1","Almacenable","uom.product_uom_unit","COMPONENTES ELECTRONICOS / Accesorios por tipo"
"__export__.product_template_623_da781a08","MANTENIMIENTO PREVENTIVO DE ULTRASONIDO MINDRAY 25 VET ","0.0","0.0","0.0","product.product_category_all","0.0","0.0","","1","Consumible","uom.product_uom_unit","COMPONENTES ELECTRONICOS"
"__export__.product_template_267_cd0db868","MANTENIMIENTOS DE AIRES ACONDICIONADOS","0.0","0.0","0.0","product.product_category_all","0.0","850.0","AIR","1","Almacenable","uom.product_uom_unit","COMPONENTES ELECTRONICOS"
"__export__.product_template_212_4f6c91ec","MAQUINA DE ANESTESIA G.E AESTIVA 5","0.0","0.0","0.0","__export__.product_category_19_43a331ff","0.0","420000.0","GE-AESTIVA5","1","Almacenable","uom.product_uom_unit","COMPONENTES ELECTRONICOS / Accesorios y piezas por categoría / Máquinas de anestesia"
"__export__.product_template_385_da293e79","MBR1635","0.0","0.0","0.0","product.product_category_all","0.0","1.0","885-MBR1635","1","Almacenable","uom.product_uom_unit","COMPONENTES ELECTRONICOS"
"__export__.product_template_953_bc2b5d94","MC14011B","0.0","0.0","0.0","product.product_category_all","0.0","1.0","792-MC14011B","1","Almacenable","uom.product_uom_unit","COMPONENTES ELECTRONICOS"
"__export__.product_template_1153_e8f2d79b","MC14051B","0.0","0.0","0.0","product.product_category_all","0.0","1.0","667-MC14051B","1","Almacenable","uom.product_uom_unit","COMPONENTES ELECTRONICOS"
"__export__.product_template_941_d2f49f87","MC14066B","0.0","0.0","0.0","product.product_category_all","0.0","1.0","967-MC14066B","1","Almacenable","uom.product_uom_unit","COMPONENTES ELECTRONICOS"
"__export__.product_template_938_92dc9e34","MC14081B","0.0","0.0","0.0","product.product_category_all","0.0","1.0","863-MC14081B","1","Almacenable","uom.product_uom_unit","COMPONENTES ELECTRONICOS"
"__export__.product_template_1225_83645083","MC1488P","0.0","0.0","0.0","product.product_category_all","0.0","1.0","478-MC1488P","1","Almacenable","uom.product_uom_unit","COMPONENTES ELECTRONICOS"
"__export__.product_template_397_0a21fdbd","MC3487N","0.0","0.0","0.0","product.product_category_all","0.0","1.0","595-MC3487N","1","Almacenable","uom.product_uom_unit","COMPONENTES ELECTRONICOS"
"__export__.product_template_432_93b645a9","MC74HC4078N","0.0","0.0","0.0","product.product_category_all","0.0","1.0","595-MC74HC4078N","1","Almacenable","uom.product_uom_unit","COMPONENTES ELECTRONICOS"
"__export__.product_template_287_8944a9de","MC7805CT","0.0","0.0","0.0","product.product_category_all","0.0","1.0","863-MC7805CT","1","Almacenable","uom.product_uom_unit","COMPONENTES ELECTRONICOS"
"__export__.product_template_289_2a1fdc04","MC7912BT","0.0","0.0","0.0","product.product_category_all","0.0","1.0","863-MC7912BT","1","Almacenable","uom.product_uom_unit","COMPONENTES ELECTRONICOS"
"__export__.product_template_365_3ee9e791","MEDIDOR DE PESO Y ALTURA WELCH ALLYN PELSTAR 402W","0.0","0.0","0.0","product.product_category_all","0.0","0.0","402WA02448","1","Almacenable","uom.product_uom_unit","COMPONENTES ELECTRONICOS"
"__export__.product_template_350_f1b1b1cf","MEDIDOR DE TEMPERATURA SURETEMP PLUS WELCH ALLYN","0.0","0.0","0.0","product.product_category_all","0.0","15000.0","16210581-16022373-22120315","1","Almacenable","uom.product_uom_unit","COMPONENTES ELECTRONICOS"
"__export__.product_template_228_6a4883f3","MEMBRANE DIAPHRAGM by Draeger","0.0","0.0","0.0","product.product_category_all","0.0","1.0","8410181","1","Almacenable","uom.product_uom_unit","COMPONENTES ELECTRONICOS"
"__export__.product_template_650_78e24096","MESA DE CAMA CON RUEDAS","0.0","0.0","0.0","product.product_category_all","0.0","7500.0","F-32-1 ( T-30)","1","Almacenable","uom.product_uom_unit","COMPONENTES ELECTRONICOS"
"__export__.product_template_262_fb1d3366","MESA PARA GINECOLOGIA","0.0","0.0","0.0","product.product_category_all","0.0","1.0","GINE","1","Almacenable","uom.product_uom_unit","COMPONENTES ELECTRONICOS"
"__export__.product_template_248_cd431403","MESA PARA PROCEDIMIENTOS DE ANGIOGRAFÍA Y FLUOROSCOPIA","0.0","0.0","0.0","product.product_category_all","0.0","7500.0","ME4 OEC9900","1","Almacenable","uom.product_uom_unit","COMPONENTES ELECTRONICOS"
"__export__.product_template_245_f6f4382e","MESA QUIRURGICA AMSCO","0.0","0.0","0.0","product.product_category_all","0.0","6700.0","AMSCO","1","Almacenable","uom.product_uom_unit","COMPONENTES ELECTRONICOS"
"__export__.product_template_326_2d8d9170","MESA QUIRURGICA AMSCO 3085 SP","0.0","0.0","0.0","product.product_category_all","0.0","240153.0","3085 SP","1","Almacenable","uom.product_uom_unit","COMPONENTES ELECTRONICOS"
"__export__.product_template_817_5908b3fb","MESA QUIRURGICA AMSCO 3085 SP PARA PACIENTE DE 454 KILOGRAMOS  ENTREGA INMEDIATA ","0.0","0.0","0.0","product.product_category_all","0.0","0.0","","1","Consumible","uom.product_uom_unit","COMPONENTES ELECTRONICOS"
"__export__.product_template_314_f2997d9d","MESA QUIRÚRGICA AMSCO","0.0","0.0","0.0","product.product_category_all","0.0","230000.0","2080RC","1","Almacenable","uom.product_uom_unit","COMPONENTES ELECTRONICOS"
"__export__.product_template_253_c876c048","MICROSCOPIO OLYMPUS","0.0","0.0","0.0","product.product_category_all","0.0","1.0","OLYCRO","1","Almacenable","uom.product_uom_unit","COMPONENTES ELECTRONICOS"
"__export__.product_template_710_a2916169","MICROSCOPIO OLYMPUS BX41","0.0","0.0","0.0","product.product_category_all","0.0","56521.74","BX41","1","Almacenable","uom.product_uom_unit","COMPONENTES ELECTRONICOS"
"__export__.product_template_535_c79a4651","MINI INFRARED THERMOMETER","0.0","0.0","0.0","product.product_category_all","0.0","4367.0","UNI-T","1","Almacenable","uom.product_uom_unit","COMPONENTES ELECTRONICOS"
"__export__.product_template_373_7f1b4987","MJ11012","0.0","0.0","0.0","product.product_category_all","0.0","1.0","863-MJ11012","1","Almacenable","uom.product_uom_unit","COMPONENTES ELECTRONICOS"
"__export__.product_template_1164_04bdd55d","MJ11018","0.0","0.0","0.0","product.product_category_all","0.0","1.0","730-MJ11018","1","Almacenable","uom.product_uom_unit","COMPONENTES ELECTRONICOS"
"__export__.product_template_1165_e465ab4f","MJ8505","0.0","0.0","0.0","product.product_category_all","0.0","1.0","883-MJ8505","1","Almacenable","uom.product_uom_unit","COMPONENTES ELECTRONICOS"
"__export__.product_template_1154_588972f9","MJH16006A","0.0","0.0","0.0","product.product_category_all","0.0","1.0","668-MJH16006A","1","Almacenable","uom.product_uom_unit","COMPONENTES ELECTRONICOS"
"__export__.product_template_948_4b53631e","MM74C925N","0.0","0.0","0.0","product.product_category_all","0.0","1.0","893-MM74C925N","1","Almacenable","uom.product_uom_unit","COMPONENTES ELECTRONICOS"
"__export__.product_template_1008_51d210c2","MMBT3904","0.0","0.0","0.0","product.product_category_all","0.0","1.0","436-MMBT3904","1","Almacenable","uom.product_uom_unit","COMPONENTES ELECTRONICOS"
"__export__.product_template_551_ca262bd2","MMBT3906 2A","0.0","0.0","0.0","product.product_category_all","0.0","1.0","656-MMBT3906 2A","1","Almacenable","uom.product_uom_unit","COMPONENTES ELECTRONICOS"
"__export__.product_template_944_2a44b258","MN4011B","0.0","0.0","0.0","product.product_category_all","0.0","1.0","844-MN4011B","1","Almacenable","uom.product_uom_unit","COMPONENTES ELECTRONICOS"
"__export__.product_template_905_1245b191","MN4164P-12A","0.0","0.0","0.0","product.product_category_all","0.0","1.0","792-MN4164P-12A","1","Almacenable","uom.product_uom_unit","COMPONENTES ELECTRONICOS"
"__export__.product_template_946_2752fce3","MOC3021Y","0.0","0.0","0.0","product.product_category_all","0.0","1.0","669-MOC3021Y","1","Almacenable","uom.product_uom_unit","COMPONENTES ELECTRONICOS"
"__export__.product_template_876_fe539fc1","MOC3032","0.0","0.0","0.0","product.product_category_all","0.0","1.0","566-MOC3032","1","Almacenable","uom.product_uom_unit","COMPONENTES ELECTRONICOS"
"__export__.product_template_869_e7cfa360","MOC8050","0.0","0.0","0.0","product.product_category_all","0.0","1.0","512-MOC8050","1","Almacenable","uom.product_uom_unit","COMPONENTES ELECTRONICOS"
"__export__.product_template_251_65174221","MONITOR DE CO2","0.0","0.0","0.0","product.product_category_all","0.0","112500.0","MCO2","1","Almacenable","uom.product_uom_unit","COMPONENTES ELECTRONICOS"
"__export__.product_template_664_99554c52","MONITOR DE ECG MULTIPARAMETRO D8/D8S","0.0","0.0","0.0","product.product_category_all","0.0","98000.0","D8/D8S","1","Almacenable","uom.product_uom_unit","COMPONENTES ELECTRONICOS"
"__export__.product_template_83_e2ae5122","MONITOR DE PACIENTE DASH 3000","1.0","1.0","1.0","__export__.product_category_26_07f9dbcf","0.0","45000.0","GE DASH-3000","1","Almacenable","uom.product_uom_unit","COMPONENTES ELECTRONICOS / Accesorios y piezas por categoría / Monitores de pacientes"
"__export__.product_template_351_7c71c097","MONITOR DE SIGNOS VITALES BISTOS","0.0","0.0","0.0","product.product_category_all","0.0","1.0","DFMB0012","1","Almacenable","uom.product_uom_unit","COMPONENTES ELECTRONICOS"
"__export__.product_template_355_b1e0c6c7","MONITOR DE SIGNOS VITALES CONTEC CMS8000","0.0","0.0","0.0","product.product_category_all","0.0","1.0","AX1410100195","1","Almacenable","uom.product_uom_unit","COMPONENTES ELECTRONICOS"
"__export__.product_template_242_04d7279d","MONITOR DE SIGNOS VITALES DASH 4000","0.0","0.0","0.0","product.product_category_all","0.0","50000.0","DASH 4000","1","Almacenable","uom.product_uom_unit","COMPONENTES ELECTRONICOS"
"__export__.product_template_316_6f678e38","MONITOR LCD LOGIQ","0.0","0.0","0.0","product.product_category_all","0.0","1.0","KT-LM190SDG","1","Almacenable","uom.product_uom_unit","COMPONENTES ELECTRONICOS"
"__export__.product_template_51_8f2339fe","MONITOR NEO INTELLIVUE MP5","1.0","1.0","1.0","__export__.product_category_26_07f9dbcf","0.0","35000.0","M8004A-P01","1","Almacenable","uom.product_uom_unit","COMPONENTES ELECTRONICOS / Accesorios y piezas por categoría / Monitores de pacientes"
"__export__.product_template_734_189b89e0","MP5","0.0","0.0","0.0","product.product_category_all","0.0","0.0","","1","Consumible","uom.product_uom_unit","COMPONENTES ELECTRONICOS"
"__export__.product_template_1118_a2b3ff6e","MPC71-0.22","0.0","0.0","0.0","product.product_category_all","0.0","1.0","783-MPC71-0.22","1","Almacenable","uom.product_uom_unit","COMPONENTES ELECTRONICOS"
"__export__.product_template_1162_c1c91c9b","MPC76-0.05K","0.0","0.0","0.0","product.product_category_all","0.0","1.0","662-MPC76-0.05K","1","Almacenable","uom.product_uom_unit","COMPONENTES ELECTRONICOS"
"__export__.product_template_387_a1f35cd9","MPS 3638A","0.0","0.0","0.0","product.product_category_all","0.0","1.0","3638A","1","Almacenable","uom.product_uom_unit","COMPONENTES ELECTRONICOS"
"__export__.product_template_1172_6d9be0f4","MRC BTB12","0.0","0.0","0.0","product.product_category_all","0.0","1.0","778-MRC BTB12","1","Almacenable","uom.product_uom_unit","COMPONENTES ELECTRONICOS"
"__export__.product_template_1222_22d67704","MSC 1.5KE","0.0","0.0","0.0","product.product_category_all","0.0","1.0","880-1NKE15","1","Almacenable","uom.product_uom_unit","COMPONENTES ELECTRONICOS"
"__export__.product_template_280_545f4a1c","MULTI-LINK LEADWIRE SET","0.0","0.0","0.0","product.product_category_all","0.0","1.0","421931-001","1","Almacenable","uom.product_uom_unit","COMPONENTES ELECTRONICOS"
"__export__.product_template_801_bfe39eda","Mamografo digital General Electric. Modelo:Esencial 2D","0.0","0.0","0.0","product.product_category_all","0.0","1685000.0","EQ-024052","1","Almacenable","uom.product_uom_unit","COMPONENTES ELECTRONICOS"
"__export__.product_template_120_1d7d435f","Manguera 2 vías Para presión arterial","9.0","9.0","9.0","product.product_category_all","0.0","4100.0","2017009-003","1","Almacenable","uom.product_uom_unit","COMPONENTES ELECTRONICOS"
"__export__.product_template_181_79819476","Manguera NIBP compatible con Dinamap","5.0","5.0","5.0","__export__.product_category_16_03492be9","0.0","1800.0","107365","1","Almacenable","uom.product_uom_unit","COMPONENTES ELECTRONICOS / Accesorios por tipo / Manguitos y mangueras NIBP"
"__export__.product_template_173_c5de73c6","Manguera NIBP compatible con Philips","8.0","8.0","8.0","product.product_category_all","0.0","600.0","M1597C","1","Almacenable","uom.product_uom_unit","COMPONENTES ELECTRONICOS"
"__export__.product_template_176_2ef6f987","Manguera NIBP enrollada para lifepak 12","1.0","1.0","1.0","__export__.product_category_16_03492be9","0.0","650.0","3009167-015","1","Almacenable","uom.product_uom_unit","COMPONENTES ELECTRONICOS / Accesorios por tipo / Manguitos y mangueras NIBP"
"__export__.product_template_61_fb105144","Manguera Pediatrica NIBP","4.0","4.0","4.0","__export__.product_category_17_a1c19e2e","0.0","680.0","2261.15-03","1","Almacenable","uom.product_uom_unit","COMPONENTES ELECTRONICOS / Accesorios por tipo / Mangueras NIBP"
"__export__.product_template_718_852e625a","Manguera Zimmer MedizinSystems 6 pies","0.0","0.0","0.0","product.product_category_all","0.0","22709.0","Cryo Mini de Zimmer MedizinSystems","1","Almacenable","uom.product_uom_unit","COMPONENTES ELECTRONICOS"
"__export__.product_template_770_3d3f45fc","Manguera de alta presión de acero inoxidable para oxigeno","0.0","0.0","0.0","product.product_category_all","0.0","1400.0","MF-HP","1","Almacenable","uom.product_uom_unit","COMPONENTES ELECTRONICOS"
"__export__.product_template_189_7544bf08","Manguera de una via","9.0","9.0","9.0","product.product_category_all","0.0","450.0","008-0238-00","1","Almacenable","uom.product_uom_unit","COMPONENTES ELECTRONICOS"
"__export__.product_template_188_be29c797","Manguera para bebe WelchAllyn","28.0","28.0","28.0","product.product_category_all","0.0","850.0","008-0265-01","1","Almacenable","uom.product_uom_unit","COMPONENTES ELECTRONICOS"
"__export__.product_template_487_cd4efb11","Manifold electronico amcaremed","0.0","0.0","0.0","product.product_category_all","0.0","182608.7","AM-200DX","1","Almacenable","uom.product_uom_unit","COMPONENTES ELECTRONICOS"
"__export__.product_template_771_6b629741","Manifold semi automatico para oxigeno","0.0","0.0","0.0","product.product_category_all","0.0","49700.0","AM-300DX","1","Almacenable","uom.product_uom_unit","COMPONENTES ELECTRONICOS"
"__export__.product_template_174_58316b56","Maquina de rayos X Dental","1.0","1.0","1.0","product.product_category_1","0.0","35000.0","6140-140","1","Almacenable","uom.product_uom_unit","Producto"
"__export__.product_template_55_b3d4d9d5","Mascara Nasal Philis","6.0","6.0","6.0","product.product_category_all","0.0","8500.0","1119008","1","Almacenable","uom.product_uom_unit","COMPONENTES ELECTRONICOS"
"__export__.product_template_218_7183208c","Mascara de alto Flujo","'-1.0","'-1.0","'-1.0","product.product_category_all","0.0","11000.0","Mascara Esperanza","1","Almacenable","uom.product_uom_unit","COMPONENTES ELECTRONICOS"
"__export__.product_template_216_6655cbe4","Mascarilla con Reservorio","'-7.0","'-7.0","'-7.0","product.product_category_all","0.0","160.0","41310XL","1","Almacenable","uom.product_uom_unit","COMPONENTES ELECTRONICOS"
"__export__.product_template_131_d4acbc9e","Mascarilla para nebulizar","2.0","2.0","2.0","product.product_category_all","0.0","160.0","2466","1","Almacenable","uom.product_uom_unit","COMPONENTES ELECTRONICOS"
"__export__.product_template_132_0678d730","Mascarilla para oxigeno","2.0","2.0","2.0","product.product_category_all","0.0","180.0","2462","1","Almacenable","uom.product_uom_unit","COMPONENTES ELECTRONICOS"
"__export__.product_template_777_4f0a55c6","Masilla de plomo SPACHTEL 5Kg","0.0","0.0","0.0","product.product_category_all","0.0","742.5","SPACHTEL 5Kg","1","Almacenable","uom.product_uom_unit","COMPONENTES ELECTRONICOS"
"__export__.product_template_264_f24c2478","Medfusion 3500","0.0","0.0","0.0","product.product_category_all","0.0","43500.0","med3500","1","Almacenable","uom.product_uom_unit","COMPONENTES ELECTRONICOS"
"__export__.product_template_694_7be8d1a4","Mesa Movil para Rayos X con bucky incorporado","0.0","0.0","0.0","product.product_category_all","0.0","118750.0","HR003","1","Consumible","uom.product_uom_unit","COMPONENTES ELECTRONICOS"
"__export__.product_template_730_52849a27","Mesa de rayos X","0.0","0.0","0.0","product.product_category_all","0.0","67000.0","HR001","1","Almacenable","uom.product_uom_unit","COMPONENTES ELECTRONICOS"
"__export__.product_template_724_764e0b9c","Mesa de rayos X de diseño simple","0.0","0.0","0.0","product.product_category_all","0.0","75000.0","HR002","1","Almacenable","uom.product_uom_unit","COMPONENTES ELECTRONICOS"
"__export__.product_template_76_48b9dc1c","Microfiltro Drager","2.0","2.0","2.0","product.product_category_all","0.0","1850.0","6737545-03","1","Almacenable","uom.product_uom_unit","COMPONENTES ELECTRONICOS"
"__export__.product_template_752_6a0e1739","Microscopio Accu-Scope AU-3000-HDS","0.0","0.0","0.0","__export__.product_category_39_028b858b","0.0","173512.5","AU-3000-HDS","1","Almacenable","uom.product_uom_unit","COMPONENTES ELECTRONICOS / MICROSPIOS"
"__export__.product_template_753_92f10584","Microscopio Accu-Scope AU-600-HDS","0.0","0.0","0.0","__export__.product_category_39_028b858b","0.0","194577.6","AU-600-HDS","1","Almacenable","uom.product_uom_unit","COMPONENTES ELECTRONICOS / MICROSPIOS"
"__export__.product_template_754_e460906d","Microscopio Accu-Scope EXC 120 LED HD","0.0","0.0","0.0","__export__.product_category_39_028b858b","0.0","145845.0","EXC-120 LED HD","1","Almacenable","uom.product_uom_unit","COMPONENTES ELECTRONICOS / MICROSPIOS"
"__export__.product_template_765_7ba1dccb","Modulo RU-40K de alta frecuencia Serie EH9500","0.0","0.0","0.0","__export__.product_category_37_9129b434","0.0","1.0","Modular EH9500 series","1","Almacenable","uom.product_uom_unit","COMPONENTES ELECTRONICOS / UPS"
"__export__.product_template_152_28be6302","Modulo de gas Aestive","1.0","1.0","1.0","__export__.product_category_19_43a331ff","0.0","11500.0","0.4","1","Almacenable","uom.product_uom_unit","COMPONENTES ELECTRONICOS / Accesorios y piezas por categoría / Máquinas de anestesia"
"__export__.product_template_774_c7e57298","Modulo de oxigeno para sistema de monitoreo con alarma y pantalla digital programable","0.0","0.0","0.0","product.product_category_all","0.0","44780.0","AM-AR4","1","Almacenable","uom.product_uom_unit","COMPONENTES ELECTRONICOS"
"__export__.product_template_26_d3068ffd","Mon-a-Therm Cable 400TM","12.0","12.0","12.0","product.product_category_all","0.0","1800.0","502-0411A","1","Almacenable","uom.product_uom_unit","COMPONENTES ELECTRONICOS"
"__export__.product_template_32_cede169c","Monitor Multiparametro MP70","4.0","4.0","4.0","__export__.product_category_24_b0c85002","0.0","75000.0","UQPH2170","1","Almacenable","uom.product_uom_unit","COMPONENTES ELECTRONICOS / Accesorios y piezas por categoría / Monitores fetales"
"__export__.product_template_49_145db41d","Monitor Multiparametro PROPAQ","1.0","1.0","1.0","__export__.product_category_26_07f9dbcf","0.0","25000.0","CS-242/246","1","Almacenable","uom.product_uom_unit","COMPONENTES ELECTRONICOS / Accesorios y piezas por categoría / Monitores de pacientes"
"__export__.product_template_33_6417f1cd","Monitor Multiparametros Radical-7","2.0","2.0","2.0","__export__.product_category_26_07f9dbcf","0.0","35000.0","9500-MASIMO","1","Almacenable","uom.product_uom_unit","COMPONENTES ELECTRONICOS / Accesorios y piezas por categoría / Monitores de pacientes"
"__export__.product_template_793_69ba9311","Monitor de Presión Arterial Digital Automático de muñeca lumiscope","0.0","0.0","0.0","product.product_category_all","0.0","1280.0","1147","1","Almacenable","uom.product_uom_unit","COMPONENTES ELECTRONICOS"
"__export__.product_template_28_5ea31e26","Monitor de paciente VSM 300","3.0","3.0","3.0","__export__.product_category_26_07f9dbcf","0.0","18500.0","VSM-300","1","Almacenable","uom.product_uom_unit","COMPONENTES ELECTRONICOS / Accesorios y piezas por categoría / Monitores de pacientes"
"__export__.product_template_191_6b0d9ffc","Monitor de signos vitales Spot","2.0","2.0","2.0","__export__.product_category_26_07f9dbcf","0.0","22500.0","42MTB","1","Almacenable","uom.product_uom_unit","COMPONENTES ELECTRONICOS / Accesorios y piezas por categoría / Monitores de pacientes"
"__export__.product_template_690_98fccc80","Monitor multiparamétrico BIOCARE","0.0","0.0","0.0","product.product_category_all","0.0","59600.0","PM-900 (503-0900-0000)","1","Consumible","uom.product_uom_unit","COMPONENTES ELECTRONICOS"
"__export__.product_template_86_250e7f75","Monitor philips IntelliVue X2","1.0","1.0","1.0","__export__.product_category_26_07f9dbcf","0.0","60000.0","M3002A","1","Almacenable","uom.product_uom_unit","COMPONENTES ELECTRONICOS / Accesorios y piezas por categoría / Monitores de pacientes"
"__export__.product_template_72_bd3ccf72","Multi-Link ECG Leadwire 5","1.0","1.0","1.0","__export__.product_category_13_34b08912","0.0","3200.0","412681-005","1","Almacenable","uom.product_uom_unit","COMPONENTES ELECTRONICOS / Accesorios por tipo / Cables y conductores de ECG"
"__export__.product_template_84_c393bd78","Módulo de gas  anestésico, para medir el CO2  IntelliVue G5","1.0","1.0","1.0","__export__.product_category_19_43a331ff","0.0","45000.0","M1019A","1","Almacenable","uom.product_uom_unit","COMPONENTES ELECTRONICOS / Accesorios y piezas por categoría / Máquinas de anestesia"
"__export__.product_template_1243_0990a6dd","Módulo de gas anestésico, para medir el CO2 IntelliVue G5","0.0","0.0","0.0","product.product_category_all","0.0","45000.0","","1","Consumible","uom.product_uom_unit","COMPONENTES ELECTRONICOS"
"__export__.product_template_655_375d18f5","NBB-IV EQUIPO DE FOTOTERAPIA DE BILIRRUBINA NEONATAL","0.0","0.0","0.0","product.product_category_all","0.0","178125.0","NBB-IV","1","Almacenable","uom.product_uom_unit","COMPONENTES ELECTRONICOS"
"__export__.product_template_1121_14f48536","NE555","0.0","0.0","0.0","product.product_category_all","0.0","1.0","843-NE555","1","Almacenable","uom.product_uom_unit","COMPONENTES ELECTRONICOS"
"__export__.product_template_384_270e6022","NE555P","0.0","0.0","0.0","product.product_category_all","0.0","1.0","DN1519","1","Almacenable","uom.product_uom_unit","COMPONENTES ELECTRONICOS"
"__export__.product_template_354_8a0473ad","NEBULIZADOR MADA VOYAGE II","0.0","0.0","0.0","product.product_category_all","0.0","1.0","1215nb15l00745","1","Almacenable","uom.product_uom_unit","COMPONENTES ELECTRONICOS"
"__export__.product_template_352_f63a1921","NEBULIZADOR PULMO AIDE","0.0","0.0","0.0","__export__.product_category_35_3b29b51b","0.0","6154.2","5650D","1","Almacenable","uom.product_uom_unit","Nebulizadores"
"__export__.product_template_698_b3bd8c19","NEBULIZADOR PULMO MATE","0.0","0.0","0.0","__export__.product_category_35_3b29b51b","0.0","3058.04","4650D","1","Consumible","uom.product_uom_unit","Nebulizadores"
"__export__.product_template_1210_e8a74e29","NEC 2501A","0.0","0.0","0.0","product.product_category_all","0.0","1.0","328- NEC 2501A","1","Almacenable","uom.product_uom_unit","COMPONENTES ELECTRONICOS"
"__export__.product_template_899_7cd47c5c","NEC D363","0.0","0.0","0.0","product.product_category_all","0.0","1.0","765-NEC D363","1","Almacenable","uom.product_uom_unit","COMPONENTES ELECTRONICOS"
"__export__.product_template_1174_4e430e63","NEC D363A","0.0","0.0","0.0","product.product_category_all","0.0","1.0","550-NEC D363","1","Almacenable","uom.product_uom_unit","COMPONENTES ELECTRONICOS"
"__export__.product_template_1226_4a594b4b","NEC2SD401A","0.0","0.0","0.0","product.product_category_all","0.0","1.0","667-NEC2SD401A","1","Almacenable","uom.product_uom_unit","COMPONENTES ELECTRONICOS"
"__export__.product_template_257_b3ffc3dc","NEGATOSCOPIO","0.0","0.0","0.0","product.product_category_all","0.0","1.0","XRAY","1","Almacenable","uom.product_uom_unit","COMPONENTES ELECTRONICOS"
"__export__.product_template_367_a5c094b3","NEGATOSCOPIO-X","0.0","0.0","0.0","product.product_category_all","0.0","550.0","2-X","1","Almacenable","uom.product_uom_unit","COMPONENTES ELECTRONICOS"
"__export__.product_template_1142_b2a682b6","NGD8201AG","0.0","0.0","0.0","product.product_category_all","0.0","1.0","784-8201AG","1","Almacenable","uom.product_uom_unit","COMPONENTES ELECTRONICOS"
"__export__.product_template_875_fa1f0ff1","NJM 7905A","0.0","0.0","0.0","product.product_category_all","0.0","1.0","511-NJM7905A","1","Almacenable","uom.product_uom_unit","COMPONENTES ELECTRONICOS"
"__export__.product_template_895_7c112261","NORTHERN MEDITEC TAURUS","0.0","0.0","0.0","__export__.product_category_4_c54c40ab","0.0","39565.22","12,1"" TFT","1","Almacenable","uom.product_uom_unit","Consumibles"
"__export__.product_template_904_79e88a29","NTE 2324","0.0","0.0","0.0","product.product_category_all","0.0","1.0","242-NTE 3324","1","Almacenable","uom.product_uom_unit","COMPONENTES ELECTRONICOS"
"__export__.product_template_382_3a1f013e","NTE 262","0.0","0.0","0.0","product.product_category_all","0.0","225.0","565-NTE 262","1","Almacenable","uom.product_uom_unit","COMPONENTES ELECTRONICOS"
"__export__.product_template_850_f2e503ba","NTE 263","0.0","0.0","0.0","product.product_category_all","0.0","1.0","666-NTE 263","1","Almacenable","uom.product_uom_unit","COMPONENTES ELECTRONICOS"
"__export__.product_template_910_1acc1363","NTE 2922","0.0","0.0","0.0","product.product_category_all","0.0","1.0","649-2922","1","Almacenable","uom.product_uom_unit","COMPONENTES ELECTRONICOS"
"__export__.product_template_394_234e1f94","NTE 5018A","0.0","0.0","0.0","product.product_category_all","0.0","1.0","806-NTE 5018A","1","Almacenable","uom.product_uom_unit","COMPONENTES ELECTRONICOS"
"__export__.product_template_844_ae946d45","NTE 5332","0.0","0.0","0.0","product.product_category_all","0.0","1.0","856-NTE 5332","1","Almacenable","uom.product_uom_unit","COMPONENTES ELECTRONICOS"
"__export__.product_template_864_f134ac9a","NTE 5418","0.0","0.0","0.0","product.product_category_all","0.0","1.0","788-NTE 5418","1","Consumible","uom.product_uom_unit","COMPONENTES ELECTRONICOS"
"__export__.product_template_494_2d12018b","NTE 7071","0.0","0.0","0.0","product.product_category_all","0.0","1.0","NTE 7071","1","Almacenable","uom.product_uom_unit","COMPONENTES ELECTRONICOS"
"__export__.product_template_506_df2f736d","NTE2324","0.0","0.0","0.0","product.product_category_all","0.0","1.0","NTE2324","1","Almacenable","uom.product_uom_unit","COMPONENTES ELECTRONICOS"
"__export__.product_template_23_72b648b9","Nellcor Sensor DS-100A","6.0","6.0","6.0","__export__.product_category_32_34659fcb","0.0","2500.0","DS-100A  REACONDICIONADO","1","Almacenable","uom.product_uom_unit","COMPONENTES ELECTRONICOS / Accesorios por tipo / Sensores y cables de SpO2"
"__export__.product_template_12_9c4dcbb8","Neo-Adult SpO2 Sensor","17.0","17.0","17.0","__export__.product_category_5_dfcef8d2","0.0","1600.0","MAXN","1","Almacenable","uom.product_uom_unit","COMPONENTES ELECTRONICOS / Sensores"
"__export__.product_template_73_59fadfd1","Nihon Kohden EEG","1.0","1.0","1.0","__export__.product_category_10_cd64bdf9","0.0","3200.0","NENK6051","1","Almacenable","uom.product_uom_unit","COMPONENTES ELECTRONICOS / Accesorios por tipo"
"__export__.product_template_504_95a53ad9","OF-B173","0.0","0.0","0.0","product.product_category_all","0.0","1.0","OF-B173","1","Almacenable","uom.product_uom_unit","COMPONENTES ELECTRONICOS"
"__export__.product_template_500_fac13e66","OF-C5","0.0","0.0","0.0","product.product_category_all","0.0","1.0","OF-C5","1","Almacenable","uom.product_uom_unit","COMPONENTES ELECTRONICOS"
"__export__.product_template_259_f40fe5b8","OFTALMOSCOPIO Y RETINOSCOPIO","0.0","0.0","0.0","product.product_category_all","0.0","28800.0","WA77710-71ML","1","Almacenable","uom.product_uom_unit","COMPONENTES ELECTRONICOS"
"__export__.product_template_1215_b9a7295e","OP07D","0.0","0.0","0.0","product.product_category_all","0.0","1.0","350-OP07D","1","Almacenable","uom.product_uom_unit","COMPONENTES ELECTRONICOS"
"__export__.product_template_48_b2bd825c","OXIMETRO DE PULSO HORIZONTAL DE CABECERA MASIMO RAD-87","2.0","2.0","2.0","__export__.product_category_32_34659fcb","0.0","16000.0","Rad87","1","Almacenable","uom.product_uom_unit","COMPONENTES ELECTRONICOS / Accesorios por tipo / Sensores y cables de SpO2"
"__export__.product_template_161_fbaf670c","Otoscopio Halógeno HPX MacroView","3.0","3.0","3.0","__export__.product_category_18_b1b22fd8","0.0","7500.0","23810","1","Almacenable","uom.product_uom_unit","COMPONENTES ELECTRONICOS / Accesorios y piezas por categoría"
"__export__.product_template_440_c614f283","P9336","0.0","0.0","0.0","product.product_category_all","0.0","1.0","","1","Almacenable","uom.product_uom_unit","COMPONENTES ELECTRONICOS"
"__export__.product_template_451_008d0b8c","PB4006","0.0","0.0","0.0","product.product_category_all","0.0","1.0","625-PB4006","1","Almacenable","uom.product_uom_unit","COMPONENTES ELECTRONICOS"
"__export__.product_template_1144_1fbdaca9","PC817","0.0","0.0","0.0","product.product_category_all","0.0","1.0","665-PC817","1","Almacenable","uom.product_uom_unit","COMPONENTES ELECTRONICOS"
"__export__.product_template_880_6392cc1b","PC851","0.0","0.0","0.0","product.product_category_all","0.0","1.0","511-PC851","1","Almacenable","uom.product_uom_unit","COMPONENTES ELECTRONICOS"
"__export__.product_template_1147_fd40a498","PCM2912A","0.0","0.0","0.0","product.product_category_all","0.0","1.0","420-PCM2912A","1","Almacenable","uom.product_uom_unit","COMPONENTES ELECTRONICOS"
"__export__.product_template_1208_25743b11","PF380D25","0.0","0.0","0.0","product.product_category_all","0.0","1.0","558-PF380D25","1","Almacenable","uom.product_uom_unit","COMPONENTES ELECTRONICOS"
"__export__.product_template_54_0dedfa2f","PHILIPS M3001A","9.0","9.0","9.0","__export__.product_category_32_34659fcb","0.0","18000.0","M3001A","1","Almacenable","uom.product_uom_unit","COMPONENTES ELECTRONICOS / Accesorios por tipo / Sensores y cables de SpO2"
"__export__.product_template_313_3761595a","PHOENIX CONTACT","0.0","0.0","0.0","product.product_category_all","0.0","1.0","277-1042-ND","1","Almacenable","uom.product_uom_unit","COMPONENTES ELECTRONICOS"
"__export__.product_template_540_7e17409b","PLACA CONDENSADOR CONFORSTAR","0.0","0.0","0.0","product.product_category_all","0.0","2000.0","36,000-BTU","1","Almacenable","uom.product_uom_unit","COMPONENTES ELECTRONICOS"
"__export__.product_template_647_46bb3b65","PORTA SUEROS CON RUEDAS","0.0","0.0","0.0","product.product_category_all","0.0","1850.0","A ( R-1)","1","Almacenable","uom.product_uom_unit","COMPONENTES ELECTRONICOS"
"__export__.product_template_649_5a151474","PORTASUEROS CON RUEDAS B","0.0","0.0","0.0","product.product_category_all","0.0","2970.0","B ( R-2)","1","Almacenable","uom.product_uom_unit","COMPONENTES ELECTRONICOS"
"__export__.product_template_290_7c40da41","PQ12RF2","0.0","0.0","0.0","product.product_category_all","0.0","1.0","215-PQ12RF2","1","Almacenable","uom.product_uom_unit","COMPONENTES ELECTRONICOS"
"__export__.product_template_223_6014bcc1","PRUEBAS RÁPIDAS FUN SUN","0.0","0.0","0.0","product.product_category_all","0.0","7500.0","FUN SUN","1","Almacenable","uom.product_uom_unit","COMPONENTES ELECTRONICOS"
"__export__.product_template_569_83e20c72","PULSIOXIMETRO DE MANO RAD-5V","0.0","0.0","0.0","product.product_category_all","0.0","18500.0","N174161","1","Almacenable","uom.product_uom_unit","COMPONENTES ELECTRONICOS"
"__export__.product_template_311_116c8c96","PUNTA PARA CONECTORES","0.0","0.0","0.0","product.product_category_all","0.0","1.0","M39029/31-240","1","Almacenable","uom.product_uom_unit","COMPONENTES ELECTRONICOS"
"__export__.product_template_105_2edc032f","Paletas de desfribilador","5.0","5.0","5.0","product.product_category_all","0.0","2000.0","1.1","1","Almacenable","uom.product_uom_unit","COMPONENTES ELECTRONICOS"
"__export__.product_template_17_f384d976","Panel de luz ssp","1.0","1.0","1.0","product.product_category_1","0.0","1600.0","525D-615","1","Almacenable","uom.product_uom_unit","Producto"
"__export__.product_template_705_1963d934","Pantalla de plomo","0.0","0.0","0.0","__export__.product_category_36_6b99e283","0.0","54987.45","FG04 3mmBP","1","Consumible","uom.product_uom_unit","COMPONENTES ELECTRONICOS / Implementos de plomo"
"__export__.product_template_302_d7cb6db6","Papel para impresora Sony","0.0","0.0","0.0","product.product_category_all","0.0","5000.0","UPP-110HA","1","Almacenable","uom.product_uom_unit","COMPONENTES ELECTRONICOS"
"__export__.product_template_473_b1ac5a91","Papel termico de 1 capa para pos 2 1/4 pulg. x 80 pies","0.0","0.0","0.0","product.product_category_all","0.0","494.0","452175-cc","1","Almacenable","uom.product_uom_unit","COMPONENTES ELECTRONICOS"
"__export__.product_template_56_6dcb8c8e","Philips Compatible ECG","10.0","10.0","10.0","__export__.product_category_32_34659fcb","0.0","2900.0","M1673A","1","Almacenable","uom.product_uom_unit","COMPONENTES ELECTRONICOS / Accesorios por tipo / Sensores y cables de SpO2"
"__export__.product_template_187_f5a6fece","Philips Compatible IBP Adapter Cable","12.0","12.0","12.0","product.product_category_all","0.0","1300.0","42661-27","1","Almacenable","uom.product_uom_unit","COMPONENTES ELECTRONICOS"
"__export__.product_template_492_f4fb80c9","Physio Control Lifepak 3 Lead ECG Cable 300621802","0.0","0.0","0.0","product.product_category_all","0.0","1.0","LIFE PAK 3","1","Almacenable","uom.product_uom_unit","COMPONENTES ELECTRONICOS"
"__export__.product_template_491_4b4ae63e","Physio-Control LIFEPAK 12 Cable Therapy QUIKCOMBO","0.0","0.0","0.0","product.product_category_all","0.0","1.0","CABLE LIFE PAK 12","1","Almacenable","uom.product_uom_unit","COMPONENTES ELECTRONICOS"
"__export__.product_template_92_5927395d","Pinzas electroquirúrgicas Covidien","3.0","3.0","3.0","__export__.product_category_10_cd64bdf9","0.0","8500.0","E4051/E4051-CT","1","Almacenable","uom.product_uom_unit","COMPONENTES ELECTRONICOS / Accesorios por tipo"
"__export__.product_template_763_7befdca4","Placa neutro adulto 150x250MM de goma 4M cable, Reutilizable  para electrocauterio marca: Tekno","0.0","0.0","0.0","product.product_category_all","0.0","13423.05","tk90029-00","1","Almacenable","uom.product_uom_unit","COMPONENTES ELECTRONICOS"
"__export__.product_template_951_2ea43880","Pulsadores","0.0","0.0","0.0","product.product_category_all","0.0","1.0","690-Pulsadores","1","Almacenable","uom.product_uom_unit","COMPONENTES ELECTRONICOS"
"__export__.product_template_286_cb1d71bd","Q4010R5","0.0","0.0","0.0","product.product_category_all","0.0","1.0","576-Q4010R5","1","Almacenable","uom.product_uom_unit","COMPONENTES ELECTRONICOS"
"__export__.product_template_285_64b47729","Q4015L5","0.0","0.0","0.0","product.product_category_all","0.0","1.0","576-Q4015L5","1","Almacenable","uom.product_uom_unit","COMPONENTES ELECTRONICOS"
"__export__.product_template_877_cf212bf6","Q6040J7","0.0","0.0","0.0","product.product_category_all","0.0","1.0","576-Q6040J7","1","Almacenable","uom.product_uom_unit","COMPONENTES ELECTRONICOS"
"__export__.product_template_156_a8d8e76c","Quinton Mortara Burdick","2.0","2.0","2.0","__export__.product_category_23_2f4246d1","0.0","2000.0","016633-003","1","Almacenable","uom.product_uom_unit","COMPONENTES ELECTRONICOS / Accesorios y piezas por categoría / Máquinas de EKG / ECG"
"__export__.product_template_315_2785c70b","RAYOS X AMX4","0.0","0.0","0.0","product.product_category_all","0.0","380000.0","","1","Almacenable","uom.product_uom_unit","COMPONENTES ELECTRONICOS"
"__export__.product_template_230_4d8c5bfe","RAYOS X ESTACIONARIO","0.0","0.0","0.0","product.product_category_all","0.0","18500.0","HFQ-4500P","1","Almacenable","uom.product_uom_unit","COMPONENTES ELECTRONICOS"
"__export__.product_template_469_fb0996b5","REFRIGERANTE R508B","0.0","0.0","0.0","product.product_category_all","0.0","32214.0","R508B","1","Almacenable","uom.product_uom_unit","COMPONENTES ELECTRONICOS"
"__export__.product_template_201_61333ab1","REGULADOR DE ALTO FLUJO(FLUJO-METRO)","39.0","40.0","39.0","__export__.product_category_10_cd64bdf9","0.0","870.0","FH-BO-70-OH, FH-BO-70-DS","1","Almacenable","uom.product_uom_unit","COMPONENTES ELECTRONICOS / Accesorios por tipo"
"__export__.product_template_310_c75eda2a","RELAY FRL-263D024/02CK","0.0","0.0","0.0","product.product_category_all","0.0","1.0","FRL-263D024/02CK","1","Almacenable","uom.product_uom_unit","COMPONENTES ELECTRONICOS"
"__export__.product_template_309_aad48b2e","RELAY K10P-11D15-24","0.0","0.0","0.0","product.product_category_all","0.0","1.0","K10P-11D15-24","1","Almacenable","uom.product_uom_unit","COMPONENTES ELECTRONICOS"
"__export__.product_template_306_92de3e52","RELAY MIDTEX 157-23C200","0.0","0.0","0.0","product.product_category_all","0.0","1.0","157-23C200","1","Almacenable","uom.product_uom_unit","COMPONENTES ELECTRONICOS"
"__export__.product_template_305_f80c96dc","RELAY POTTER & BRUMFIELD","0.0","0.0","0.0","product.product_category_all","0.0","1.0","KUEP-3D15-24","1","Almacenable","uom.product_uom_unit","COMPONENTES ELECTRONICOS"
"__export__.product_template_308_849f4f94","RELAY POTTER & BRUMFIELD KUEP-3D15-110","0.0","0.0","0.0","product.product_category_all","0.0","1.0","KUEP-3D15-110","1","Almacenable","uom.product_uom_unit","COMPONENTES ELECTRONICOS"
"__export__.product_template_304_28fa1e54","RELAY Potter & Brumfield KUEP","0.0","0.0","0.0","product.product_category_all","0.0","1.0","KUEP-3A15-120","1","Almacenable","uom.product_uom_unit","COMPONENTES ELECTRONICOS"
"__export__.product_template_167_a44fa06d","REMSTAR PLUS","1.0","1.0","1.0","product.product_category_all","0.0","6000.0","1009586","1","Almacenable","uom.product_uom_unit","COMPONENTES ELECTRONICOS"
"__export__.product_template_624_afe6875a","REPARACION DE MODULO ELECTRICO DEL MAUSE ","0.0","0.0","0.0","product.product_category_all","0.0","0.0","","1","Consumible","uom.product_uom_unit","COMPONENTES ELECTRONICOS"
"__export__.product_template_214_07886eec","REPUESTO DE MOTOR FAN 80","0.0","0.0","0.0","product.product_category_all","0.0","1.0","","1","Almacenable","uom.product_uom_unit","COMPONENTES ELECTRONICOS"
"__export__.product_template_553_91122828","RESISTOR SMD KIT","0.0","0.0","0.0","product.product_category_all","0.0","1.0","CHANZON","1","Almacenable","uom.product_uom_unit","COMPONENTES ELECTRONICOS"
"__export__.product_template_241_6c4fe492","RESPIRADOR ARTIFICIAL BIPAP RESPIRONIC","0.0","0.0","0.0","product.product_category_all","0.0","12600.0","","1","Almacenable","uom.product_uom_unit","COMPONENTES ELECTRONICOS"
"__export__.product_template_1112_728fae16","RF45","0.0","0.0","0.0","product.product_category_all","0.0","1.0","335-RF45","1","Almacenable","uom.product_uom_unit","COMPONENTES ELECTRONICOS"
"__export__.product_template_714_100bf04f","RH-50 50W","0.0","0.0","0.0","product.product_category_all","0.0","1.0","721-RH-50 50W","1","Almacenable","uom.product_uom_unit","COMPONENTES ELECTRONICOS"
"__export__.product_template_1113_ddd73431","RJ11","0.0","0.0","0.0","product.product_category_all","0.0","1.0","659-RJ11","1","Almacenable","uom.product_uom_unit","COMPONENTES ELECTRONICOS"
"__export__.product_template_616_d505b594","RL207","0.0","0.0","0.0","product.product_category_all","0.0","1.0","562-RL207","1","Almacenable","uom.product_uom_unit","COMPONENTES ELECTRONICOS"
"__export__.product_template_963_4baacd6a","RM84-2012-1024","0.0","0.0","0.0","product.product_category_all","0.0","1.0","845-RM84-2012-1024","1","Almacenable","uom.product_uom_unit","COMPONENTES ELECTRONICOS"
"__export__.product_template_931_49cd6e05","RS1M","0.0","0.0","0.0","product.product_category_all","0.0","1.0","840-RS1M","1","Almacenable","uom.product_uom_unit","COMPONENTES ELECTRONICOS"
"__export__.product_template_499_36313a78","RTE24012F","0.0","0.0","0.0","product.product_category_all","0.0","1.0","655-RTE24012F","1","Almacenable","uom.product_uom_unit","COMPONENTES ELECTRONICOS"
"__export__.product_template_542_846376dc","RUEDAS DE DIRECCION POLYMOBIL","0.0","0.0","0.0","product.product_category_all","0.0","4600.0","DH-365","1","Almacenable","uom.product_uom_unit","COMPONENTES ELECTRONICOS"
"__export__.product_template_413_255cb900","RUEDAS PARA TORRE LARASCOPICA","0.0","0.0","0.0","product.product_category_all","0.0","1250.0","RD-STRY","1","Almacenable","uom.product_uom_unit","COMPONENTES ELECTRONICOS"
"__export__.product_template_85_70fe7bea","Rad-97 MASIMOSET","1.0","1.0","1.0","__export__.product_category_26_07f9dbcf","0.0","45000.0","RAD-97","1","Almacenable","uom.product_uom_unit","COMPONENTES ELECTRONICOS / Accesorios y piezas por categoría / Monitores de pacientes"
"__export__.product_template_268_b535c3fd","Rayos X Polymobil Plus","0.0","0.0","0.0","product.product_category_all","0.0","400000.0","Siemens","1","Almacenable","uom.product_uom_unit","COMPONENTES ELECTRONICOS"
"__export__.product_template_707_a8747eeb","Rayos X portatil dental","0.0","0.0","0.0","product.product_category_all","28000.0","30000.0","MX-PRX111","1","Almacenable","uom.product_uom_unit","COMPONENTES ELECTRONICOS"
"__export__.product_template_170_50ba4c0d","Red LNC-10 Ext","5.0","5.0","5.0","__export__.product_category_32_34659fcb","0.0","4400.0","LNC-10","1","Almacenable","uom.product_uom_unit","COMPONENTES ELECTRONICOS / Accesorios por tipo / Sensores y cables de SpO2"
"__export__.product_template_347_323d202f","Refrigerante R410","0.0","0.0","0.0","product.product_category_all","0.0","1700.0","R-410A","1","Almacenable","uom.product_uom_unit","COMPONENTES ELECTRONICOS"
"__export__.product_template_806_ec21735f","Regleta de enchufes de grado médico de 6 tomas de corriente de Tripp Lite","0.0","0.0","0.0","product.product_category_all","0.0","843.48","UL1363A","1","Almacenable","uom.product_uom_unit","COMPONENTES ELECTRONICOS"
"__export__.product_template_208_4262b1b0","Regulador de presión 0-70 Lts","'-9.0","'-9.0","'-9.0","__export__.product_category_33_60f244e2","0.0","5500.0","RM-O-70","1","Almacenable","uom.product_uom_unit","COMPONENTES ELECTRONICOS / Accesorios por tipo / Reguladores de presión"
"__export__.product_template_87_aacde1f0","Regulador de presión RMI-15H","12.0","12.0","12.0","__export__.product_category_33_60f244e2","0.0","2000.0","RMI-15H","1","Almacenable","uom.product_uom_unit","COMPONENTES ELECTRONICOS / Accesorios por tipo / Reguladores de presión"
"__export__.product_template_193_4d7fb6c8","Regulador tipo pistón","198.0","198.0","198.0","__export__.product_category_33_60f244e2","16.330000000000002","1200.0","AM-0-GR-02","1","Almacenable","uom.product_uom_unit","COMPONENTES ELECTRONICOS / Accesorios por tipo / Reguladores de presión"
"__export__.product_template_743_44ce32c8","Rejilla para Rayos X","0.0","0.0","0.0","product.product_category_all","0.0","11000.0","12 x 15","1","Almacenable","uom.product_uom_unit","COMPONENTES ELECTRONICOS"
"__export__.product_template_863_3be7eace","Resistencia 22","0.0","0.0","0.0","product.product_category_all","0.0","1.0","605-Resistencia","1","Almacenable","uom.product_uom_unit","COMPONENTES ELECTRONICOS"
"__export__.product_template_1110_ab82b799","Resistor 120 Ohmios","0.0","0.0","0.0","product.product_category_all","0.0","1.0","107-Resistor 120 Ohmios","1","Almacenable","uom.product_uom_unit","COMPONENTES ELECTRONICOS"
"__export__.product_template_706_1c724517","Rodillo para impresora lifepak 12","0.0","0.0","0.0","product.product_category_all","0.0","4891.31","50 mm","1","Almacenable","uom.product_uom_unit","COMPONENTES ELECTRONICOS"
"__export__.product_template_803_1b03b3a9","Rueda con seguro para maquina de anestesia","0.0","0.0","0.0","product.product_category_all","0.0","2875.3","SCC2105-03TL","1","Almacenable","uom.product_uom_unit","COMPONENTES ELECTRONICOS"
"__export__.product_template_805_a05472cd","Rueda sin seguro para maquina de anestesia","0.0","0.0","0.0","product.product_category_all","0.0","1872.4","SCC2105-03DL","1","Almacenable","uom.product_uom_unit","COMPONENTES ELECTRONICOS"
"__export__.product_template_798_2687da24","S-34PT2Q6","0.0","0.0","0.0","product.product_category_all","0.0","0.0","","1","Consumible","uom.product_uom_unit","COMPONENTES ELECTRONICOS"
"__export__.product_template_922_1a8c71c1","S1M","0.0","0.0","0.0","product.product_category_all","0.0","1.0","531-S1M","1","Almacenable","uom.product_uom_unit","COMPONENTES ELECTRONICOS"
"__export__.product_template_923_847c459f","S2M","0.0","0.0","0.0","product.product_category_all","0.0","1.0","532-S2M","1","Almacenable","uom.product_uom_unit","COMPONENTES ELECTRONICOS"
"__export__.product_template_924_b9a213b3","S3M","0.0","0.0","0.0","product.product_category_all","0.0","1.0","533-S3M","1","Almacenable","uom.product_uom_unit","COMPONENTES ELECTRONICOS"
"__export__.product_template_587_e9ea9b12","S8050","0.0","0.0","0.0","product.product_category_all","0.0","1.0","511-S8050","1","Almacenable","uom.product_uom_unit","COMPONENTES ELECTRONICOS"
"__export__.product_template_588_45593bf1","S8550","0.0","0.0","0.0","product.product_category_all","0.0","1.0","527-S8550","1","Almacenable","uom.product_uom_unit","COMPONENTES ELECTRONICOS"
"__export__.product_template_589_40b6000b","S9012","0.0","0.0","0.0","product.product_category_all","0.0","1.0","290-S9012 PNP","1","Almacenable","uom.product_uom_unit","COMPONENTES ELECTRONICOS"
"__export__.product_template_590_4e106bfe","S9013","0.0","0.0","0.0","product.product_category_all","0.0","1.0","825-S9013","1","Almacenable","uom.product_uom_unit","COMPONENTES ELECTRONICOS"
"__export__.product_template_591_fc7f7168","S9014","0.0","0.0","0.0","product.product_category_all","0.0","1.0","779-S9014","1","Almacenable","uom.product_uom_unit","COMPONENTES ELECTRONICOS"
"__export__.product_template_592_c8fe9da7","S9015","0.0","0.0","0.0","product.product_category_all","0.0","1.0","779-S9015","1","Almacenable","uom.product_uom_unit","COMPONENTES ELECTRONICOS"
"__export__.product_template_593_28c8a40f","S9018","0.0","0.0","0.0","product.product_category_all","0.0","1.0","779-S9018","1","Almacenable","uom.product_uom_unit","COMPONENTES ELECTRONICOS"
"__export__.product_template_1123_89c5d317","SB5H100","0.0","0.0","0.0","product.product_category_all","0.0","1.0","354-SB5H100","1","Almacenable","uom.product_uom_unit","COMPONENTES ELECTRONICOS"
"__export__.product_template_261_c999328d","SCANNER DE TEMPERATURA","0.0","0.0","0.0","product.product_category_all","0.0","1.0","SCAN TEMP","1","Almacenable","uom.product_uom_unit","COMPONENTES ELECTRONICOS"
"__export__.product_template_260_d95f660c","SCANNER PARA LABORATORIO","0.0","0.0","0.0","product.product_category_all","0.0","1.0","SCAN","1","Almacenable","uom.product_uom_unit","COMPONENTES ELECTRONICOS"
"__export__.product_template_1212_2f0f234e","SE556CN","0.0","0.0","0.0","product.product_category_all","0.0","1.0","612-SE556CN","1","Almacenable","uom.product_uom_unit","COMPONENTES ELECTRONICOS"
"__export__.product_template_324_929f6d5b","SENSOR DE O2 DRAGER","0.0","0.0","0.0","product.product_category_all","0.0","7600.0","6850645","1","Almacenable","uom.product_uom_unit","COMPONENTES ELECTRONICOS"
"__export__.product_template_50_21f8a684","SENSOR NONIN 7500","0.0","0.0","0.0","__export__.product_category_32_34659fcb","0.0","8500.0","Nonin 7500","1","Almacenable","uom.product_uom_unit","COMPONENTES ELECTRONICOS / Accesorios por tipo / Sensores y cables de SpO2"
"__export__.product_template_626_ceeeddb7","SERVICI","0.0","0.0","0.0","product.product_category_all","0.0","0.0","","1","Consumible","uom.product_uom_unit","COMPONENTES ELECTRONICOS"
"__export__.product_template_222_0170a601","SERVICIO TÉCNICO","0.0","0.0","0.0","product.product_category_all","0.0","0.0","TEC","1","Consumible","uom.product_uom_unit","COMPONENTES ELECTRONICOS"
"__export__.product_template_681_228f373b","SISTEMA DE ALARMA DE ZONA DE GAS (O2,VAC)","0.0","0.0","0.0","product.product_category_all","0.0","26087.0","AM-AR2","1","Almacenable","uom.product_uom_unit","COMPONENTES ELECTRONICOS"
"__export__.product_template_57_5ddd8c83","SISTEMA DE CUIDADO RT319","1.0","1.0","1.0","product.product_category_all","0.0","4600.0","RT319","1","Almacenable","uom.product_uom_unit","COMPONENTES ELECTRONICOS"
"__export__.product_template_505_7a4451f3","SK3858","0.0","0.0","0.0","product.product_category_all","0.0","1.0","274-SK3858","1","Almacenable","uom.product_uom_unit","COMPONENTES ELECTRONICOS"
"__export__.product_template_1156_5b9368c0","SL3040PT","0.0","0.0","0.0","product.product_category_all","0.0","1.0","778-SL3040PT","1","Almacenable","uom.product_uom_unit","COMPONENTES ELECTRONICOS"
"__export__.product_template_561_89189a48","SMD CAPACITORES","0.0","0.0","0.0","product.product_category_all","0.0","1.0","SMD CAPACITORES","1","Almacenable","uom.product_uom_unit","COMPONENTES ELECTRONICOS"
"__export__.product_template_619_d2fd843b","SMD DIODE KIT","0.0","0.0","0.0","product.product_category_all","0.0","1.0","BA0012X150","1","Almacenable","uom.product_uom_unit","COMPONENTES ELECTRONICOS"
"__export__.product_template_562_9ae7dd42","SMD Surtido de regulador de voltaje","0.0","0.0","0.0","product.product_category_all","0.0","1.0","SMD REGULADORES DE VOLTAGE","1","Almacenable","uom.product_uom_unit","COMPONENTES ELECTRONICOS"
"__export__.product_template_546_f3fc1167","SMD TRANSISTOR J3Y","0.0","0.0","0.0","product.product_category_all","0.0","1.0","S8050-J3Y","1","Almacenable","uom.product_uom_unit","COMPONENTES ELECTRONICOS"
"__export__.product_template_545_7c6d8a32","SMD ZENER DIODE KIT","0.0","0.0","0.0","product.product_category_all","0.0","1.0","ZENER","1","Almacenable","uom.product_uom_unit","COMPONENTES ELECTRONICOS"
"__export__.product_template_1229_2566fc63","SN74HC14DR","0.0","0.0","0.0","product.product_category_all","0.0","1.0","296-1194-1-ND","1","Almacenable","uom.product_uom_unit","COMPONENTES ELECTRONICOS"
"__export__.product_template_1213_99ba3df3","SN74HC245N","0.0","0.0","0.0","product.product_category_all","0.0","1.0","994-SN74HC245N","1","Almacenable","uom.product_uom_unit","COMPONENTES ELECTRONICOS"
"__export__.product_template_463_3667c4d6","SN74LS04N","0.0","0.0","0.0","product.product_category_all","0.0","1.0","288-SN74LS04N","1","Almacenable","uom.product_uom_unit","COMPONENTES ELECTRONICOS"
"__export__.product_template_862_55227969","SN74LS05N","0.0","0.0","0.0","product.product_category_all","0.0","1.0","595-SN74LS05N","1","Almacenable","uom.product_uom_unit","COMPONENTES ELECTRONICOS"
"__export__.product_template_1141_f973a576","SN74LS123N","0.0","0.0","0.0","product.product_category_all","0.0","1.0","556-SN74LS123N","1","Almacenable","uom.product_uom_unit","COMPONENTES ELECTRONICOS"
"__export__.product_template_462_dc7901d1","SN74LS138N","0.0","0.0","0.0","product.product_category_all","0.0","1.0","628-SN74LS138N","1","Almacenable","uom.product_uom_unit","COMPONENTES ELECTRONICOS"
"__export__.product_template_461_807d4c44","SN74LS139AN","0.0","0.0","0.0","product.product_category_all","0.0","1.0","129-SN74LS139AN","1","Almacenable","uom.product_uom_unit","COMPONENTES ELECTRONICOS"
"__export__.product_template_443_3c1acf10","SN74LS164N","0.0","0.0","0.0","product.product_category_all","0.0","1.0","595-SN74LS164N","1","Almacenable","uom.product_uom_unit","COMPONENTES ELECTRONICOS"
"__export__.product_template_467_d20d3aae","SN74LS32N","0.0","0.0","0.0","product.product_category_all","0.0","1.0","678-SN74LS32N","1","Almacenable","uom.product_uom_unit","COMPONENTES ELECTRONICOS"
"__export__.product_template_465_c251bcd7","SN74LS373N","0.0","0.0","0.0","product.product_category_all","0.0","1.0","895-SN74LS373N","1","Almacenable","uom.product_uom_unit","COMPONENTES ELECTRONICOS"
"__export__.product_template_918_bf85fd78","SN74LS541N","0.0","0.0","0.0","product.product_category_all","0.0","1.0","753-SN74LS541N","1","Almacenable","uom.product_uom_unit","COMPONENTES ELECTRONICOS"
"__export__.product_template_1137_c558ec11","SN74S240N","0.0","0.0","0.0","product.product_category_all","0.0","1.0","595--SN74S240N","1","Almacenable","uom.product_uom_unit","COMPONENTES ELECTRONICOS"
"__export__.product_template_1214_88732f32","SN75189N","0.0","0.0","0.0","product.product_category_all","0.0","1.0","886-SN75189N","1","Almacenable","uom.product_uom_unit","COMPONENTES ELECTRONICOS"
"__export__.product_template_294_32ae95a5","SOPLETE DE GAS PROPANO","0.0","0.0","0.0","product.product_category_all","0.0","1.0","PROQTY","1","Almacenable","uom.product_uom_unit","COMPONENTES ELECTRONICOS"
"__export__.product_template_422_1ebffeaa","SOPORTE PLÁSTICO PARA A/C","0.0","0.0","0.0","product.product_category_all","0.0","650.0","PLS","1","Almacenable","uom.product_uom_unit","COMPONENTES ELECTRONICOS"
"__export__.product_template_969_9928d41f","SR10CS10DC48","0.0","0.0","0.0","product.product_category_all","0.0","1.0","622-SR10CS10DC48","1","Almacenable","uom.product_uom_unit","COMPONENTES ELECTRONICOS"
"__export__.product_template_962_2616f366","SRD-12VDC-SL-C","0.0","0.0","0.0","product.product_category_all","0.0","1.0","676-SRD-12VDC-SL-C","1","Almacenable","uom.product_uom_unit","COMPONENTES ELECTRONICOS"
"__export__.product_template_925_4e986161","SS14","0.0","0.0","0.0","product.product_category_all","0.0","1.0","DIO-SS14-736","1","Almacenable","uom.product_uom_unit","COMPONENTES ELECTRONICOS"
"__export__.product_template_926_c06340ed","SS16","0.0","0.0","0.0","product.product_category_all","0.0","1.0","738-SS16","1","Almacenable","uom.product_uom_unit","COMPONENTES ELECTRONICOS"
"__export__.product_template_927_399df100","SS24","0.0","0.0","0.0","product.product_category_all","0.0","1.0","744-SS16","1","Almacenable","uom.product_uom_unit","COMPONENTES ELECTRONICOS"
"__export__.product_template_928_cc4a0bc5","SS26","0.0","0.0","0.0","product.product_category_all","0.0","1.0","746-SS26","1","Almacenable","uom.product_uom_unit","COMPONENTES ELECTRONICOS"
"__export__.product_template_929_294ce39f","SS34","0.0","0.0","0.0","product.product_category_all","0.0","1.0","754-SS34","1","Almacenable","uom.product_uom_unit","COMPONENTES ELECTRONICOS"
"__export__.product_template_930_6f22d391","SS36","0.0","0.0","0.0","product.product_category_all","0.0","1.0","756-SS36","1","Almacenable","uom.product_uom_unit","COMPONENTES ELECTRONICOS"
"__export__.product_template_455_0647b0a2","STK621-033N-E","0.0","0.0","0.0","product.product_category_all","0.0","1.0","863-STK621-033N-E","1","Almacenable","uom.product_uom_unit","COMPONENTES ELECTRONICOS"
"__export__.product_template_468_a9b3fc89","SUCCIONADOR","0.0","0.0","0.0","product.product_category_all","0.0","55000.0","YX930D","1","Almacenable","uom.product_uom_unit","COMPONENTES ELECTRONICOS"
"__export__.product_template_364_9d88c1f0","SUCCIONADOR DE FLEMAS DRIVE","0.0","0.0","0.0","product.product_category_all","0.0","8500.0","#18600","1","Almacenable","uom.product_uom_unit","COMPONENTES ELECTRONICOS"
"__export__.product_template_486_ec7fb06d","Salida de Oxigeno Diss","0.0","0.0","0.0","product.product_category_all","0.0","2415.85","oxy-wall-diss","1","Almacenable","uom.product_uom_unit","COMPONENTES ELECTRONICOS"
"__export__.product_template_198_8d8e9bc2","Salida de Oxigeno Ohmeda","5.0","5.0","5.0","__export__.product_category_10_cd64bdf9","0.0","2415.85","OH-WAL-OXY","1","Almacenable","uom.product_uom_unit","COMPONENTES ELECTRONICOS / Accesorios por tipo"
"__export__.product_template_328_94feae77","Sello para compuerta con pin de seguridad","0.0","0.0","0.0","product.product_category_all","0.0","3647.21","PCRI","1","Almacenable","uom.product_uom_unit","COMPONENTES ELECTRONICOS"
"__export__.product_template_113_e022b630","Sensor Biolight","1.0","1.0","1.0","__export__.product_category_32_34659fcb","0.0","2800.0","U410-62D","1","Almacenable","uom.product_uom_unit","COMPONENTES ELECTRONICOS / Accesorios por tipo / Sensores y cables de SpO2"
"__export__.product_template_178_3aa4377d","Sensor CSI Adulto","2.0","2.0","2.0","__export__.product_category_32_34659fcb","0.0","3150.0","Cat934-10DN","1","Almacenable","uom.product_uom_unit","COMPONENTES ELECTRONICOS / Accesorios por tipo / Sensores y cables de SpO2"
"__export__.product_template_1237_01339d07","Sensor De OXIMETRIA Spo2 Adulto","0.0","0.0","0.0","__export__.product_category_32_34659fcb","0.0","1.0","","1","Almacenable","uom.product_uom_unit","COMPONENTES ELECTRONICOS / Accesorios por tipo / Sensores y cables de SpO2"
"__export__.product_template_1_86189986","Sensor LNCS DC-1","17.0","17.0","17.0","__export__.product_category_5_dfcef8d2","0.0","3200.0","1863 LNCS","1","Almacenable","uom.product_uom_unit","COMPONENTES ELECTRONICOS / Sensores"
"__export__.product_template_104_b779c39a","Sensor Nellcor D-25L","1.0","1.0","1.0","product.product_category_all","0.0","2000.0","D-25L","1","Almacenable","uom.product_uom_unit","COMPONENTES ELECTRONICOS"
"__export__.product_template_13_acd96a72","Sensor Oximetria Masimo","21.0","21.0","21.0","__export__.product_category_5_dfcef8d2","0.0","2300.0","SET 2C034","1","Almacenable","uom.product_uom_unit","COMPONENTES ELECTRONICOS / Sensores"
"__export__.product_template_140_4bad6700","Sensor de Capnografía Co2","6.0","6.0","6.0","product.product_category_all","0.0","1800.0","6871500","1","Almacenable","uom.product_uom_unit","COMPONENTES ELECTRONICOS"
"__export__.product_template_37_1a5bc837","Sensor de Flujo Datex Ohmeda","10.0","10.0","10.0","product.product_category_all","0.0","6800.0","1503-3858-000","1","Almacenable","uom.product_uom_unit","COMPONENTES ELECTRONICOS"
"__export__.product_template_75_06dccfca","Sensor de O2","4.0","4.0","4.0","__export__.product_category_32_34659fcb","0.0","5700.0","MX01050","1","Almacenable","uom.product_uom_unit","COMPONENTES ELECTRONICOS / Accesorios por tipo / Sensores y cables de SpO2"
"__export__.product_template_172_66142e08","Sensor de Oxigeno Maxtec.","2.0","2.0","2.0","__export__.product_category_11_74b95fca","0.0","3400.0","r114p70","1","Almacenable","uom.product_uom_unit","COMPONENTES ELECTRONICOS / Accesorios por tipo / Sensores y cables de CO2"
"__export__.product_template_720_b9f571d9","Sensor de flujo Drager","0.0","0.0","0.0","product.product_category_all","0.0","8200.0","6871980","1","Almacenable","uom.product_uom_unit","COMPONENTES ELECTRONICOS"
"__export__.product_template_36_99c181ed","Sensor de flujo GE DATEX","2.0","2.0","2.0","product.product_category_all","0.0","6800.0","1503-3856-000","1","Almacenable","uom.product_uom_unit","COMPONENTES ELECTRONICOS"
"__export__.product_template_22_1daae70c","Sensor de oxigeno Maxtec","2.0","2.0","2.0","__export__.product_category_11_74b95fca","0.0","3400.0","R114P73","1","Almacenable","uom.product_uom_unit","COMPONENTES ELECTRONICOS / Accesorios por tipo / Sensores y cables de CO2"
"__export__.product_template_796_527e724e","Sensor de oxigeno para maquina de anestesia","0.0","0.0","0.0","product.product_category_all","0.0","8265.62","PSR 11-915-4","1","Almacenable","uom.product_uom_unit","COMPONENTES ELECTRONICOS"
"__export__.product_template_1242_bccf3da9","Sensor de oximetria SpO2 4050 RD MASIMO","0.0","0.0","0.0","product.product_category_1","0.0","3800.0","SP1016AD1","1","Almacenable","uom.product_uom_unit","Producto"
"__export__.product_template_814_c86adf2e","Sensor de oximetria SpO2 adulto","0.0","0.0","0.0","__export__.product_category_32_34659fcb","0.0","2043.48","1147B13A","1","Almacenable","uom.product_uom_unit","COMPONENTES ELECTRONICOS / Accesorios por tipo / Sensores y cables de SpO2"
"__export__.product_template_1236_15f5702f","Sensor de oximetria SpO2 adulto TEVEIK","0.0","0.0","0.0","__export__.product_category_32_34659fcb","0.0","2850.0","1155C11A","1","Almacenable","uom.product_uom_unit","COMPONENTES ELECTRONICOS / Accesorios por tipo / Sensores y cables de SpO2"
"__export__.product_template_1241_096ff4a8","Sensor de oximetria SpO2 adulto compatible con Nellcor","0.0","0.0","0.0","product.product_category_1","0.0","1.0","1153C11A","1","Almacenable","uom.product_uom_unit","Producto"
"__export__.product_template_1240_2713b79d","Sensor de oximetria SpO2 para Philips","0.0","0.0","0.0","product.product_category_1","0.0","1.0","1164B13A","1","Almacenable","uom.product_uom_unit","Producto"
"__export__.product_template_791_4f541af5","Sensor de oximetría Marca: Nellcor","0.0","0.0","0.0","product.product_category_all","0.0","8625.0","DS100A","1","Almacenable","uom.product_uom_unit","COMPONENTES ELECTRONICOS"
"__export__.product_template_157_5babef5a","Sensor de oxígeno GE Datex Ohmeda","2.0","2.0","2.0","__export__.product_category_30_4c7ad97e","0.0","6700.0","6050-0004-110","1","Almacenable","uom.product_uom_unit","COMPONENTES ELECTRONICOS / Accesorios y piezas por categoría / Ventiladores"
"__export__.product_template_171_6f73f8fa","Sensor de pulso / oximetría Marca : Nellcor","5.0","5.0","5.0","__export__.product_category_5_dfcef8d2","0.0","3200.0","OEM-S1541A","1","Almacenable","uom.product_uom_unit","COMPONENTES ELECTRONICOS / Sensores"
"__export__.product_template_169_ede86348","Sensor de temperatura","20.0","20.0","20.0","__export__.product_category_18_b1b22fd8","0.0","2000.0","81-010400","1","Almacenable","uom.product_uom_unit","COMPONENTES ELECTRONICOS / Accesorios y piezas por categoría"
"__export__.product_template_792_147178c5","Sensores de oxígeno Maxtec  / VAPOTHERM","0.0","0.0","0.0","product.product_category_all","0.0","8471.9","R125P01-002 MAX-250","1","Almacenable","uom.product_uom_unit","COMPONENTES ELECTRONICOS"
"__export__.product_template_46_51b9b926","Sistema de soporte ventilatorio BiPap Vision","5.0","5.0","5.0","__export__.product_category_30_4c7ad97e","0.0","80000.0","0.3","1","Almacenable","uom.product_uom_unit","COMPONENTES ELECTRONICOS / Accesorios y piezas por categoría / Ventiladores"
"__export__.product_template_81_157caa8c","Softrans FCB 4021 IUPC CABLE","3.0","3.0","3.0","__export__.product_category_10_cd64bdf9","0.0","2000.0","FCB 4021, 4030","1","Almacenable","uom.product_uom_unit","COMPONENTES ELECTRONICOS / Accesorios por tipo"
"__export__.product_template_202_f6ad42d6","Sonda de gas doble Schrader","24.0","30.0","24.0","__export__.product_category_10_cd64bdf9","0.0","1700.0","TP-OHMEDA","1","Almacenable","uom.product_uom_unit","COMPONENTES ELECTRONICOS / Accesorios por tipo"
"__export__.product_template_24_0be9ec57","Sonda de temperatura Axilar","3.0","3.0","3.0","__export__.product_category_18_b1b22fd8","0.0","2700.0","02678-100","1","Almacenable","uom.product_uom_unit","COMPONENTES ELECTRONICOS / Accesorios y piezas por categoría"
"__export__.product_template_760_1406425e","Sonda dual 3-en-1 ultrasónica Multiuso convexa + lineal + escaner cardíaco","0.0","0.0","0.0","product.product_category_all","0.0","82608.7","C10TX","1","Almacenable","uom.product_uom_unit","COMPONENTES ELECTRONICOS"
"__export__.product_template_205_0ccea15e","Sondas de gas OHMEDA","20.0","20.0","20.0","product.product_category_all","0.0","950.0","GP-OHMEDA.","1","Almacenable","uom.product_uom_unit","COMPONENTES ELECTRONICOS"
"__export__.product_template_203_d06aba83","Soporte de monitor","5.0","5.0","5.0","__export__.product_category_10_cd64bdf9","0.0","7000.0","AM-M-60","1","Almacenable","uom.product_uom_unit","COMPONENTES ELECTRONICOS / Accesorios por tipo"
"__export__.product_template_80_b3da1e3e","Soporte y cubierta de sensor","2.0","2.0","2.0","__export__.product_category_18_b1b22fd8","0.0","9000.0","14063400","1","Almacenable","uom.product_uom_unit","COMPONENTES ELECTRONICOS / Accesorios y piezas por categoría"
"__export__.product_template_274_e5da7c32","Succionador Gomco 300","0.0","0.0","0.0","product.product_category_all","0.0","1.0","300","1","Almacenable","uom.product_uom_unit","COMPONENTES ELECTRONICOS"
"__export__.product_template_297_c4af5237","Succionador Gomco Portatil","0.0","0.0","0.0","product.product_category_all","0.0","28500.0","Modelo 4005","1","Almacenable","uom.product_uom_unit","COMPONENTES ELECTRONICOS"
"__export__.product_template_272_c1c10d98","Succionador de Flemas Devilbiss","0.0","0.0","0.0","product.product_category_all","0.0","10000.0","7305P-D","1","Almacenable","uom.product_uom_unit","COMPONENTES ELECTRONICOS"
"__export__.product_template_510_53aba504","T 2A","0.0","0.0","0.0","product.product_category_all","0.0","1.0","T 2A","1","Almacenable","uom.product_uom_unit","COMPONENTES ELECTRONICOS"
"__export__.product_template_509_832d2613","T 5A","0.0","0.0","0.0","product.product_category_all","0.0","1.0","T 5A","1","Almacenable","uom.product_uom_unit","COMPONENTES ELECTRONICOS"
"__export__.product_template_878_78a4ec78","T2800M","0.0","0.0","0.0","product.product_category_all","0.0","1.0","953-T2800M","1","Almacenable","uom.product_uom_unit","COMPONENTES ELECTRONICOS"
"__export__.product_template_847_93950401","T2A 250V","0.0","0.0","0.0","product.product_category_all","0.0","1.0","778-T2A 250V","1","Almacenable","uom.product_uom_unit","COMPONENTES ELECTRONICOS"
"__export__.product_template_1103_b2577f3a","T90S1D12-5","0.0","0.0","0.0","product.product_category_all","0.0","1.0","546-T90S1D12-5","1","Almacenable","uom.product_uom_unit","COMPONENTES ELECTRONICOS"
"__export__.product_template_421_2b4348d3","TACO EXPANZOR","0.0","0.0","0.0","product.product_category_all","0.0","1.25","S8","1","Almacenable","uom.product_uom_unit","COMPONENTES ELECTRONICOS"
"__export__.product_template_823_4eb29d66","TARJETA ELECTRONICA CRYO SMART 06","0.0","0.0","0.0","product.product_category_all","0.0","37987.5","","1","Consumible","uom.product_uom_unit","COMPONENTES ELECTRONICOS"
"__export__.product_template_541_ec67b0fa","TARJETA ELECTRONICA DE CARGA POLYMOBIL III","0.0","0.0","0.0","product.product_category_all","0.0","44789.0","D950","1","Almacenable","uom.product_uom_unit","COMPONENTES ELECTRONICOS"
"__export__.product_template_943_ed4a5dae","TC4423","0.0","0.0","0.0","product.product_category_all","0.0","1.0","876-TC4423","1","Almacenable","uom.product_uom_unit","COMPONENTES ELECTRONICOS"
"__export__.product_template_1135_17cc6824","TDA1170N","0.0","0.0","0.0","product.product_category_all","0.0","1.0","924-TDA1170N","1","Almacenable","uom.product_uom_unit","COMPONENTES ELECTRONICOS"
"__export__.product_template_835_28cbfe76","TDA2006","0.0","0.0","0.0","product.product_category_all","0.0","1.0","806-TDA2006","1","Almacenable","uom.product_uom_unit","COMPONENTES ELECTRONICOS"
"__export__.product_template_400_22f54b6e","TIP29C","0.0","0.0","0.0","product.product_category_all","0.0","1.0","511-TIP29C","1","Almacenable","uom.product_uom_unit","COMPONENTES ELECTRONICOS"
"__export__.product_template_882_dc4b379a","TIP31A","0.0","0.0","0.0","product.product_category_all","0.0","1.0","511-TIP31","1","Almacenable","uom.product_uom_unit","COMPONENTES ELECTRONICOS"
"__export__.product_template_867_fa9b118e","TIP42B","0.0","0.0","0.0","product.product_category_all","0.0","1.0","220-TIP42B","1","Almacenable","uom.product_uom_unit","COMPONENTES ELECTRONICOS"
"__export__.product_template_402_50947372","TIP42C","0.0","0.0","0.0","product.product_category_all","0.0","1.0","511-TIP42C","1","Almacenable","uom.product_uom_unit","COMPONENTES ELECTRONICOS"
"__export__.product_template_495_5fa331c7","TL3845BD-8","0.0","0.0","0.0","product.product_category_all","0.0","1.0","595-TL3845BD-8","1","Almacenable","uom.product_uom_unit","COMPONENTES ELECTRONICOS"
"__export__.product_template_1149_fc1800e0","TL431CDBVT","0.0","0.0","0.0","product.product_category_all","0.0","1.0","620-T3CS","1","Almacenable","uom.product_uom_unit","COMPONENTES ELECTRONICOS"
"__export__.product_template_881_1f1305ae","TLC272IP","0.0","0.0","0.0","product.product_category_all","0.0","1.0","595-TLC272IP","1","Almacenable","uom.product_uom_unit","COMPONENTES ELECTRONICOS"
"__export__.product_template_831_6a4c81ab","TNY267PN","0.0","0.0","0.0","product.product_category_all","0.0","1.0","869-TNY267PN","1","Almacenable","uom.product_uom_unit","COMPONENTES ELECTRONICOS"
"__export__.product_template_237_170a12fc","TORRE DE ENDOSCOPIA","0.0","0.0","0.0","product.product_category_all","0.0","14000.0","TDE","1","Almacenable","uom.product_uom_unit","COMPONENTES ELECTRONICOS"
"__export__.product_template_656_8f5a37f2","TRANSCUTANEO BILIRRUBINOMETRO","0.0","0.0","0.0","product.product_category_all","0.0","83500.0","BM-100A/100C","1","Almacenable","uom.product_uom_unit","COMPONENTES ELECTRONICOS"
"__export__.product_template_676_5f79c05f","TRANSDUCTOR L741 PARA ULTRASONIDO SONOSCAPE E1","0.0","0.0","0.0","product.product_category_all","0.0","1.0","L741/E1 EXP","1","Almacenable","uom.product_uom_unit","COMPONENTES ELECTRONICOS"
"__export__.product_template_585_e950ff18","TRANSISTOR BC517 NPN","0.0","0.0","0.0","product.product_category_all","0.0","1.0","BC517 NPN","1","Almacenable","uom.product_uom_unit","COMPONENTES ELECTRONICOS"
"__export__.product_template_586_e48639fb","TRANSISTOR BC550 NPN","0.0","0.0","0.0","product.product_category_all","0.0","1.0","BC550","1","Almacenable","uom.product_uom_unit","COMPONENTES ELECTRONICOS"
"__export__.product_template_1139_914cc03e","TS1117B","0.0","0.0","0.0","product.product_category_all","0.0","1.0","860-TS1117B","1","Almacenable","uom.product_uom_unit","COMPONENTES ELECTRONICOS"
"__export__.product_template_684_0786c11d","TUBO DE SUCCION DESECHABLE","0.0","0.0","0.0","product.product_category_all","0.0","32.17","AM-ST","1","Almacenable","uom.product_uom_unit","COMPONENTES ELECTRONICOS"
"__export__.product_template_1109_0bd13007","TXS2SA-3A","0.0","0.0","0.0","product.product_category_all","0.0","1.0","945-TXS2SA-3A","1","Almacenable","uom.product_uom_unit","COMPONENTES ELECTRONICOS"
"__export__.product_template_82_c801b99e","Taladro de fijación eléctrico Hall Micro E 5040-009","1.0","1.0","1.0","__export__.product_category_18_b1b22fd8","0.0","25000.0","5040-009","1","Almacenable","uom.product_uom_unit","COMPONENTES ELECTRONICOS / Accesorios y piezas por categoría"
"__export__.product_template_186_eda1a7fb","Tamiz de AR-5","1.0","1.0","1.0","product.product_category_all","0.0","9300.0","Repue.- AR-5","1","Almacenable","uom.product_uom_unit","COMPONENTES ELECTRONICOS"
"__export__.product_template_47_ceb70326","Tanque de oxígeno Linde","10.0","10.0","10.0","product.product_category_1","0.0","2700.0","UN1072","1","Almacenable","uom.product_uom_unit","Producto"
"__export__.product_template_164_76bf0117","Tarjeta de concentrador Devilvis 525DS","6.0","6.0","6.0","__export__.product_category_18_b1b22fd8","0.0","4600.0","525DS-622","1","Almacenable","uom.product_uom_unit","COMPONENTES ELECTRONICOS / Accesorios y piezas por categoría"
"__export__.product_template_215_a3c1e9d9","Termostato NEST","0.0","0.0","0.0","product.product_category_1","0.0","6250.0","T200577","1","Almacenable","uom.product_uom_unit","Producto"
"__export__.product_template_185_353c627b","Tester carga de prueba","1.0","1.0","1.0","__export__.product_category_21_b8ef4706","0.0","4500.0","3005389-007","1","Almacenable","uom.product_uom_unit","COMPONENTES ELECTRONICOS / Accesorios y piezas por categoría / Desfibriladores"
"__export__.product_template_97_463112d5","TheraTouch 7.7","1.0","1.0","1.0","__export__.product_category_29_4e0aa2b0","0.0","35000.0","7.7","1","Almacenable","uom.product_uom_unit","COMPONENTES ELECTRONICOS / Accesorios y piezas por categoría / Ultrasonidos"
"__export__.product_template_474_7aac1044","Thermal paper rolls 2 1/4 x 50 Staples","0.0","0.0","0.0","product.product_category_all","0.0","741.0","18875/3295","1","Almacenable","uom.product_uom_unit","COMPONENTES ELECTRONICOS"
"__export__.product_template_808_10afdc2c","Trampa de agua Philips M1657B para monitores Philips MP70","0.0","0.0","0.0","product.product_category_all","0.0","3260.87","M1657B","1","Almacenable","uom.product_uom_unit","COMPONENTES ELECTRONICOS"
"__export__.product_template_124_33c42bf8","Transductor Endovaginal","1.0","1.0","1.0","__export__.product_category_15_390d88ab","0.0","10000.0","C5-IVT","1","Almacenable","uom.product_uom_unit","COMPONENTES ELECTRONICOS / Accesorios por tipo / Sondas y transductores"
"__export__.product_template_118_4a02f044","Transductor Endovaginal ALOKA","1.0","1.0","1.0","__export__.product_category_15_390d88ab","0.0","35800.0","UST-9118","1","Almacenable","uom.product_uom_unit","COMPONENTES ELECTRONICOS / Accesorios por tipo / Sondas y transductores"
"__export__.product_template_116_fb5129dd","Transductor Ultrasonido Aloka UST-9119","2.0","2.0","2.0","__export__.product_category_15_390d88ab","0.0","45000.0","UST-9119","1","Almacenable","uom.product_uom_unit","COMPONENTES ELECTRONICOS / Accesorios por tipo / Sondas y transductores"
"__export__.product_template_143_9ede7460","Transductor de ultrasonido DIASONIC","1.0","1.0","1.0","__export__.product_category_29_4e0aa2b0","0.0","8000.0","100-40058-00Z","1","Almacenable","uom.product_uom_unit","COMPONENTES ELECTRONICOS / Accesorios y piezas por categoría / Ultrasonidos"
"__export__.product_template_135_0c85c642","Transductor de ultrasonido SIEMENS","1.0","1.0","1.0","__export__.product_category_15_390d88ab","0.0","11500.0","7L30","1","Almacenable","uom.product_uom_unit","COMPONENTES ELECTRONICOS / Accesorios por tipo / Sondas y transductores"
"__export__.product_template_130_2239d742","Transductor de ultrasonido SIEMENS 3.5C40S","1.0","1.0","1.0","__export__.product_category_15_390d88ab","0.0","45000.0","4529314L0850","1","Almacenable","uom.product_uom_unit","COMPONENTES ELECTRONICOS / Accesorios por tipo / Sondas y transductores"
"__export__.product_template_136_dff571fd","Transductor de ultrasonido SIEMENS.","1.0","1.0","1.0","__export__.product_category_15_390d88ab","0.0","8000.0","5L45","1","Almacenable","uom.product_uom_unit","COMPONENTES ELECTRONICOS / Accesorios por tipo / Sondas y transductores"
"__export__.product_template_134_91e1a353","Transductor de ultrasonido TOSHIBA","1.0","1.0","1.0","__export__.product_category_15_390d88ab","0.0","35000.0","PVF-575MT","1","Almacenable","uom.product_uom_unit","COMPONENTES ELECTRONICOS / Accesorios por tipo / Sondas y transductores"
"__export__.product_template_133_6228068c","Transductor de ultrasonido TOSHIBA.","1.0","1.0","1.0","__export__.product_category_15_390d88ab","0.0","35000.0","PVF-375MT","1","Almacenable","uom.product_uom_unit","COMPONENTES ELECTRONICOS / Accesorios por tipo / Sondas y transductores"
"__export__.product_template_807_9eb5922c","Transductor lineal reacondicionado ara ultrasonido General Electric modelo LOGIQ F8","0.0","0.0","0.0","product.product_category_all","0.0","130000.0","L6-12-RS","1","Almacenable","uom.product_uom_unit","COMPONENTES ELECTRONICOS"
"__export__.product_template_69_8d9b8cf2","Transformador De Pared","1.0","1.0","1.0","__export__.product_category_10_cd64bdf9","0.0","38000.0","77710-71M","1","Almacenable","uom.product_uom_unit","COMPONENTES ELECTRONICOS / Accesorios por tipo"
"__export__.product_template_416_6ae106f9","Tubería de cobre Flexible 1/2","0.0","0.0","0.0","product.product_category_all","0.0","39.75","","1","Almacenable","uom.product_uom_unit","COMPONENTES ELECTRONICOS"
"__export__.product_template_417_06dccae6","Tubería de cobre Flexible 1/4","0.0","0.0","0.0","product.product_category_all","0.0","39.75","","1","Almacenable","uom.product_uom_unit","COMPONENTES ELECTRONICOS"
"__export__.product_template_336_8a7a24da","Tubería de cobre Flexible 3/8","0.0","0.0","0.0","product.product_category_all","0.0","28.4","3/8","1","Almacenable","uom.product_uom_unit","COMPONENTES ELECTRONICOS"
"__export__.product_template_334_b875b46e","Tubería de cobre Flexible 5/8","0.0","0.0","0.0","product.product_category_all","0.0","39.75","5/8","1","Almacenable","uom.product_uom_unit","COMPONENTES ELECTRONICOS"
"__export__.product_template_769_8b9f4e41","Tuberías del colector ( Manifold)","0.0","0.0","0.0","product.product_category_all","0.0","19650.0","AM-MLR","1","Almacenable","uom.product_uom_unit","COMPONENTES ELECTRONICOS"
"__export__.product_template_190_a736a477","Tubo de rayos X GE STATORIX M52.2","1.0","1.0","1.0","__export__.product_category_18_b1b22fd8","0.0","62500.0","statorix m52.2","1","Almacenable","uom.product_uom_unit","COMPONENTES ELECTRONICOS / Accesorios y piezas por categoría"
"__export__.product_template_1202_ce8fe692","UC3526AN","0.0","0.0","0.0","product.product_category_all","0.0","1.0","296-11220-5-ND","1","Almacenable","uom.product_uom_unit","COMPONENTES ELECTRONICOS"
"__export__.product_template_865_ab11b32b","UDN2981A","0.0","0.0","0.0","product.product_category_all","0.0","1.0","561-UDN2981A","1","Almacenable","uom.product_uom_unit","COMPONENTES ELECTRONICOS"
"__export__.product_template_433_b9e342f9","UDN2982A","0.0","0.0","0.0","product.product_category_all","0.0","1.0","UDN2982A","1","Almacenable","uom.product_uom_unit","COMPONENTES ELECTRONICOS"
"__export__.product_template_1218_6a188e16","UF4007","0.0","0.0","0.0","product.product_category_all","0.0","1.0","558-UF4007","1","Almacenable","uom.product_uom_unit","COMPONENTES ELECTRONICOS"
"__export__.product_template_292_dff00e71","ULN2003A","0.0","0.0","0.0","product.product_category_all","0.0","1.0","511-ULN2003A","1","Almacenable","uom.product_uom_unit","COMPONENTES ELECTRONICOS"
"__export__.product_template_466_96160f86","ULN2004A","0.0","0.0","0.0","product.product_category_all","0.0","1.0","847-ULN2004A","1","Almacenable","uom.product_uom_unit","COMPONENTES ELECTRONICOS"
"__export__.product_template_1140_d27dcfab","ULN2004A SMD","0.0","0.0","0.0","product.product_category_all","0.0","1.0","778-ULN2004A SMD","1","Almacenable","uom.product_uom_unit","COMPONENTES ELECTRONICOS"
"__export__.product_template_909_709911f1","ULN2803A","0.0","0.0","0.0","product.product_category_all","0.0","1.0","751-ULN2803A","1","Almacenable","uom.product_uom_unit","COMPONENTES ELECTRONICOS"
"__export__.product_template_291_22aa7715","ULN2803APG","0.0","0.0","0.0","product.product_category_all","0.0","1.0","757-ULN2803APG","1","Almacenable","uom.product_uom_unit","COMPONENTES ELECTRONICOS"
"__export__.product_template_908_b625ce78","ULN2804A","0.0","0.0","0.0","product.product_category_all","0.0","1.0","752-ULN2804A","1","Almacenable","uom.product_uom_unit","COMPONENTES ELECTRONICOS"
"__export__.product_template_233_4695604c","ULTRASONIDO ALOKA SSA ALPHA","0.0","0.0","0.0","product.product_category_all","0.0","0.0","PROSOUND","1","Almacenable","uom.product_uom_unit","COMPONENTES ELECTRONICOS"
"__export__.product_template_820_fe537cd5","ULTRASONIDO DE ELECTROTERAPIA MARCA: RICH-MAN THERATOUCH 7.7","0.0","0.0","0.0","product.product_category_all","0.0","40000.0","Rich-mar theratouch 7.7","1","Almacenable","uom.product_uom_unit","COMPONENTES ELECTRONICOS"
"__export__.product_template_675_46167ea6","ULTRASONIDO SONOSCAPE E1 EXP","0.0","0.0","0.0","product.product_category_all","0.0","1.0","","1","Almacenable","uom.product_uom_unit","COMPONENTES ELECTRONICOS"
"__export__.product_template_425_50080139","UNIDAD DE A/C","0.0","0.0","0.0","product.product_category_all","0.0","50600.0","36,000BTU","1","Almacenable","uom.product_uom_unit","COMPONENTES ELECTRONICOS"
"__export__.product_template_348_560da4a7","UNIDAD DE A/C 18,000 BTU","0.0","0.0","0.0","product.product_category_all","0.0","24869.57","18000BTU","1","Almacenable","uom.product_uom_unit","COMPONENTES ELECTRONICOS"
"__export__.product_template_680_dc5ac322","UNIDAD MEDICA DE CABECERA HORIZONTAL","0.0","0.0","0.0","product.product_category_all","0.0","8156.53","NTC300","1","Almacenable","uom.product_uom_unit","COMPONENTES ELECTRONICOS"
"__export__.product_template_761_469d9a44","UPS MUST 100 KVA ONLINE","0.0","0.0","0.0","__export__.product_category_37_9129b434","0.0","562500.0","EH9500","1","Almacenable","uom.product_uom_unit","COMPONENTES ELECTRONICOS / UPS"
"__export__.product_template_749_100d44cc","UPS MUST 10KVA","0.0","0.0","0.0","__export__.product_category_38_98ae5b81","0.0","112000.0","","1","Almacenable","uom.product_uom_unit","AllUPS"
"__export__.product_template_762_bb26fa1e","UPS MUST 120 KVA","0.0","0.0","0.0","__export__.product_category_37_9129b434","0.0","1157894.0","","1","Almacenable","uom.product_uom_unit","COMPONENTES ELECTRONICOS / UPS"
"__export__.product_template_745_731edf70","UPS MUST 1KVA","0.0","0.0","0.0","__export__.product_category_37_9129b434","0.0","8260.86","EH55 LV -1K","1","Almacenable","uom.product_uom_unit","COMPONENTES ELECTRONICOS / UPS"
"__export__.product_template_746_49a26e81","UPS MUST 2KVA","0.0","0.0","0.0","__export__.product_category_37_9129b434","0.0","12608.69","EH55-2K","1","Almacenable","uom.product_uom_unit","COMPONENTES ELECTRONICOS / UPS"
"__export__.product_template_747_0732125c","UPS MUST 3KVA","0.0","0.0","0.0","__export__.product_category_37_9129b434","0.0","19565.21","EH55 LV -3K","1","Consumible","uom.product_uom_unit","COMPONENTES ELECTRONICOS / UPS"
"__export__.product_template_748_8ceabcaa","UPS MUST 6 KVA","0.0","0.0","0.0","__export__.product_category_38_98ae5b81","0.0","76000.0","EH55 LV -6K","1","Almacenable","uom.product_uom_unit","AllUPS"
"__export__.product_template_471_1e3c14fd","UPS POWERBOX","0.0","0.0","0.0","product.product_category_all","0.0","73993.64","","1","Almacenable","uom.product_uom_unit","COMPONENTES ELECTRONICOS"
"__export__.product_template_932_fca97584","US1M","0.0","0.0","0.0","product.product_category_all","0.0","1.0","850-US1M","1","Almacenable","uom.product_uom_unit","COMPONENTES ELECTRONICOS"
"__export__.product_template_1232_9c4570a6","Ultrasonido inalámbrico  C10TXpro, sondas duales, ultrasonido multipropósito, sonda convexa + lineal + cardíaca","0.0","0.0","0.0","product.product_category_1","0.0","129043.47","C10TX PRO","1","Almacenable","uom.product_uom_unit","Producto"
"__export__.product_template_470_dac10d90","Unidad De A/C","0.0","0.0","0.0","product.product_category_all","0.0","70521.74","'--","1","Almacenable","uom.product_uom_unit","COMPONENTES ELECTRONICOS"
"__export__.product_template_472_75eb5921","Unidad De A/C CASSETE","0.0","0.0","0.0","product.product_category_all","0.0","70521.74","'---","1","Almacenable","uom.product_uom_unit","COMPONENTES ELECTRONICOS"
"__export__.product_template_972_72223f1b","V23105A5003A201","0.0","0.0","0.0","product.product_category_all","0.0","1.0","655-V23105A5003A201","1","Almacenable","uom.product_uom_unit","COMPONENTES ELECTRONICOS"
"__export__.product_template_678_3c3e1975","VALVULA DE BOLA DE GAS MEDICINAL","0.0","0.0","0.0","product.product_category_all","0.0","2434.79","BV-XX","1","Consumible","uom.product_uom_unit","COMPONENTES ELECTRONICOS"
"__export__.product_template_533_d1d9a360","VIDRIO PLOMADO","0.0","0.0","0.0","product.product_category_all","0.0","16721.0","2mmbp de 12X15 pulgadas","1","Almacenable","uom.product_uom_unit","COMPONENTES ELECTRONICOS"
"__export__.product_template_645_09f60669","VITRINA DE INSTRUMENTAL QUIRURGICO","0.0","0.0","0.0","product.product_category_all","0.0","38000.0","G-11","1","Almacenable","uom.product_uom_unit","COMPONENTES ELECTRONICOS"
"__export__.product_template_646_f4c92d30","VITRINA PARA INSTRUMENTAL","0.0","0.0","0.0","product.product_category_all","0.0","37700.0","G-9","1","Almacenable","uom.product_uom_unit","COMPONENTES ELECTRONICOS"
"__export__.product_template_1203_e3b71795","VN10KN3-G","0.0","0.0","0.0","product.product_category_all","0.0","1.0","689-VN10KN3-G / VN10KN3-G-ND","1","Almacenable","uom.product_uom_unit","COMPONENTES ELECTRONICOS"
"__export__.product_template_1207_aed80512","VN2222LL","0.0","0.0","0.0","product.product_category_all","0.0","1.0","150-VN2222LL-G-P0003CT-ND","1","Almacenable","uom.product_uom_unit","COMPONENTES ELECTRONICOS"
"__export__.product_template_100_d9a0eef1","ValleyLab Force 2","1.0","1.0","1.0","__export__.product_category_22_cbb5be8a","0.0","75000.0","force 2","1","Almacenable","uom.product_uom_unit","COMPONENTES ELECTRONICOS / Accesorios y piezas por categoría / Unidades electroquirúrgicas"
"__export__.product_template_276_f1f4270c","ValleyLab Force FX","0.0","0.0","0.0","__export__.product_category_22_cbb5be8a","0.0","142569.56","","1","Almacenable","uom.product_uom_unit","COMPONENTES ELECTRONICOS / Accesorios y piezas por categoría / Unidades electroquirúrgicas"
"__export__.product_template_98_7c86ff5e","Valleylab LigaSure","1.0","1.0","1.0","__export__.product_category_22_cbb5be8a","0.0","150000.0","ligasure","1","Almacenable","uom.product_uom_unit","COMPONENTES ELECTRONICOS / Accesorios y piezas por categoría / Unidades electroquirúrgicas"
"__export__.product_template_736_dc87744b","Vaporizador de sevoflurane","0.0","0.0","0.0","product.product_category_all","0.0","30000.0","drager 2000","1","Almacenable","uom.product_uom_unit","COMPONENTES ELECTRONICOS"
"__export__.product_template_45_7aa80bc5","Ventilador Mecanico IVENT","2.0","2.0","2.0","product.product_category_1","0.0","450000.0","GE Versamed iVent 201","1","Almacenable","uom.product_uom_unit","Producto"
"__export__.product_template_489_792781d4","Ventilador de Anestesia Ohmeda 7800","0.0","0.0","0.0","product.product_category_all","0.0","27000.0","Ohmeda-7800","1","Almacenable","uom.product_uom_unit","COMPONENTES ELECTRONICOS"
"__export__.product_template_107_536d8114","Vitrector Electrico","1.0","1.0","1.0","__export__.product_category_10_cd64bdf9","0.0","6000.0","CX5810","1","Almacenable","uom.product_uom_unit","COMPONENTES ELECTRONICOS / Accesorios por tipo"
"__export__.product_template_368_71019bbd","VÁLVULA TIPO Y DE ACERO INOXIDABLE DE 3/4","0.0","0.0","0.0","product.product_category_all","0.0","3400.0","3/4","1","Almacenable","uom.product_uom_unit","COMPONENTES ELECTRONICOS"
"__export__.product_template_166_be0b3206","Válvula giratoria para concentrador de oxigeno  DeVilbiss","1.0","1.0","1.0","__export__.product_category_18_b1b22fd8","0.0","5200.0","525DD-422","1","Almacenable","uom.product_uom_unit","COMPONENTES ELECTRONICOS / Accesorios y piezas por categoría"
"__export__.product_template_937_f45c4929","W 103","0.0","0.0","0.0","product.product_category_all","0.0","1.0","709-W 103","1","Almacenable","uom.product_uom_unit","COMPONENTES ELECTRONICOS"
"__export__.product_template_934_796db340","W 105","0.0","0.0","0.0","product.product_category_all","0.0","1.0","825-W 105","1","Almacenable","uom.product_uom_unit","COMPONENTES ELECTRONICOS"
"__export__.product_template_935_c1e07efa","W 202","0.0","0.0","0.0","product.product_category_all","0.0","1.0","756-W 202","1","Almacenable","uom.product_uom_unit","COMPONENTES ELECTRONICOS"
"__export__.product_template_936_db3b83ce","W 504","0.0","0.0","0.0","product.product_category_all","0.0","1.0","711-W 504","1","Almacenable","uom.product_uom_unit","COMPONENTES ELECTRONICOS"
"__export__.product_template_480_df32b945","WESTERN MEDICA REGULADOR","0.0","0.0","0.0","product.product_category_all","0.0","5500.0","M1-346-P","1","Almacenable","uom.product_uom_unit","COMPONENTES ELECTRONICOS"
"__export__.product_template_657_5528bc94","YZ-130 CAMPANA DE OXIGENO INANTIL","0.0","0.0","0.0","product.product_category_all","0.0","1480.0","YZ-130","1","Almacenable","uom.product_uom_unit","COMPONENTES ELECTRONICOS"
"__export__.product_template_658_c0f47465","YZ-160 CAMPANA DE OXIGENO INFANTIL","0.0","0.0","0.0","product.product_category_all","0.0","1690.0","YZ-160","1","Almacenable","uom.product_uom_unit","COMPONENTES ELECTRONICOS"
"__export__.product_template_659_8986a2d5","YZ-200 CAMPANA DE OXIGENO INFANTIL","0.0","0.0","0.0","product.product_category_all","0.0","2150.0","YZ-200","1","Almacenable","uom.product_uom_unit","COMPONENTES ELECTRONICOS"
"__export__.product_template_660_a9ef5a7f","YZ-300 CAMPANA DE OXIGENO INFANTIL","0.0","0.0","0.0","product.product_category_all","0.0","4600.0","YZ-300","1","Almacenable","uom.product_uom_unit","COMPONENTES ELECTRONICOS"
"__export__.product_template_994_f34de66b","ZMM10V","0.0","0.0","0.0","product.product_category_all","0.0","1.0","98-ZMM10V","1","Almacenable","uom.product_uom_unit","COMPONENTES ELECTRONICOS"
"__export__.product_template_980_4e999bca","ZMM11V","0.0","0.0","0.0","product.product_category_all","0.0","1.0","98-ZMM11V","1","Almacenable","uom.product_uom_unit","COMPONENTES ELECTRONICOS"
"__export__.product_template_989_4140590c","ZMM12V","0.0","0.0","0.0","product.product_category_all","0.0","1.0","98-ZMM12V","1","Almacenable","uom.product_uom_unit","COMPONENTES ELECTRONICOS"
"__export__.product_template_984_b461ffc7","ZMM13V","0.0","0.0","0.0","product.product_category_all","0.0","1.0","98-ZMM13V","1","Almacenable","uom.product_uom_unit","COMPONENTES ELECTRONICOS"
"__export__.product_template_991_101bfe67","ZMM15V","0.0","0.0","0.0","product.product_category_all","0.0","1.0","98-ZMM15V","1","Almacenable","uom.product_uom_unit","COMPONENTES ELECTRONICOS"
"__export__.product_template_990_260906fb","ZMM16V","0.0","0.0","0.0","product.product_category_all","0.0","1.0","98-ZMM16V","1","Almacenable","uom.product_uom_unit","COMPONENTES ELECTRONICOS"
"__export__.product_template_1001_d492acbf","ZMM18V","0.0","0.0","0.0","product.product_category_all","0.0","1.0","98-ZMM18V","1","Almacenable","uom.product_uom_unit","COMPONENTES ELECTRONICOS"
"__export__.product_template_978_e03f43e6","ZMM20V","0.0","0.0","0.0","product.product_category_all","0.0","1.0","98-ZMM20V","1","Almacenable","uom.product_uom_unit","COMPONENTES ELECTRONICOS"
"__export__.product_template_983_692a4a9e","ZMM22V","0.0","0.0","0.0","product.product_category_all","0.0","1.0","98-ZMM22V","1","Almacenable","uom.product_uom_unit","COMPONENTES ELECTRONICOS"
"__export__.product_template_986_aa3670dd","ZMM24V","0.0","0.0","0.0","product.product_category_all","0.0","1.0","98-ZMM24V","1","Almacenable","uom.product_uom_unit","COMPONENTES ELECTRONICOS"
"__export__.product_template_981_24498d54","ZMM27V","0.0","0.0","0.0","product.product_category_all","0.0","1.0","98-ZMM27V","1","Almacenable","uom.product_uom_unit","COMPONENTES ELECTRONICOS"
"__export__.product_template_1005_2c0ebc43","ZMM2V0","0.0","0.0","0.0","product.product_category_all","0.0","1.0","98-ZMM2V0","1","Almacenable","uom.product_uom_unit","COMPONENTES ELECTRONICOS"
"__export__.product_template_1004_14a551a3","ZMM2V2","0.0","0.0","0.0","product.product_category_all","0.0","1.0","98-ZMM2V2","1","Almacenable","uom.product_uom_unit","COMPONENTES ELECTRONICOS"
"__export__.product_template_976_f3caad06","ZMM2V4","0.0","0.0","0.0","product.product_category_all","0.0","1.0","98-ZMM2V4","1","Almacenable","uom.product_uom_unit","COMPONENTES ELECTRONICOS"
"__export__.product_template_977_46b3665a","ZMM2V7","0.0","0.0","0.0","product.product_category_all","0.0","1.0","98-ZMM2V7","1","Almacenable","uom.product_uom_unit","COMPONENTES ELECTRONICOS"
"__export__.product_template_988_e6250b4c","ZMM30V","0.0","0.0","0.0","product.product_category_all","0.0","1.0","98-ZMM30V","1","Almacenable","uom.product_uom_unit","COMPONENTES ELECTRONICOS"
"__export__.product_template_997_31f90fda","ZMM33V","0.0","0.0","0.0","product.product_category_all","0.0","1.0","98-ZMM33V","1","Almacenable","uom.product_uom_unit","COMPONENTES ELECTRONICOS"
"__export__.product_template_979_48caa602","ZMM36V","0.0","0.0","0.0","product.product_category_all","0.0","1.0","98-ZMM36V","1","Almacenable","uom.product_uom_unit","COMPONENTES ELECTRONICOS"
"__export__.product_template_1000_2f210970","ZMM39","0.0","0.0","0.0","product.product_category_all","0.0","1.0","98-ZMM39","1","Almacenable","uom.product_uom_unit","COMPONENTES ELECTRONICOS"
"__export__.product_template_995_2ed424e6","ZMM3V0","0.0","0.0","0.0","product.product_category_all","0.0","1.0","98-ZMM3V0","1","Almacenable","uom.product_uom_unit","COMPONENTES ELECTRONICOS"
"__export__.product_template_999_53c9af9f","ZMM3V3","0.0","0.0","0.0","product.product_category_all","0.0","1.0","98-ZMM3V3","1","Almacenable","uom.product_uom_unit","COMPONENTES ELECTRONICOS"
"__export__.product_template_1003_8f24c0f6","ZMM3V6","0.0","0.0","0.0","product.product_category_all","0.0","1.0","98-ZMM3V6","1","Almacenable","uom.product_uom_unit","COMPONENTES ELECTRONICOS"
"__export__.product_template_987_178a9ac4","ZMM3V9","0.0","0.0","0.0","product.product_category_all","0.0","1.0","98-ZMM3V9","1","Almacenable","uom.product_uom_unit","COMPONENTES ELECTRONICOS"
"__export__.product_template_996_5987421e","ZMM43V","0.0","0.0","0.0","product.product_category_all","0.0","1.0","98-ZMM43V","1","Almacenable","uom.product_uom_unit","COMPONENTES ELECTRONICOS"
"__export__.product_template_985_71d6d0b4","ZMM47","0.0","0.0","0.0","product.product_category_all","0.0","1.0","98-ZMM47","1","Almacenable","uom.product_uom_unit","COMPONENTES ELECTRONICOS"
"__export__.product_template_975_fbd086a3","ZMM4V3","0.0","0.0","0.0","product.product_category_all","0.0","1.0","98-ZMM4V3","1","Almacenable","uom.product_uom_unit","COMPONENTES ELECTRONICOS"
"__export__.product_template_1002_7a885c42","ZMM4V7","0.0","0.0","0.0","product.product_category_all","0.0","1.0","98-ZMM4V7","1","Almacenable","uom.product_uom_unit","COMPONENTES ELECTRONICOS"
"__export__.product_template_973_cf9091d4","ZMM5V1","0.0","0.0","0.0","product.product_category_all","0.0","1.0","98-ZMM5V1","1","Almacenable","uom.product_uom_unit","COMPONENTES ELECTRONICOS"
"__export__.product_template_974_998b74af","ZMM5V6","0.0","0.0","0.0","product.product_category_all","0.0","1.0","98-ZMM5V6","1","Almacenable","uom.product_uom_unit","COMPONENTES ELECTRONICOS"
"__export__.product_template_998_0fbf9acd","ZMM6V2","0.0","0.0","0.0","product.product_category_all","0.0","1.0","98-ZMM6V2","1","Almacenable","uom.product_uom_unit","COMPONENTES ELECTRONICOS"
"__export__.product_template_993_0a6483fb","ZMM6V8","0.0","0.0","0.0","product.product_category_all","0.0","1.0","98-ZMM6V8","1","Almacenable","uom.product_uom_unit","COMPONENTES ELECTRONICOS"
"__export__.product_template_992_5455318e","ZMM7V5","0.0","0.0","0.0","product.product_category_all","0.0","1.0","98-ZMM7V5","1","Almacenable","uom.product_uom_unit","COMPONENTES ELECTRONICOS"
"__export__.product_template_1006_f98315d0","ZMM8V2","0.0","0.0","0.0","product.product_category_all","0.0","1.0","98-ZMM8V2","1","Almacenable","uom.product_uom_unit","COMPONENTES ELECTRONICOS"
"__export__.product_template_1007_a8533f8f","ZMM9V1","0.0","0.0","0.0","product.product_category_all","0.0","1.0","98-ZMM9V1","1","Almacenable","uom.product_uom_unit","COMPONENTES ELECTRONICOS"
"__export__.product_template_949_04697608","Zócalo para CI de 16 pin","0.0","0.0","0.0","product.product_category_all","0.0","1.0","667-ZCI","1","Almacenable","uom.product_uom_unit","COMPONENTES ELECTRONICOS"
"__export__.product_template_952_795eaf32","Zócalo para CI de 8 pin","0.0","0.0","0.0","product.product_category_all","0.0","1.0","766-ZCI","1","Almacenable","uom.product_uom_unit","COMPONENTES ELECTRONICOS"
"__export__.product_template_279_2c92d569","fff","0.0","0.0","0.0","product.product_category_all","0.0","1.0","","1","Consumible","uom.product_uom_unit","COMPONENTES ELECTRONICOS"
"__export__.product_template_77_00bc5196","filtro Drager","10.0","10.0","10.0","product.product_category_all","0.0","560.0","8411848","1","Almacenable","uom.product_uom_unit","COMPONENTES ELECTRONICOS"
"__export__.product_template_266_85adb53d","filtro bacteriologico","0.0","0.0","0.0","product.product_category_all","0.0","850.0","bacteri","1","Almacenable","uom.product_uom_unit","COMPONENTES ELECTRONICOS"
"__export__.product_template_1199_9cd28028","flujome","0.0","0.0","0.0","product.product_category_all","0.0","0.0","","1","Consumible","uom.product_uom_unit","COMPONENTES ELECTRONICOS"
"__export__.product_template_778_978bf88c","lamina de plomo Safeboard FR 12.5 GKF 2500mm x 625 mm","0.0","0.0","0.0","product.product_category_all","0.0","2598.75","Safeboard FR 12.5 GKF 2500mm x 625 mm","1","Almacenable","uom.product_uom_unit","COMPONENTES ELECTRONICOS"
"__export__.product_template_226_7c4954b1","regulador SRA202-NO1-x214","0.0","0.0","0.0","product.product_category_all","0.0","1100.0","sra202-no1-x214","1","Almacenable","uom.product_uom_unit","COMPONENTES ELECTRONICOS"
"__export__.product_template_560_541bbed6","transistores, BJT, MOSFET, diodos, Schottky, conmutación, regulador de voltaje,","0.0","0.0","0.0","product.product_category_all","0.0","1.0","transistores, BJT, MOSFET, diodos, Schottky, conmutación, regulador de voltaje,","1","Almacenable","uom.product_uom_unit","COMPONENTES ELECTRONICOS"
"__export__.product_template_477_31bfb17c","ÍTEM KIT","0.0","0.0","0.0","product.product_category_all","0.0","70000.0","KIT-V.","1","Almacenable","uom.product_uom_unit","COMPONENTES ELECTRONICOS"
